Species,NP_001005920.3-Cupin_8__coords_52--261,NP_001005920.3-N__coords_1--51,NP_001005920.3-YY-Cupin_4__coords_173--263,NP_001009999.1-Amino_oxidase__coords_308--850,NP_001009999.1-N__coords_1--197,NP_001009999.1-SWIRM__coords_198--284,NP_001009999.1-YY-DAO__coords_300--422,NP_001009999.1-YY-FAD_binding_2__coords_300--347,NP_001009999.1-YY-NAD_binding_8__coords_303--366,NP_001009999.1-YY-Pyr_redox__coords_300--348,NP_001034782.1-C__coords_257--315,NP_001034782.1-Cupin_8__coords_16--256,NP_001034782.1-YY-Cupin_4__coords_16--308,NP_001036068.1-ARID__coords_86--170,NP_001036068.1-C__coords_1219--1690,NP_001036068.1-JmjC__coords_470--586,NP_001036068.1-JmjN__coords_20--53,NP_001036068.1-PHD__coords_1163--1218,NP_001036068.1-PHD__coords_295--343,NP_001036068.1-PLU-1__coords_741--1072,NP_001036068.1-XX__coords_171--294,NP_001036068.1-XX__coords_344--469,NP_001036068.1-XX__coords_54--85,NP_001036068.1-XX__coords_587--679,NP_001036068.1-zf-C5HC2__coords_680--728,NP_001073893.1-C__coords_1486--1682,NP_001073893.1-JmjC__coords_1377--1485,NP_001073893.1-N__coords_1--1376,NP_001074930.1-C__coords_289--414,NP_001074930.1-JmjC__coords_174--288,NP_001074930.1-N__coords_1--173,NP_001074930.1-YY-C__coords_295--414,NP_001074930.1-YY-Cupin_8__coords_56--294,NP_001108104.1-Cupin_8__coords_38--298,NP_001108104.1-N__coords_1--37,NP_001120680.1-C__coords_1906--2002,NP_001120680.1-N__coords_1--1289,NP_001120680.1-Tet_JBP__coords_1290--1905,NP_001138820.1-Cupin_8__coords_230--454,NP_001138820.1-N__coords_1--229,NP_001138820.1-YY-Cupin_4__coords_278--453,NP_001140177.1-ARID__coords_81--165,NP_001140177.1-C__coords_1119--1570,NP_001140177.1-JmjC__coords_522--638,NP_001140177.1-JmjN__coords_15--48,NP_001140177.1-PHD__coords_316--364,NP_001140177.1-PLU-1__coords_793--1118,NP_001140177.1-XX__coords_166--315,NP_001140177.1-XX__coords_365--521,NP_001140177.1-XX__coords_49--80,NP_001140177.1-XX__coords_639--731,NP_001140177.1-ZZ-zf-C5HC2__coords_732--780,NP_001155102.1-C__coords_293--506,NP_001155102.1-JmjC__coords_176--292,NP_001155102.1-JmjN__coords_16--50,NP_001155102.1-XX__coords_51--175,NP_001171825.1-C__coords_478--1060,NP_001171825.1-JHD__coords_374--477,NP_001171825.1-JmjC__coords_270--370,NP_001171825.1-N__coords_1--42,NP_001171825.1-PHD__coords_43--92,NP_001171825.1-XX__coords_93--162,NP_001171825.1-YY-Cupin_8__coords_163--382,NP_001245178.1-C__coords_1286--1444,NP_001245178.1-JmjC__coords_1177--1285,NP_001245178.1-N__coords_1--201,NP_001245178.1-XX__coords_233--1176,NP_001274420.1-C__coords_1698--1795,NP_001274420.1-N__coords_1--984,NP_001274420.1-Tet_JBP__coords_1616--1697,NP_001274420.1-Tet_JBP__coords_985--1331,NP_001274420.1-XX__coords_1332--1615,NP_001278344.1-C__coords_1294--1453,NP_001278344.1-JmjC__coords_1185--1293,NP_001278344.1-N__coords_1--204,NP_001278344.1-XX__coords_236--1184,NP_001300971.1-ARID__coords_99--183,NP_001300971.1-JmjC__coords_522--638,NP_001300971.1-JmjN__coords_34--65,NP_001300971.1-N__coords_1--33,NP_001300971.1-PHD__coords_1214--1260,NP_001300971.1-PHD__coords_1522--1574,NP_001300971.1-PHD__coords_347--395,NP_001300971.1-PLU-1__coords_793--1124,NP_001300971.1-XX__coords_1125--1213,NP_001300971.1-XX__coords_1261--1521,NP_001300971.1-XX__coords_184--346,NP_001300971.1-XX__coords_396--521,NP_001300971.1-XX__coords_639--731,NP_001300971.1-XX__coords_66--98,NP_001300971.1-zf-C5HC2__coords_732--780,NP_001351543.1-Amino_oxidase__coords_392--820,NP_001351543.1-N__coords_1--137,NP_001351543.1-SWIRM__coords_282--364,NP_001351543.1-XX__coords_192--281,NP_001351543.1-YY-FAD_binding_2__coords_384--422,NP_001351543.1-YY-FAD_binding_3__coords_382--417,NP_001351543.1-YY-HI0933_like__coords_383--422,NP_001351543.1-YY-NAD_binding_8__coords_387--454,NP_001351543.1-YY-Pyr_redox_2__coords_383--482,NP_001351543.1-YY-Pyr_redox__coords_384--431,NP_001351543.1-YY-Thi4__coords_373--444,NP_001351543.1-zf-CW__coords_138--191,NP_004178.2-ARID__coords_81--165,NP_004178.2-C__coords_1101--1560,NP_004178.2-JmjN__coords_15--48,NP_004178.2-PHD__coords_326--374,NP_004178.2-PLU-1__coords_772--1100,NP_004178.2-XX__coords_166--325,NP_004178.2-XX__coords_375--500,NP_004178.2-XX__coords_49--80,NP_004178.2-XX__coords_501--617,NP_004178.2-XX__coords_618--710,NP_004178.2-ZZ-zf-C5HC2__coords_711--759,NP_004964.2-ARID__coords_604--709,NP_004964.2-C__coords_1193--1246,NP_004964.2-JmjC__coords_916--1031,NP_004964.2-JmjN__coords_558--591,NP_004964.2-N__coords_1--557,NP_004964.2-XX__coords_1032--1138,NP_004964.2-XX__coords_710--915,NP_004964.2-zf-C5HC2__coords_1139--1192,NP_005135.2-C__coords_1141--1189,NP_005135.2-JmjC__coords_1026--1140,NP_005135.2-N__coords_1--1025,NP_005383.3-C__coords_444--1096,NP_005383.3-JHD__coords_340--443,NP_005383.3-JmjC__coords_236--336,NP_005383.3-PHD__coords_7--56,NP_005383.3-XX__coords_57--141,NP_005383.3-YY-Cupin_8__coords_142--326,NP_036440.1-C__coords_936--1162,NP_036440.1-F-box__coords_891--935,NP_036440.1-JHD__coords_303--367,NP_036440.1-N__coords_1--302,NP_036440.1-PHD_4__coords_614--676,NP_036440.1-XX__coords_368--613,NP_036440.1-XX__coords_677--890,NP_036440.1-YY-F-box-like__coords_895--936,NP_055478.2-C__coords_995--1064,NP_055478.2-JmjC__coords_175--291,NP_055478.2-JmjN__coords_15--49,NP_055478.2-PHD_2__coords_732--767,NP_055478.2-Tudor_2__coords_902--936,NP_055478.2-Tudor_2__coords_960--994,NP_055478.2-XX__coords_292--731,NP_055478.2-XX__coords_50--174,NP_055478.2-YY-zf-HC5HC2H__coords_795--885,NP_055478.2-zf-HC5HC2H_2__coords_774--884,NP_055830.1-C__coords_1015--1096,NP_055830.1-JmjC__coords_176--292,NP_055830.1-JmjN__coords_16--50,NP_055830.1-PHD_2__coords_754--787,NP_055830.1-Tudor_2__coords_922--956,NP_055830.1-Tudor_2__coords_980--1014,NP_055830.1-XX__coords_293--753,NP_055830.1-XX__coords_51--175,NP_055830.1-YY-zf-HC5HC2H__coords_817--907,NP_055830.1-zf-HC5HC2H_2__coords_795--906,NP_055876.2-C__coords_975--1056,NP_055876.2-JmjC__coords_177--293,NP_055876.2-JmjN__coords_17--51,NP_055876.2-Tudor_2__coords_882--916,NP_055876.2-Tudor_2__coords_940--974,NP_055876.2-XX__coords_294--752,NP_055876.2-XX__coords_52--176,NP_055876.2-YY-zf-HC5HC2H__coords_775--865,NP_055876.2-zf-HC5HC2H_2__coords_753--864,NP_057688.3-C__coords_1705--1761,NP_057688.3-JmjC__coords_1594--1704,NP_057688.3-N__coords_1--1593,NP_060372.2-C__coords_303--349,NP_060372.2-Cupin_8__coords_48--302,NP_060372.2-N__coords_1--47,NP_060372.2-YY-Cupin_4__coords_181--323,NP_060509.2-C__coords_296--523,NP_060509.2-JmjC__coords_179--295,NP_060509.2-JmjN__coords_19--53,NP_060509.2-XX__coords_54--178,NP_060903.2-C__coords_1265--1321,NP_060903.2-JmjC__coords_1151--1264,NP_060903.2-N__coords_1--1150,NP_075383.2-C__coords_331--463,NP_075383.2-JmjC__coords_222--330,NP_075383.2-N__coords_1--221,NP_075383.2-YY-C__coords_337--463,NP_075383.2-YY-Cupin_8__coords_87--336,NP_078886.2-C__coords_280--488,NP_078886.2-Cupin_8__coords_30--279,NP_078886.2-YY-C__coords_383--488,NP_078886.2-YY-Cupin_4__coords_161--382,NP_078920.2-C__coords_558--641,NP_078920.2-Cupin_4__coords_215--557,NP_078920.2-N__coords_1--214,NP_085128.2-C__coords_2053--2136,NP_085128.2-N__coords_1--1579,NP_085128.2-Tet_JBP__coords_1580--2052,NP_085150.1-C__coords_477--941,NP_085150.1-JHD__coords_373--476,NP_085150.1-JmjC__coords_269--369,NP_085150.1-PHD__coords_39--88,NP_085150.1-XX__coords_89--173,NP_085150.1-YY-Cupin_8__coords_174--375,NP_115979.3-C__coords_724--1336,NP_115979.3-Cupin_8__coords_116--335,NP_115979.3-JHD__coords_333--396,NP_115979.3-N__coords_1--115,NP_115979.3-PHD_4__coords_656--723,NP_115979.3-XX__coords_397--605,NP_115979.3-zf-CXXC__coords_606--651,NP_116165.1-C__coords_2482--2540,NP_116165.1-JmjC__coords_2381--2481,NP_116165.1-N__coords_1--2380,NP_694822.2-C__coords_365--465,NP_694822.2-Cupin_4__coords_51--364,NP_694822.2-N__coords_1--50
Absc_term,0,0,0,0,0,0,0,0,0,0,0,0,0,0,0,0,0,0,0,0,0,0,0,0,0,0,1,0,0,0,0,0,0,0,0,0,0,0,0,0,0,0,0,0,0,0,0,0,0,1,0,0,0,0,0,0,0,0,1,0,0,0,0,0,0,0,0,0,0,0,0,0,0,0,0,0,0,0,0,0,0,0,0,0,0,0,0,0,0,0,0,0,0,0,0,0,0,0,0,0,0,0,0,0,0,0,0,0,0,0,1,0,0,1,0,0,0,0,0,0,0,0,0,1,0,0,0,0,0,0,0,0,0,0,0,0,0,0,0,0,0,0,0,0,0,0,0,0,0,0,0,0,0,0,0,0,0,0,0,0,0,0,0,0,0,0,0,0,0,0,0,0,0,0,0,0,0,0,0,0,0,0,0,0,0,0,0,0,0,0,0,0,0,0,0,0,0,0,0,0,0,0,0,0,0,0,0,0,0,0,0,0,0,0,0,0
Acan_cast,0,0,0,0,0,0,0,0,0,0,0,0,0,0,0,0,0,0,0,0,0,0,0,0,0,0,0,0,0,0,0,0,0,0,0,0,0,0,0,0,0,0,0,0,0,0,0,0,0,0,0,0,0,0,0,0,0,0,0,0,0,0,0,0,0,0,0,0,0,0,0,0,0,0,0,0,0,0,0,0,0,0,0,0,0,0,0,0,0,0,0,0,0,0,0,0,0,0,0,0,0,0,0,0,0,0,0,0,0,0,0,0,0,0,0,0,0,0,0,0,0,0,0,0,0,0,0,0,0,0,0,0,0,0,0,0,0,0,0,0,0,0,0,0,0,0,0,0,0,0,0,0,0,0,0,0,0,0,0,0,0,0,0,0,0,0,0,0,0,0,0,0,0,0,0,0,0,0,0,0,0,0,0,0,0,0,0,0,0,0,0,0,0,0,0,0,0,0,0,0,0,0,0,0,0,0,0,0,0,0,0,0,0,1,1,0
Acan_chlo,0,0,0,1,0,1,1,1,1,1,0,0,0,0,1,0,0,1,0,0,0,0,0,0,0,0,0,0,0,0,0,0,0,0,0,0,1,0,0,0,0,0,2,0,0,0,0,0,0,0,0,0,0,0,0,0,0,0,1,0,0,0,0,1,1,0,1,0,0,0,0,0,1,1,0,1,0,0,0,0,0,0,0,0,0,0,0,0,0,0,0,0,0,0,0,1,1,1,0,0,0,0,0,0,2,0,0,0,0,0,0,0,0,0,0,0,0,0,0,0,0,0,0,1,1,1,1,1,0,1,1,0,0,0,0,0,0,0,0,0,1,0,1,1,1,3,0,1,1,1,0,0,1,1,2,1,0,1,1,0,0,0,1,1,0,0,0,0,1,1,1,1,1,0,1,0,0,0,0,1,1,0,1,1,1,1,1,1,1,0,1,1,0,0,0,0,0,1,1,1,0,1,1,0,0,0,0,0,0,0,0,1,1,0,0,0
Acan_plan,0,0,0,0,1,0,0,0,0,0,1,0,0,0,0,0,0,0,0,0,0,0,0,0,0,0,0,0,0,0,0,0,0,1,0,0,0,0,0,1,0,0,0,0,0,0,1,1,0,1,1,1,0,0,0,0,0,0,0,0,0,0,0,0,0,1,0,0,0,0,0,0,0,0,1,0,0,0,0,0,0,0,0,0,0,0,0,0,0,0,0,0,0,0,0,0,0,0,0,0,0,0,0,0,0,0,0,1,1,0,1,0,1,1,0,0,0,0,0,0,0,0,0,0,0,0,0,0,0,0,0,0,0,0,0,0,0,0,0,0,0,0,0,0,0,0,0,0,0,0,0,0,0,0,0,0,0,0,0,0,0,0,0,0,0,0,0,0,0,0,0,0,0,0,0,0,0,0,0,0,0,0,0,1,0,0,1,0,0,0,0,1,0,0,0,0,0,0,0,0,0,0,0,0,0,0,0,0,0,0,0,0,0,1,1,0
Acan_poly,1,0,0,1,1,1,1,1,0,1,0,1,1,1,1,1,3,1,1,1,1,1,1,1,1,2,3,4,1,0,1,1,1,1,0,0,2,1,1,1,1,3,3,1,3,1,1,2,1,1,2,2,1,0,1,0,1,2,1,0,2,1,1,0,0,2,2,1,2,1,1,0,1,0,2,2,2,0,3,0,1,1,0,1,0,1,1,0,0,2,0,1,1,1,0,2,2,1,1,1,1,1,0,3,3,4,0,1,1,1,0,1,2,2,0,0,1,0,0,1,0,1,0,1,0,1,2,1,2,1,1,0,0,1,1,0,1,0,0,0,0,0,0,0,0,0,0,0,1,0,0,2,2,0,0,2,1,0,0,2,0,2,1,1,2,0,0,1,1,1,0,1,1,1,1,0,0,1,0,1,0,0,1,1,1,1,1,0,0,0,0,1,1,0,1,2,0,0,1,0,2,1,1,2,1,0,1,1,1,2,1,0,0,0,0,0
Acci_nisu,1,0,1,0,0,0,0,0,0,0,1,1,1,2,1,1,1,1,1,1,1,1,1,1,1,0,0,0,1,1,1,1,1,1,1,1,1,1,1,1,1,3,1,1,1,2,1,1,2,2,2,1,0,0,2,1,1,2,1,0,1,0,1,1,1,0,1,1,1,2,1,1,1,1,0,1,1,1,1,0,1,1,1,1,1,1,1,1,1,1,1,1,1,1,1,0,0,0,1,1,1,1,1,3,1,1,2,1,2,2,2,2,1,1,1,1,1,1,1,1,1,1,0,2,2,1,1,1,1,1,1,1,1,1,1,1,1,1,1,1,1,1,1,1,1,1,1,1,1,2,0,3,1,2,2,2,1,1,1,0,1,2,2,2,0,2,1,1,1,1,1,1,1,1,1,0,0,1,1,1,2,1,1,1,1,1,1,1,1,1,1,1,1,0,1,2,3,1,1,1,0,1,1,1,2,1,1,1,1,1,0,1,1,1,1,1
Acer_yang,0,0,0,0,0,0,0,0,0,0,0,0,0,0,0,0,0,0,0,0,0,0,0,0,0,0,0,0,0,0,0,0,0,0,0,0,0,0,0,0,0,0,0,0,0,0,0,0,0,0,0,0,0,0,0,0,0,0,0,0,0,0,0,0,0,0,0,0,0,0,0,0,0,0,0,0,0,0,0,0,0,0,0,0,0,0,0,0,0,0,0,0,0,0,0,0,0,1,0,0,0,0,0,0,0,0,0,0,0,0,0,0,0,0,0,0,0,0,0,0,0,0,0,0,0,0,0,0,0,0,0,0,0,0,0,0,0,0,0,0,0,0,0,0,0,0,0,0,0,0,0,0,0,0,0,0,0,0,0,0,0,0,0,0,0,0,0,0,0,0,0,0,0,0,0,0,0,0,0,0,0,0,0,0,0,0,0,0,0,0,0,0,0,0,0,0,0,0,0,0,0,0,0,0,0,0,0,0,0,0,0,0,0,0,0,0
Acin_juba,1,0,1,1,1,1,1,1,1,1,1,1,1,1,1,1,1,1,1,1,1,1,1,1,1,1,1,5,1,1,1,1,1,1,1,1,1,1,1,1,1,2,2,2,2,3,2,2,2,3,2,2,4,4,2,4,1,1,2,0,1,1,1,2,2,2,2,1,1,1,1,1,2,2,2,2,1,1,1,1,1,1,1,1,1,1,1,1,1,1,1,1,1,1,1,1,1,1,1,1,1,1,1,2,2,2,2,3,2,2,2,2,2,2,1,1,1,1,1,1,1,1,1,2,3,1,1,2,1,1,2,1,1,1,1,1,1,1,1,1,1,1,1,1,1,1,1,1,1,2,2,1,2,2,1,1,1,2,1,2,1,2,1,1,1,1,1,1,1,1,1,1,1,1,1,4,4,3,3,1,2,3,1,1,1,1,1,1,1,1,1,1,1,1,1,1,1,1,1,1,1,1,1,1,1,1,2,1,1,1,1,1,1,1,1,1
Acip_ruth,1,0,1,0,2,1,2,0,1,0,1,0,1,0,1,1,1,1,1,1,1,0,0,1,1,0,2,0,0,0,1,0,1,0,0,2,2,0,0,1,0,0,2,0,0,0,1,0,0,0,1,1,0,0,0,0,1,0,1,0,0,0,1,1,1,2,2,2,2,0,2,0,1,1,2,2,0,1,1,0,1,1,0,1,1,1,1,1,1,0,0,0,0,0,0,0,0,0,0,0,0,0,0,0,2,0,0,0,0,0,0,0,1,0,2,1,0,2,2,2,2,1,0,0,0,1,0,0,0,2,1,0,0,0,0,0,0,0,0,2,2,2,1,0,0,4,0,0,0,0,0,0,2,0,0,2,0,1,1,0,0,0,1,1,0,0,1,1,0,0,1,1,0,2,0,0,0,0,0,0,0,0,1,0,1,1,1,1,0,1,1,0,0,0,2,2,0,1,1,1,1,2,1,0,0,0,0,0,0,0,2,1,0,1,2,2
Acro_arun,1,0,1,1,0,1,1,1,1,1,1,1,1,1,1,1,1,1,1,1,1,1,1,1,1,1,0,0,1,1,1,1,1,1,0,1,1,1,1,1,1,0,0,1,0,0,1,0,0,0,0,0,0,0,0,0,1,1,0,0,0,1,2,1,1,0,0,1,1,2,1,1,1,1,0,0,1,1,0,0,1,1,1,1,1,1,1,1,1,0,1,1,1,1,1,1,1,1,1,1,1,1,1,0,0,0,0,0,1,0,1,0,0,0,1,1,1,1,1,1,1,1,0,0,1,1,1,1,0,0,1,1,2,1,1,1,1,1,1,1,1,1,1,1,1,1,1,1,1,0,0,0,0,0,0,0,0,0,0,0,1,0,0,0,1,2,1,1,1,1,1,1,1,1,1,0,0,0,0,0,0,0,0,0,0,0,0,1,1,1,1,1,1,0,1,0,2,1,1,1,0,1,1,1,0,2,0,1,1,1,1,1,1,0,0,0
Acro_char,0,0,0,0,0,0,0,0,0,0,0,0,0,0,0,0,0,0,0,0,0,0,0,0,0,0,0,0,0,0,0,0,0,0,0,0,0,0,0,0,0,0,1,0,0,0,0,0,0,0,0,0,0,0,0,0,0,0,0,0,0,0,0,0,0,1,0,0,0,0,0,0,0,0,1,0,0,0,0,0,0,0,0,0,0,0,0,0,0,0,0,0,0,0,0,0,0,0,0,0,0,0,0,0,1,0,0,0,0,0,0,0,0,1,0,0,0,0,0,0,0,0,0,1,0,0,0,0,0,0,0,0,0,0,0,0,0,0,0,0,0,0,0,0,0,0,0,0,0,0,0,0,0,0,0,0,0,0,0,0,0,0,0,0,0,0,0,0,0,0,0,0,0,0,0,0,0,0,0,0,0,0,0,0,0,0,0,0,0,0,0,0,0,0,0,0,0,0,0,0,0,0,0,0,0,0,0,0,0,0,0,0,0,0,0,0
Acro_echi,0,0,0,0,0,0,0,0,0,0,0,0,0,0,0,0,0,0,0,0,0,0,0,0,0,0,0,0,0,0,0,0,0,1,0,0,0,0,0,0,0,1,1,0,0,0,0,0,0,0,0,0,0,0,0,0,0,0,0,0,0,0,0,0,0,0,0,0,0,0,0,0,0,0,0,0,0,0,0,0,0,0,0,0,0,0,0,0,0,0,0,0,0,0,0,0,0,0,0,0,0,0,0,1,1,0,0,0,0,0,0,0,0,1,0,0,0,0,0,0,0,0,0,0,0,0,0,0,0,0,0,0,0,0,0,0,0,0,0,0,0,0,0,0,0,0,0,0,0,0,0,0,0,0,0,0,0,0,0,0,0,0,0,0,0,0,0,0,0,0,0,0,0,0,0,0,0,0,0,0,0,0,0,0,0,0,0,0,0,0,0,0,0,0,0,0,0,0,0,0,0,0,0,0,0,0,0,0,0,0,0,0,0,1,0,0
Acro_heye,0,0,0,0,0,0,0,0,0,0,0,0,0,0,0,0,0,0,0,0,0,0,0,0,0,0,0,0,0,0,0,0,0,1,0,0,0,0,0,0,0,0,1,0,0,0,0,0,0,0,0,0,0,0,0,0,0,0,0,0,0,0,0,0,0,1,0,0,0,0,0,0,0,0,1,0,0,0,0,0,0,0,0,0,0,0,0,0,0,0,0,0,0,0,0,0,0,0,0,0,0,0,0,0,1,0,0,0,0,0,0,0,0,0,0,0,0,0,0,0,0,0,0,1,0,0,0,0,0,0,0,0,0,0,0,0,0,0,0,0,0,0,0,0,0,0,0,0,0,0,0,0,0,0,0,0,0,0,0,0,0,0,0,0,0,0,0,0,0,0,0,0,0,0,0,0,0,0,0,0,0,0,0,0,0,0,0,0,0,0,0,0,0,0,0,0,0,0,0,0,0,0,0,0,0,0,0,0,0,0,0,0,0,0,0,0
Acti_tene,0,0,0,0,0,0,0,0,0,0,0,0,0,0,0,0,0,0,0,0,0,0,0,0,0,0,0,0,0,0,0,0,0,0,0,0,0,0,0,1,0,0,0,0,0,0,0,0,0,0,0,0,0,0,0,0,0,0,0,0,0,0,0,0,0,1,0,0,0,0,0,0,0,0,1,0,0,0,0,0,0,0,0,0,0,0,0,0,0,0,0,0,0,0,0,1,1,1,1,0,1,0,0,0,0,0,0,0,0,0,0,0,0,0,0,0,0,0,0,0,0,0,0,0,0,0,0,0,0,0,0,0,0,0,0,0,0,0,0,0,0,0,0,0,0,0,0,0,0,0,0,0,0,0,0,0,0,0,0,0,0,0,0,0,0,0,0,0,0,0,0,0,0,0,0,0,0,0,0,0,0,0,0,0,0,0,0,0,0,0,0,1,1,0,0,0,0,0,0,0,0,0,0,0,0,0,0,0,0,0,0,0,0,1,2,0
Acyr_pisu,0,0,0,0,0,0,0,0,0,0,0,0,0,0,0,0,0,0,0,0,0,0,0,0,0,0,0,0,0,0,0,0,0,0,0,0,0,0,0,0,0,0,0,0,0,0,0,0,0,0,0,0,0,0,0,0,0,0,0,0,0,0,0,0,0,1,0,0,0,0,0,0,0,0,0,0,0,0,0,0,0,0,0,0,0,0,0,0,0,0,0,0,0,0,0,0,0,0,0,0,0,0,0,0,0,0,0,0,0,0,0,0,0,0,0,0,0,0,0,0,0,0,0,0,0,0,0,0,0,0,0,0,0,0,0,0,0,0,0,0,0,0,0,0,0,0,0,0,0,0,0,0,0,0,0,0,0,0,0,0,0,0,0,0,0,0,0,0,0,0,0,0,0,0,0,0,0,0,0,0,0,0,0,0,0,0,0,0,0,0,0,0,0,0,0,0,0,0,0,0,0,0,0,0,0,0,0,0,0,0,0,0,0,0,0,0
Adin_ricc,0,0,0,0,0,0,0,0,0,0,0,0,0,0,0,0,0,0,0,0,0,0,0,0,0,0,0,0,0,0,0,0,0,0,0,0,0,0,0,2,0,0,0,0,0,0,0,0,0,0,0,0,0,0,0,0,0,0,0,0,0,0,0,0,0,0,0,0,0,0,0,0,0,0,0,0,0,0,0,0,0,0,0,0,0,0,0,0,0,0,0,0,0,0,0,0,0,0,0,0,0,0,0,0,0,0,0,0,0,0,0,0,0,0,0,0,0,0,0,0,0,0,0,0,0,0,0,0,0,0,0,0,0,0,0,0,0,0,0,0,0,0,0,0,0,0,0,0,0,0,0,0,0,0,0,0,0,0,0,0,0,0,0,0,0,0,0,0,0,0,0,0,0,0,0,0,0,0,0,0,0,0,0,0,0,0,0,0,0,0,0,0,0,0,0,0,0,0,0,0,0,0,0,0,0,0,0,0,0,0,0,0,0,0,0,0
Adin_stei,0,0,0,0,0,0,0,0,0,0,0,0,0,0,0,0,0,0,0,0,0,0,0,0,0,0,0,0,0,0,0,0,0,0,0,0,0,0,0,2,0,0,0,0,0,0,0,0,0,0,0,0,0,0,0,0,0,0,0,0,0,0,0,0,0,0,0,0,0,0,0,0,0,0,0,0,0,0,0,0,0,0,0,0,0,0,0,0,0,0,0,0,0,0,0,0,0,0,0,0,0,0,0,0,0,0,0,0,0,0,0,0,0,0,0,0,0,0,0,0,0,0,0,0,0,0,0,0,0,0,0,0,0,0,0,0,0,0,0,0,0,0,0,0,0,0,0,0,0,0,0,0,0,0,0,0,0,0,0,0,0,0,0,0,0,0,0,0,0,0,0,0,0,0,0,0,0,0,0,0,0,0,0,0,0,0,0,0,0,0,0,0,0,0,0,0,0,0,0,0,0,0,0,0,0,0,0,0,0,0,0,0,0,0,0,0
Aede_aegy,0,0,0,0,0,0,0,0,0,0,0,0,0,0,0,0,0,0,0,0,0,0,0,0,0,0,1,0,0,0,0,0,0,0,0,0,0,0,0,0,0,0,0,0,0,0,0,0,0,0,0,1,0,0,0,0,0,0,0,0,0,0,0,0,0,2,0,0,0,0,0,0,0,0,1,0,0,0,0,0,0,0,0,0,0,0,0,0,0,0,0,0,0,0,0,0,0,0,0,0,0,0,0,0,0,0,0,0,0,0,0,0,0,1,0,0,0,0,0,0,0,0,0,0,0,0,0,0,0,0,0,0,0,0,0,0,0,0,0,0,0,0,0,0,0,0,0,0,0,0,0,0,0,0,0,0,0,0,0,0,0,0,0,0,0,0,0,0,0,0,0,0,0,0,0,0,0,0,0,0,0,0,0,0,0,0,0,0,0,0,0,0,0,0,0,0,0,0,0,0,0,0,0,0,0,0,0,0,0,0,0,0,0,0,0,0
Aede_albo,0,0,0,0,0,0,0,0,0,0,0,0,0,0,0,0,0,0,0,0,0,0,0,0,0,0,1,0,0,0,0,0,0,0,0,0,0,0,0,0,0,0,0,0,0,0,0,0,0,0,0,1,0,0,0,0,0,0,0,0,0,0,0,0,0,0,0,0,0,0,0,0,0,0,0,0,0,0,0,0,0,0,0,0,0,0,0,0,0,0,0,0,0,0,0,0,0,0,0,0,0,0,0,0,0,0,0,0,0,0,0,0,0,1,0,0,0,0,0,0,0,0,0,0,0,0,0,0,0,0,0,0,0,0,0,0,0,0,0,0,0,0,0,0,0,0,0,0,0,0,0,0,0,0,0,0,0,0,0,0,0,0,0,0,0,0,0,0,0,0,0,0,0,0,0,0,0,0,0,0,0,0,0,0,0,0,0,0,0,0,0,0,0,0,0,0,0,0,0,0,0,0,0,0,0,0,0,0,0,0,0,0,0,0,0,0
Aegi_caud,1,0,1,1,1,1,1,1,1,1,1,1,1,1,1,1,1,1,1,1,1,1,1,1,1,0,0,0,1,1,1,1,1,0,0,1,1,1,1,0,1,0,0,1,0,0,1,0,1,0,0,0,1,1,0,0,0,0,0,0,0,1,1,1,1,0,0,1,3,1,1,2,1,1,0,0,1,1,0,0,1,1,1,1,1,1,1,1,1,1,1,0,0,0,0,1,1,1,0,0,0,0,0,0,0,0,0,1,1,0,1,1,0,1,1,1,1,1,1,1,1,1,0,1,1,0,0,0,0,0,0,1,1,1,1,1,1,1,1,1,1,0,1,1,1,1,1,1,1,1,1,0,1,1,2,1,1,1,1,0,1,1,0,1,0,0,0,0,1,1,1,1,1,1,1,1,1,0,0,1,1,2,1,1,1,1,1,1,1,1,1,0,0,0,1,2,1,1,1,1,0,1,1,1,2,1,1,1,2,1,0,1,1,1,1,1
Aegi_taus,0,0,0,0,0,0,0,0,0,0,0,0,0,0,0,0,0,0,0,0,0,0,0,0,0,0,0,0,0,0,0,0,0,0,0,0,0,0,0,0,0,0,0,0,0,0,0,0,0,0,0,0,0,0,0,0,0,0,0,0,0,0,0,0,0,0,0,0,0,0,0,0,0,0,0,0,0,0,0,0,0,0,0,0,0,0,0,0,0,0,0,0,0,0,0,0,0,1,0,0,0,0,0,0,0,0,0,0,0,0,0,0,0,0,0,0,0,0,0,0,0,0,0,0,0,0,0,0,0,0,0,0,0,0,0,0,0,0,0,0,0,0,0,0,0,0,0,0,0,0,0,0,0,0,0,0,0,0,0,0,0,0,0,0,0,0,0,0,0,0,0,0,0,0,0,0,0,0,0,0,0,0,0,0,0,0,0,0,0,0,0,0,0,0,0,0,0,0,0,0,0,0,0,0,0,0,0,0,0,0,0,0,0,0,0,0
Aego_benn,0,0,1,1,0,1,1,1,1,1,1,1,1,1,1,1,0,1,1,1,1,1,1,1,1,1,0,0,1,1,1,1,1,1,0,1,1,1,1,0,1,1,0,0,0,1,0,1,1,0,0,0,0,0,0,0,0,0,1,0,0,1,1,1,1,0,0,1,1,0,2,1,1,1,0,0,1,1,0,0,1,1,1,1,1,1,1,1,1,1,1,1,1,1,1,1,1,1,1,1,1,1,1,1,0,0,1,0,1,1,0,0,0,0,1,1,1,1,1,1,1,1,0,0,0,0,0,0,0,0,0,1,1,1,1,1,1,1,1,0,1,0,1,1,1,1,1,1,1,0,1,0,0,0,1,0,0,0,0,0,1,0,0,1,0,0,1,0,1,1,1,1,1,0,1,0,0,0,0,1,1,0,1,1,1,1,1,1,1,1,1,1,1,0,1,2,1,1,1,1,0,1,1,1,1,1,0,1,2,1,0,1,1,0,0,0
Agri_plan,0,0,0,0,0,0,0,0,0,0,0,0,0,0,0,0,0,0,0,0,0,0,0,0,0,0,1,0,0,0,0,0,0,0,0,0,0,0,0,2,0,0,0,0,0,0,0,0,0,1,0,0,0,0,0,0,0,0,0,0,0,0,0,0,0,0,0,0,0,0,0,0,0,0,0,0,0,0,0,0,0,0,0,0,0,0,0,0,0,0,0,0,0,0,0,0,0,0,0,0,0,0,0,0,0,0,0,0,0,0,1,0,1,0,0,0,0,0,0,0,0,0,0,1,0,0,0,0,0,0,0,0,0,0,0,0,0,0,0,0,0,0,0,0,0,0,0,0,0,0,0,0,0,0,0,0,0,0,0,0,0,0,0,0,0,0,0,0,0,0,0,0,0,0,0,0,0,0,0,0,0,0,0,0,0,0,0,0,0,0,0,0,0,0,0,0,0,0,0,0,0,0,0,0,0,0,0,0,0,0,0,0,0,0,0,0
Ailu_mela,1,1,1,1,1,1,1,1,1,1,1,1,1,1,1,1,1,1,1,1,1,1,1,1,1,0,1,3,1,1,1,1,1,1,1,1,1,1,1,1,1,1,1,1,1,2,1,1,1,2,1,1,2,2,2,1,1,1,2,1,1,1,1,1,1,1,1,1,1,1,1,1,1,1,1,1,1,1,0,0,1,0,1,1,1,1,1,1,1,1,1,1,1,1,1,1,1,1,1,1,1,1,1,1,1,1,1,2,1,1,1,1,1,1,1,1,1,2,1,1,1,1,0,2,3,1,1,1,1,1,2,1,1,1,1,2,1,1,1,1,1,1,1,1,1,1,1,1,1,2,2,1,1,2,1,2,1,2,2,2,1,2,1,1,3,1,1,1,1,1,1,1,1,1,1,2,1,2,1,1,2,3,1,1,1,0,1,1,1,1,1,1,1,1,1,1,1,1,1,1,1,1,1,1,1,1,2,1,1,1,2,1,1,1,1,1
Alau_chel,1,0,1,1,0,1,1,1,1,1,1,1,1,1,1,1,1,1,1,1,1,1,1,1,1,1,0,0,1,1,1,1,1,1,0,1,1,1,0,0,0,0,0,1,0,0,1,0,0,0,0,1,1,1,0,1,0,0,0,0,0,1,0,1,1,0,0,1,3,2,1,1,1,1,0,0,1,1,0,0,1,1,1,1,1,1,1,1,1,1,1,1,1,1,1,1,1,1,1,1,1,1,1,0,0,0,1,0,1,0,1,1,0,1,1,1,1,1,1,1,1,1,0,0,0,0,0,0,0,0,0,1,1,1,1,1,1,1,1,1,1,1,1,1,1,1,1,1,1,1,1,0,1,1,1,1,1,1,1,0,0,0,1,0,0,1,1,1,1,1,1,1,1,1,1,1,1,0,1,0,0,3,1,1,1,1,1,1,1,1,1,1,1,0,1,2,2,1,1,1,0,1,1,1,1,2,1,1,1,1,0,1,1,0,0,0
Alca_tord,1,0,1,1,1,1,1,1,1,1,1,1,1,1,1,1,1,1,1,1,1,1,1,1,1,1,0,0,1,1,1,1,1,1,0,1,1,1,1,0,1,0,0,0,0,0,0,0,0,0,0,0,0,0,0,0,1,1,1,0,1,2,1,1,1,0,0,0,0,1,0,0,1,1,0,0,1,1,0,0,1,1,1,1,1,1,1,1,1,1,1,0,0,0,0,1,1,1,0,0,0,0,0,0,0,0,0,0,1,1,1,0,0,0,1,1,1,1,1,1,1,1,0,0,1,1,1,1,1,1,1,0,0,0,0,0,0,0,0,1,1,1,1,1,1,1,1,1,1,0,0,1,0,0,0,0,0,0,0,0,1,0,0,1,0,2,1,0,1,1,1,1,1,1,1,0,0,0,0,1,1,0,1,1,1,1,1,1,1,1,1,1,1,0,1,2,1,1,1,1,1,1,1,0,1,1,1,1,1,1,0,1,1,0,0,0
Alea_rufi,1,0,1,1,1,1,1,1,1,1,1,1,1,1,1,1,1,1,1,1,1,1,1,1,1,1,0,0,1,1,0,1,1,1,0,1,1,1,1,0,1,0,0,1,0,0,1,0,0,0,0,0,1,1,0,0,0,0,0,0,0,2,1,1,1,0,0,1,1,1,1,1,1,1,0,0,1,1,0,0,1,1,1,1,1,1,1,1,1,0,1,1,1,1,1,1,1,2,1,1,1,1,1,0,0,0,1,0,1,0,1,1,0,1,1,1,1,1,1,1,1,1,0,0,1,1,1,1,0,1,1,1,2,1,1,1,1,1,1,1,2,0,1,1,1,1,1,1,1,1,2,0,0,0,2,1,1,0,0,0,2,0,0,1,0,1,1,0,1,1,1,1,1,1,1,1,1,0,0,0,0,2,0,0,0,0,0,1,1,1,1,1,1,0,1,2,1,1,1,1,0,1,1,1,0,1,0,1,1,1,0,1,1,0,0,0
Alec_lath,1,0,1,0,0,0,0,0,0,0,1,1,1,1,1,1,0,1,1,1,1,1,1,1,1,1,0,0,1,1,0,1,1,1,0,0,0,0,1,0,1,1,0,0,0,1,0,0,1,0,0,0,0,0,0,0,0,0,0,0,0,0,1,1,1,0,0,1,3,2,1,1,1,1,0,0,1,1,0,0,0,0,2,0,0,0,1,1,1,1,1,1,1,1,1,0,0,0,1,1,1,1,1,1,0,0,1,1,0,1,0,0,0,0,1,1,1,1,1,1,1,1,0,0,0,0,0,0,0,0,0,1,2,0,0,1,1,1,1,0,0,0,0,0,0,0,0,0,0,0,0,0,0,0,0,0,0,0,0,0,0,0,0,0,0,1,0,0,1,1,1,1,1,0,1,0,0,0,0,1,1,0,1,1,1,1,1,1,1,1,1,0,0,0,1,2,1,1,1,1,0,1,1,1,1,1,1,1,1,1,1,1,1,1,1,1
Alla_fusc,0,0,0,0,0,0,0,0,0,0,0,0,0,0,0,0,0,0,0,0,0,0,0,0,0,0,0,0,0,0,0,0,0,0,0,0,0,0,0,1,0,0,0,0,0,0,0,0,0,1,0,0,0,0,0,0,0,0,0,0,0,0,0,0,0,0,0,0,0,0,0,0,0,0,0,0,0,0,0,0,0,0,0,0,0,0,0,0,0,0,0,0,0,0,0,0,0,0,0,0,0,0,0,0,0,0,0,0,0,0,1,0,0,0,0,0,0,0,0,0,0,0,0,0,0,0,0,0,0,0,0,0,0,0,0,0,0,0,0,0,0,0,0,0,0,0,0,0,0,0,0,0,0,0,0,0,0,0,0,0,0,0,0,0,0,0,0,0,0,0,0,0,0,0,0,0,0,0,0,0,0,0,0,0,0,0,0,0,0,0,0,1,0,0,0,0,0,0,0,0,0,0,0,0,0,0,0,0,0,0,0,0,0,0,0,0
Alli_miss,1,0,1,1,1,1,1,1,1,1,1,1,1,1,1,1,1,1,1,1,1,1,1,1,1,1,1,3,1,1,1,1,1,1,0,1,0,2,0,0,0,1,3,2,1,1,0,1,2,1,3,2,1,2,0,1,3,1,0,0,2,2,1,1,1,1,1,1,2,1,1,1,1,1,1,1,1,1,1,0,1,1,2,1,1,1,2,1,1,1,1,1,1,1,1,1,1,1,1,1,1,1,1,1,1,1,1,0,1,2,2,2,3,2,1,1,1,0,1,1,1,1,1,1,1,1,2,1,2,1,1,1,1,1,1,2,1,1,1,1,1,0,0,1,1,1,1,1,1,1,3,1,2,1,2,4,1,2,2,2,3,0,2,2,3,2,1,1,1,1,1,0,1,1,1,1,2,0,0,1,1,3,1,1,1,1,1,0,1,0,1,0,0,0,0,2,3,1,1,1,1,1,1,1,0,1,1,1,1,1,2,1,0,1,1,0
Alli_sine,1,0,1,1,1,1,1,1,1,1,1,1,1,1,1,1,0,1,1,0,1,1,1,1,1,2,1,4,1,1,0,1,1,1,0,1,1,1,1,0,1,1,3,2,0,1,1,1,2,2,3,1,1,2,0,1,1,2,0,0,2,2,1,1,0,0,1,1,4,2,1,1,1,0,0,1,1,1,0,0,1,1,0,1,1,1,1,1,1,0,1,1,1,1,1,1,1,1,1,1,1,1,1,2,1,0,1,1,1,2,2,2,3,1,1,1,1,1,1,1,1,1,1,1,1,1,1,1,2,1,1,1,1,1,1,2,1,1,1,1,1,0,1,1,1,1,0,1,1,1,3,1,2,1,1,4,1,2,2,2,2,1,2,2,3,1,2,1,1,1,1,0,1,1,1,1,3,0,0,1,1,3,1,1,1,1,1,1,1,1,1,1,1,1,1,2,1,1,1,1,0,1,1,1,1,1,1,1,1,1,2,1,1,1,1,1
Alop_becc,1,0,1,1,0,1,1,1,1,1,1,1,1,1,1,1,1,1,1,1,1,1,1,1,1,0,0,2,1,1,1,1,1,1,0,0,0,0,0,0,0,0,0,0,0,1,0,0,1,0,0,0,0,0,0,0,0,0,1,0,0,0,1,1,1,1,1,0,1,1,1,0,1,1,1,1,1,1,0,0,1,1,1,1,1,1,1,1,1,1,1,1,1,1,1,1,1,1,1,1,1,1,1,1,2,0,1,1,1,1,1,0,0,0,1,1,1,1,1,1,1,1,0,0,0,0,0,0,0,0,0,1,1,1,1,1,1,1,1,0,0,0,0,0,0,0,0,0,0,0,0,0,0,0,0,0,0,0,0,0,1,0,0,0,1,1,0,0,1,1,1,1,1,1,1,0,0,0,0,1,1,2,1,1,1,1,1,1,1,1,1,1,1,0,1,2,1,1,1,1,0,1,1,1,2,1,1,1,1,1,1,1,1,0,0,0
Amaz_aest,1,0,1,0,0,0,0,0,0,0,1,0,0,1,1,1,1,1,1,0,1,1,1,0,0,0,0,0,0,1,1,0,1,1,0,1,1,1,0,2,1,0,0,1,0,0,0,1,1,1,0,0,0,2,1,0,1,1,0,0,0,0,1,1,1,0,1,1,0,1,1,1,1,1,2,1,1,1,1,0,1,1,1,0,1,2,1,1,1,0,0,1,1,1,1,0,0,0,1,1,1,1,1,1,0,0,0,0,0,1,1,1,0,0,1,1,1,1,1,1,1,1,0,1,2,1,1,1,0,2,1,1,1,1,1,1,1,1,1,1,1,2,1,0,1,1,1,0,0,2,1,2,0,1,2,5,1,2,2,1,2,2,2,2,1,2,2,1,1,1,1,1,1,1,1,0,1,1,0,1,1,1,1,1,1,1,1,1,1,1,1,1,1,0,1,0,0,1,1,1,0,1,1,1,2,1,1,1,1,1,1,1,1,1,1,1
Amaz_coll,1,0,0,0,0,0,0,0,0,0,1,0,0,1,1,1,1,1,1,1,1,1,1,1,1,0,0,0,1,1,1,1,1,1,1,1,1,1,0,1,0,0,0,0,0,0,0,1,1,0,0,0,1,2,1,1,0,1,0,0,2,0,0,1,1,1,1,0,0,1,1,0,1,1,1,1,1,1,1,0,1,1,1,1,1,1,1,1,1,1,1,1,1,1,1,0,1,0,1,1,1,1,1,0,0,0,1,0,1,1,1,0,0,0,1,1,1,1,1,1,1,1,0,2,1,1,1,1,1,1,1,1,1,1,1,1,1,1,1,1,1,1,1,0,1,1,1,1,1,2,2,2,1,1,2,4,1,2,2,1,1,2,1,2,1,2,1,2,1,1,1,1,1,1,1,1,1,1,1,1,1,1,1,1,1,1,1,2,2,2,1,1,1,0,1,2,1,1,1,1,1,1,1,1,2,1,1,1,1,1,1,1,1,1,1,1
Amaz_guil,1,0,1,0,0,0,0,0,0,0,1,1,1,1,1,1,1,1,1,1,1,1,1,1,1,0,0,0,1,1,1,1,1,1,0,1,1,1,0,0,0,0,0,0,0,0,0,0,0,0,0,0,0,0,0,0,0,0,0,0,0,0,0,1,1,0,0,0,3,1,1,1,1,1,0,0,0,0,0,0,0,0,0,0,0,0,0,0,0,0,0,1,1,1,1,0,0,0,1,1,1,1,1,0,0,0,1,0,1,1,1,0,0,0,1,1,1,1,1,1,1,1,0,0,0,0,0,0,0,0,0,1,1,1,1,1,1,1,1,1,1,1,1,0,1,1,1,1,1,1,0,1,0,0,1,0,0,0,0,0,1,0,0,1,0,1,0,0,1,1,1,1,1,1,1,0,0,0,0,1,1,0,1,1,1,1,1,1,0,1,1,0,0,0,1,2,1,1,1,1,0,1,1,0,1,1,0,0,0,0,0,1,1,1,1,1
Amei_mela,1,0,1,1,1,1,1,1,1,1,1,1,1,1,0,1,3,0,1,1,0,0,1,1,0,2,3,3,1,0,1,1,0,1,1,1,0,1,1,1,0,2,1,1,3,0,2,1,1,1,2,1,0,0,1,1,1,2,1,0,2,2,1,1,1,2,2,1,2,0,1,0,1,1,2,2,0,1,3,0,0,0,2,0,0,0,0,1,0,1,1,1,0,1,0,1,1,1,1,1,0,1,0,2,1,3,0,1,1,1,1,2,2,1,0,0,0,0,1,0,0,0,0,1,2,1,2,1,2,1,1,0,0,1,1,0,0,0,0,1,0,1,1,0,0,0,1,1,1,0,1,0,2,0,0,2,1,1,3,2,1,1,1,1,2,0,0,0,1,0,2,0,0,1,0,0,1,3,0,0,0,0,1,1,1,1,1,1,0,1,0,1,1,0,1,0,0,2,0,0,2,0,0,0,0,0,0,1,0,0,2,0,1,1,1,1
Amph_amph,0,0,0,0,0,0,0,0,0,0,0,0,0,0,0,0,0,0,0,0,0,0,0,0,0,0,0,0,0,0,0,0,0,0,0,0,0,0,0,0,0,0,0,0,0,0,0,0,0,0,0,0,0,0,0,0,0,0,0,0,0,0,0,0,0,0,0,0,0,0,0,0,0,0,0,0,0,0,0,0,0,0,0,0,0,0,0,0,0,0,0,0,0,0,0,0,0,0,0,0,0,0,0,0,0,0,0,0,0,0,0,0,0,0,0,0,0,0,0,0,0,0,0,0,0,0,0,0,0,0,0,0,0,0,0,0,0,0,0,0,0,0,0,0,0,0,0,0,0,0,0,0,0,0,0,0,0,0,0,0,0,0,0,0,0,0,0,0,0,0,0,0,0,0,0,0,0,0,0,0,0,0,0,0,0,0,0,0,0,0,0,0,0,0,0,0,0,0,0,0,0,0,0,0,0,0,0,0,0,0,0,0,0,0,1,0
Amph_ocel,1,0,1,1,1,1,1,0,0,0,0,1,1,1,1,1,3,1,1,1,1,1,1,1,1,2,3,3,0,0,1,0,0,1,0,0,0,1,1,1,1,3,3,1,3,1,1,2,1,1,2,2,0,0,0,0,1,2,1,0,2,1,1,0,0,2,2,1,2,1,1,0,0,0,2,2,2,0,3,0,1,1,0,1,0,1,1,0,0,2,0,0,0,0,0,0,1,0,0,0,0,0,0,3,3,4,1,1,1,1,0,1,2,2,0,0,1,1,0,1,0,1,0,1,0,1,1,1,2,1,1,1,0,1,1,0,0,0,1,0,0,0,0,0,0,0,0,0,1,0,0,2,1,0,0,2,1,0,0,2,0,2,1,1,2,0,0,1,1,1,0,1,0,1,0,0,0,1,0,1,0,0,1,1,1,1,1,0,1,1,0,1,1,1,1,2,0,0,1,0,2,1,1,3,0,0,1,1,0,2,1,0,0,0,0,0
Amph_perc,1,0,1,1,1,1,1,0,0,0,0,1,1,1,1,1,2,1,1,1,1,1,1,1,1,2,3,4,0,0,1,0,0,1,0,0,0,1,1,1,1,3,3,1,3,1,1,2,1,1,2,2,0,0,0,0,1,2,1,0,2,1,1,0,0,2,2,1,2,1,1,0,0,0,2,2,2,0,3,0,1,1,0,1,0,1,1,0,0,2,0,1,1,1,0,1,1,0,1,1,0,1,1,3,3,4,1,1,1,1,0,1,2,2,0,0,1,1,0,1,0,1,0,1,0,1,2,1,2,1,1,1,0,1,1,0,1,0,1,0,0,0,0,0,0,0,0,0,1,0,0,2,1,0,0,2,1,0,0,2,0,2,1,1,2,0,0,1,1,1,0,1,0,1,1,0,0,1,0,1,0,0,1,1,1,1,1,0,1,1,0,1,1,1,1,2,0,0,1,0,2,1,1,2,1,0,0,1,1,2,1,0,0,0,0,0
Amph_quee,1,0,0,0,0,0,0,0,0,0,0,0,0,0,0,0,0,0,0,0,0,0,0,0,0,0,0,0,0,0,0,0,0,0,0,0,0,0,0,1,0,0,0,0,0,0,0,0,0,0,0,0,0,0,0,0,0,0,0,0,0,0,0,0,0,0,0,0,0,0,0,0,0,0,0,0,0,0,0,0,0,0,0,0,0,0,0,0,0,0,0,0,0,0,0,0,0,0,0,0,0,0,0,0,0,0,0,0,0,0,0,0,0,0,0,0,0,0,0,0,0,0,0,0,0,0,0,0,0,0,0,0,0,0,0,0,0,0,0,0,0,0,0,0,0,0,0,0,0,0,0,0,0,0,0,0,0,0,0,0,0,0,0,0,0,0,0,0,0,0,0,0,0,0,0,0,0,0,0,0,0,0,0,1,0,0,0,0,0,0,0,0,0,0,0,0,0,0,0,0,0,0,0,0,0,0,0,0,0,0,0,0,0,0,0,0
Anab_grah,1,0,1,1,1,1,1,1,1,1,0,0,0,0,1,1,1,0,1,1,0,0,1,1,0,1,2,2,1,0,1,1,1,1,1,1,2,1,0,1,0,0,2,0,0,0,1,1,0,0,1,0,0,0,1,1,2,2,1,0,2,1,1,0,0,2,2,0,0,0,0,0,1,0,2,2,0,0,2,0,0,0,0,0,0,0,1,1,0,1,0,0,1,1,1,1,1,0,0,0,0,0,0,0,1,0,0,1,0,0,0,0,1,0,0,0,0,0,0,0,0,0,0,0,1,2,2,1,2,1,1,0,0,1,1,0,0,0,1,0,0,1,0,1,1,0,0,0,0,0,1,1,0,0,0,2,1,1,1,1,0,1,1,1,2,0,0,1,0,0,0,0,0,0,0,0,0,1,1,0,0,0,0,0,0,1,0,0,0,0,0,1,0,0,1,1,0,0,0,0,1,0,0,4,1,0,1,2,1,0,2,0,1,1,1,1
Anab_test,1,0,1,1,1,1,1,1,1,1,0,0,0,1,0,1,3,0,1,0,0,1,1,1,1,2,2,4,0,0,1,0,1,1,0,0,2,0,1,1,1,3,3,1,3,1,1,1,1,1,2,2,0,0,3,0,1,2,1,0,2,1,1,0,0,2,2,1,2,0,1,0,1,0,2,2,2,1,3,0,1,1,0,1,1,1,0,0,0,2,1,1,1,1,1,1,1,0,0,1,0,1,0,4,3,3,1,1,1,1,0,1,2,2,0,0,0,0,0,1,0,0,0,1,0,1,2,1,2,1,1,0,0,1,1,0,1,1,1,0,0,3,0,0,0,0,1,0,0,0,0,2,0,0,0,2,1,0,0,2,0,2,1,1,2,0,1,0,1,0,0,0,0,1,1,0,0,3,0,1,0,0,1,1,1,1,1,0,1,0,1,1,1,1,1,2,0,0,0,1,2,1,1,2,0,0,1,1,1,2,1,0,0,1,1,1
Anas_plat,1,0,1,2,1,2,2,2,2,2,2,1,1,2,2,2,1,2,2,2,2,2,2,2,2,0,0,1,2,2,1,2,2,1,0,2,2,2,0,0,0,0,2,1,0,2,0,3,1,1,0,1,2,0,0,2,2,2,2,0,2,2,2,1,2,2,2,0,4,2,1,0,1,2,2,2,2,2,1,0,2,2,2,2,2,2,2,2,2,2,2,2,1,2,2,2,2,2,2,2,2,2,2,0,2,0,2,0,1,1,0,1,0,0,2,2,1,2,2,1,1,2,0,0,2,2,2,2,2,2,2,1,1,1,1,1,1,1,1,2,2,3,2,2,2,2,1,2,2,2,1,3,2,3,4,4,2,3,3,2,2,2,3,1,5,3,3,1,2,2,2,1,2,1,2,2,1,0,2,1,1,3,2,2,2,2,2,2,2,2,2,2,2,0,2,4,2,2,2,2,1,1,2,0,2,1,1,0,1,0,2,2,3,2,2,2
Anas_zono,1,0,1,1,1,1,1,1,1,1,1,1,1,1,1,1,1,1,1,1,1,1,1,1,1,1,1,0,1,1,1,1,1,1,1,1,1,1,1,1,1,1,1,1,0,2,1,2,2,1,1,1,1,0,0,1,1,1,0,0,2,1,0,1,1,1,1,1,2,1,1,1,1,1,1,1,1,1,1,0,1,1,1,1,1,1,1,1,1,1,1,1,1,1,1,1,1,1,0,1,0,1,1,1,3,0,2,1,1,2,1,1,1,1,0,0,0,1,0,0,0,0,0,1,2,1,1,1,2,1,1,1,1,1,1,1,1,1,1,1,1,1,1,1,1,1,0,1,1,1,1,1,1,2,1,3,1,2,2,2,2,1,2,1,1,1,2,1,1,1,1,1,1,1,1,1,1,0,1,1,1,3,1,1,1,1,1,0,0,0,0,1,1,0,1,2,1,1,1,1,1,1,1,1,2,1,1,1,1,1,1,1,1,1,1,1
Ancy_cani,0,0,0,0,0,0,0,0,0,0,0,0,0,0,0,0,0,0,0,0,0,0,0,0,0,0,0,0,0,0,0,0,0,0,0,0,0,0,0,1,0,0,0,0,0,0,0,0,0,0,0,0,0,0,0,0,0,0,0,0,0,0,0,0,0,0,0,0,0,0,0,0,0,0,0,0,0,0,0,0,0,0,0,0,0,0,0,0,0,0,0,0,0,0,0,0,0,0,0,0,0,0,0,0,0,0,0,0,0,0,0,0,0,0,0,0,0,0,0,0,0,0,0,0,0,0,0,0,0,0,0,0,0,0,0,0,0,0,0,0,0,0,0,0,0,0,0,0,0,0,0,0,0,0,0,0,0,0,0,0,0,0,0,0,0,0,0,0,0,0,0,0,0,0,0,0,0,0,0,0,0,0,0,0,0,0,0,0,0,0,0,0,0,0,0,0,0,0,0,0,0,0,0,0,0,0,0,0,0,0,0,0,0,0,0,0
Ancy_ceyl,1,0,0,0,0,0,0,0,0,0,0,0,0,0,0,0,0,0,0,0,0,0,0,0,0,0,0,0,0,0,0,0,0,0,0,0,0,0,0,1,0,0,0,0,0,0,0,0,0,0,0,0,0,0,0,0,0,0,0,0,0,0,0,0,0,0,0,0,0,0,0,0,0,0,0,0,0,0,0,0,0,0,0,0,0,0,0,0,0,0,0,0,0,0,0,0,0,0,0,0,0,0,0,0,0,0,0,0,0,0,0,0,0,0,0,0,0,0,0,0,0,0,0,0,0,0,0,0,0,0,0,0,0,0,0,0,0,0,0,0,0,0,0,0,0,0,0,0,0,0,0,0,0,0,0,0,0,0,0,0,0,0,0,0,0,0,0,0,0,0,0,0,0,0,0,0,0,0,0,0,0,0,0,0,0,0,0,0,0,0,0,0,0,0,0,0,0,0,0,0,0,0,0,0,0,0,0,0,0,0,0,0,0,0,0,0
Angi_cant,0,0,1,0,0,0,0,0,0,0,0,0,0,0,0,0,0,0,0,0,0,0,0,0,0,0,0,0,0,0,0,0,0,0,0,0,0,0,0,0,0,0,0,0,0,0,0,0,0,0,0,0,0,0,0,0,0,0,0,0,0,0,0,0,0,0,0,0,0,0,0,0,0,0,0,0,0,0,0,0,0,0,0,0,0,0,0,0,0,0,0,0,0,0,0,0,0,0,0,0,0,0,0,0,0,0,0,0,0,0,0,0,0,0,0,0,0,0,0,0,0,0,0,0,0,0,0,0,0,0,0,0,0,0,0,0,0,0,0,0,0,0,0,0,0,0,0,0,0,0,0,0,0,0,0,0,0,0,0,0,0,0,0,0,0,0,0,0,0,0,0,0,0,0,0,0,0,0,0,0,0,0,0,0,0,0,0,0,0,0,0,0,0,0,0,0,0,0,0,0,0,0,0,0,0,0,0,0,0,0,0,0,0,0,0,0
Anhi_anhi,0,0,0,1,1,1,1,1,1,1,1,1,1,1,1,1,0,1,1,1,1,1,0,1,1,0,0,0,1,1,1,1,1,1,0,1,1,1,1,0,1,0,2,0,0,1,0,1,1,0,1,0,0,0,0,0,1,1,1,0,0,1,1,1,1,0,0,1,2,1,1,1,1,1,0,0,1,1,0,0,1,1,2,1,1,1,1,1,1,1,1,1,1,1,1,1,1,1,1,1,1,1,1,0,2,0,1,1,1,1,0,0,0,0,1,1,1,1,1,1,1,1,0,0,0,1,1,1,0,1,1,1,1,1,1,1,1,1,1,1,1,0,1,1,1,1,0,1,1,0,1,0,0,0,0,1,0,0,0,0,1,0,0,1,1,0,1,0,1,1,1,1,1,0,1,0,0,0,0,1,1,2,1,1,1,1,1,1,1,1,1,0,0,0,1,1,1,1,1,1,0,1,1,0,1,0,0,0,0,0,0,1,1,1,1,1
Anhi_rufa,1,0,1,0,0,0,0,0,0,0,1,1,1,0,0,0,0,0,0,0,0,0,0,0,0,0,0,0,1,1,1,1,1,1,0,0,0,0,1,0,1,0,0,0,0,0,0,0,0,0,0,0,0,0,0,0,0,0,0,0,0,0,0,0,0,0,0,0,0,1,0,0,0,0,0,0,0,0,0,0,0,0,0,0,0,0,0,0,0,0,0,0,0,0,0,0,0,0,0,0,0,0,0,0,0,0,0,0,0,0,0,0,0,0,1,1,1,1,1,1,1,1,0,0,0,0,0,0,0,0,0,1,1,1,1,1,1,1,1,0,0,0,0,0,0,0,1,0,0,1,0,0,0,0,1,0,1,0,0,0,0,0,0,0,0,1,0,0,0,0,0,0,0,0,0,0,0,0,0,1,1,0,1,1,1,1,1,1,0,1,1,0,0,0,1,0,0,0,0,0,0,0,0,0,1,0,0,0,0,0,0,0,1,1,1,1
Anis_simp,0,0,0,0,0,0,0,0,0,0,0,0,0,0,0,0,0,0,0,0,0,0,0,0,0,0,0,0,0,0,0,0,0,0,0,0,0,0,0,1,0,0,0,0,0,0,0,0,0,0,0,0,0,0,0,0,0,0,0,0,0,0,0,0,0,0,0,0,0,0,0,0,0,0,0,0,0,0,0,0,0,0,0,0,0,0,0,0,0,0,0,0,0,0,0,0,0,0,0,0,0,0,0,0,0,0,0,0,0,0,0,0,0,0,0,0,0,0,0,0,0,0,0,0,0,0,0,0,0,0,0,0,0,0,0,0,0,0,0,0,0,0,0,0,0,0,0,0,0,0,0,0,0,0,0,0,0,0,0,0,0,0,0,0,0,0,0,0,0,0,0,0,0,0,0,0,0,0,0,0,0,0,0,0,0,0,0,0,0,0,0,0,0,0,0,0,0,0,0,0,0,0,0,0,0,0,0,0,0,0,0,0,0,0,0,0
Anol_caro,1,0,1,1,1,1,1,1,1,1,1,1,1,1,1,1,1,1,1,1,2,1,1,1,1,1,1,1,1,1,1,1,1,1,1,1,2,1,0,1,0,3,1,2,1,2,2,2,1,2,2,2,1,2,0,0,2,2,1,0,2,2,2,0,0,1,1,1,1,1,1,1,0,0,1,1,1,1,2,0,1,1,2,1,1,1,1,1,1,1,1,1,1,1,1,0,0,0,1,1,1,1,1,3,1,1,2,2,1,1,2,2,2,2,1,1,1,1,1,1,1,1,0,0,0,1,2,1,2,1,1,1,1,1,1,1,1,1,1,1,1,1,1,1,1,1,1,1,1,1,2,0,2,1,0,1,1,2,2,1,1,1,2,1,3,1,1,1,1,1,1,1,1,0,1,1,1,1,0,0,0,2,1,1,1,1,1,1,1,1,1,1,1,1,1,1,1,1,1,1,2,0,1,1,1,1,1,1,2,0,1,1,2,1,1,2
Anop_darl,0,0,0,0,0,0,0,0,0,0,0,0,0,0,0,0,0,0,0,0,0,0,0,0,0,0,1,0,0,0,0,0,0,0,0,0,0,0,0,0,0,0,0,0,0,0,0,0,0,0,0,0,0,0,0,0,0,0,0,0,0,0,0,0,0,0,0,0,0,0,0,0,0,0,0,0,0,0,0,0,0,0,0,0,0,0,0,0,0,0,0,0,0,0,0,0,0,0,0,0,0,0,0,0,0,0,0,0,0,0,0,0,0,0,0,0,0,0,0,0,0,0,0,0,0,0,0,0,0,0,0,0,0,0,0,0,0,0,0,0,0,0,0,0,0,0,0,0,0,0,0,0,0,0,0,0,0,0,0,0,0,0,0,0,0,0,0,0,0,0,0,0,0,0,0,0,0,0,0,0,0,0,0,0,0,0,0,0,0,0,0,0,0,0,0,0,0,0,0,0,0,0,0,0,0,0,0,0,0,0,0,0,0,0,0,0
Anop_gamb,0,0,0,0,0,0,0,0,0,0,0,0,0,0,0,0,0,0,0,0,0,0,0,0,0,0,1,0,0,0,0,0,0,0,0,0,0,0,0,0,0,0,0,0,0,0,0,0,0,0,0,0,0,0,0,0,0,0,0,0,0,0,0,0,0,0,0,0,0,0,0,0,0,0,0,0,0,0,0,0,0,0,0,0,0,0,0,0,0,0,0,0,0,0,0,0,0,0,0,0,0,0,0,0,0,0,0,0,0,0,0,0,0,0,0,0,0,0,0,0,0,0,0,0,0,0,0,0,0,0,0,0,0,0,0,0,0,0,0,0,0,0,0,0,0,0,0,0,0,0,0,0,0,0,0,0,0,0,0,0,0,0,0,0,0,0,0,0,0,0,0,0,0,0,0,0,0,0,0,0,0,0,0,0,0,0,0,0,0,0,0,0,0,0,0,0,0,0,0,0,0,0,0,0,0,0,0,0,0,0,0,0,0,0,0,0
Anop_sine,0,0,0,0,0,0,0,0,0,0,0,0,0,0,0,0,0,0,0,0,0,0,0,0,0,0,1,0,0,0,0,0,0,0,0,0,0,0,0,0,0,0,0,0,0,0,0,0,0,0,0,0,0,0,0,0,0,0,0,0,0,0,0,0,0,0,0,0,0,0,0,0,0,0,0,0,0,0,0,0,0,0,0,0,0,0,0,0,0,0,0,0,0,0,0,0,0,0,0,0,0,0,0,0,0,0,0,0,0,0,0,0,0,0,0,0,0,0,0,0,0,0,0,1,0,0,0,0,0,0,0,0,0,0,0,0,0,0,0,0,0,0,0,0,0,0,0,0,0,0,0,0,0,0,0,0,0,0,0,0,0,0,0,0,0,0,0,0,0,0,0,0,0,0,0,0,0,0,0,0,0,0,0,0,0,0,0,0,0,0,0,0,0,0,0,0,0,0,0,0,0,0,0,0,0,0,0,0,0,0,0,0,0,0,0,0
Anop_step,0,0,0,0,0,0,0,0,0,0,0,0,0,0,0,0,0,0,0,0,0,0,0,0,0,0,1,0,0,0,0,0,0,0,0,0,0,0,0,0,0,0,0,0,0,0,0,0,0,0,0,0,0,0,0,0,0,0,0,0,0,0,0,0,0,0,0,0,0,0,0,0,0,0,0,0,0,0,0,0,0,0,0,0,0,0,0,0,0,0,0,0,0,0,0,0,0,0,0,0,0,0,0,0,0,0,0,0,0,0,0,0,0,0,0,0,0,0,0,0,0,0,0,1,0,0,0,0,0,0,0,0,0,0,0,0,0,0,0,0,0,0,0,0,0,0,0,0,0,0,0,0,0,0,0,0,0,0,0,0,0,0,0,0,0,0,0,0,0,0,0,0,0,0,0,0,0,0,0,0,0,0,0,0,0,0,0,0,0,0,0,0,0,0,0,0,0,0,0,0,0,0,0,0,0,0,0,0,0,0,0,0,0,0,0,0
Anse_brac,0,0,0,1,1,1,1,1,1,1,1,1,1,1,1,1,1,1,1,1,1,1,1,1,1,0,1,1,1,1,1,1,1,1,1,1,1,1,1,1,1,0,0,0,0,2,0,1,1,1,0,0,1,1,1,1,1,1,0,0,1,0,0,1,1,1,1,1,2,1,1,1,1,1,1,1,1,1,1,1,1,1,1,1,1,1,1,1,1,1,1,1,1,1,1,1,1,1,1,1,1,1,1,0,0,0,2,0,0,1,1,0,0,0,1,1,1,1,1,1,1,1,0,0,1,1,1,1,1,1,1,1,1,1,1,1,1,1,1,1,1,1,2,1,1,1,0,1,1,1,3,1,2,2,2,3,1,2,2,2,2,1,2,2,3,1,2,1,1,1,1,1,1,1,1,1,1,0,1,1,1,3,1,1,1,1,1,1,1,1,1,1,1,0,1,0,1,1,0,0,0,1,0,1,2,1,1,1,1,1,2,1,1,1,1,1
Anse_cygn,0,0,0,1,1,1,1,1,1,1,1,0,0,1,1,1,1,1,1,1,1,1,1,1,1,1,0,0,1,1,0,1,1,1,1,1,1,1,1,0,1,0,1,1,0,1,1,0,1,1,0,0,1,1,1,1,1,1,1,0,1,0,1,1,1,1,1,1,4,2,1,1,1,1,1,1,1,1,1,0,1,1,1,1,1,1,1,1,1,1,1,1,1,1,1,1,1,1,1,1,1,1,1,0,1,0,1,1,0,1,1,1,0,0,1,1,1,1,1,1,1,1,0,1,1,1,1,1,1,1,1,1,1,1,1,1,1,1,1,1,1,1,2,1,1,1,0,1,1,1,3,1,2,2,2,3,1,2,2,2,2,1,2,1,3,1,2,1,1,1,1,1,1,1,1,1,1,0,1,1,1,3,1,1,1,1,1,1,1,1,1,1,1,0,1,2,1,1,1,1,0,1,1,1,2,1,1,1,1,1,1,1,2,1,1,1
Anse_semi,1,0,1,1,1,1,1,1,1,1,1,1,1,1,1,1,0,1,1,1,1,1,1,1,1,2,0,0,1,1,1,1,1,1,0,0,0,0,0,0,0,1,2,0,0,1,0,1,1,0,0,0,0,0,0,0,0,0,1,0,0,1,1,1,1,0,0,1,3,2,1,1,1,1,0,0,1,1,0,0,1,1,2,1,1,1,1,1,1,1,1,1,1,1,1,1,1,1,1,1,1,1,1,0,0,0,1,1,0,1,0,0,0,0,1,1,1,1,1,1,1,1,0,0,1,0,0,0,0,0,0,1,1,0,0,1,1,1,1,1,1,0,1,1,1,1,1,1,1,0,0,0,0,0,0,0,0,0,0,1,1,0,0,1,0,0,1,0,0,1,1,1,1,0,1,0,0,0,0,1,1,0,1,1,1,1,1,1,1,1,1,1,1,0,1,2,1,1,1,1,0,1,1,0,0,0,0,0,0,0,0,1,1,1,1,1
Anth_minu,1,0,1,1,1,1,1,1,1,1,1,1,1,1,1,1,1,1,1,1,1,1,1,1,1,0,0,2,1,1,1,1,1,1,0,1,1,1,1,1,1,0,0,1,0,0,1,0,0,0,0,0,0,0,0,0,0,0,1,0,0,0,1,1,1,1,1,2,2,2,1,1,1,1,1,1,1,1,0,0,1,1,1,1,1,1,1,1,1,0,1,1,1,1,1,1,1,1,1,1,1,1,1,0,0,0,0,1,1,0,0,1,0,1,1,1,1,1,1,1,1,1,0,2,1,0,0,0,0,0,0,1,1,1,1,1,1,1,1,1,1,1,1,1,1,1,1,1,1,0,0,1,0,0,0,0,1,0,0,0,0,0,0,0,0,1,1,0,1,1,1,1,1,1,1,0,0,0,0,2,2,0,0,0,0,0,0,1,1,1,1,1,1,0,1,2,1,1,1,1,0,1,1,1,1,1,1,1,1,1,0,1,1,0,0,0
Antr_caro,0,0,0,0,0,0,0,0,0,0,0,0,0,0,0,0,0,0,0,0,0,0,0,0,0,0,0,0,1,1,0,1,1,1,0,1,1,1,0,0,0,0,0,0,0,0,0,0,0,0,0,0,1,0,0,0,0,0,0,0,0,0,0,1,1,0,1,0,1,0,0,0,1,1,0,1,0,0,0,0,0,0,0,0,0,0,0,0,0,0,0,1,1,1,1,0,0,0,1,1,1,1,1,0,0,0,0,0,0,0,0,0,0,0,1,1,1,1,1,1,1,1,0,1,0,0,0,0,0,0,0,0,1,0,0,0,0,0,1,1,1,0,1,1,1,1,0,1,1,1,1,0,1,1,1,2,0,1,1,0,1,0,1,1,2,0,1,1,1,1,0,1,1,0,1,1,0,0,0,2,2,1,1,1,1,1,1,1,1,0,1,0,0,0,0,1,0,1,0,0,0,0,0,1,0,0,0,1,0,1,0,0,0,0,0,0
Aotu_nanc,1,1,1,1,1,1,1,1,1,1,1,1,1,1,1,1,1,1,1,1,1,1,1,1,1,1,1,4,1,1,1,1,1,1,1,1,1,1,1,1,1,1,1,1,1,2,2,1,1,2,1,1,2,2,3,2,1,1,1,1,3,1,1,1,1,1,1,1,1,1,1,1,1,1,1,1,1,1,1,1,1,1,1,1,1,1,1,1,1,1,0,1,1,1,1,0,0,1,1,1,1,1,1,1,1,1,1,2,1,1,1,1,1,1,1,1,1,1,1,1,1,1,1,2,2,2,1,1,3,1,1,1,1,1,0,1,1,1,1,1,1,1,1,1,1,1,1,1,1,2,2,1,2,2,1,1,1,2,2,2,1,2,1,1,1,1,1,2,1,1,1,1,1,1,1,2,2,1,2,1,2,3,1,1,1,1,1,1,1,1,1,1,1,1,1,1,1,1,1,1,3,1,1,2,1,1,1,1,2,1,1,1,1,1,1,1
Apal_vitt,0,0,0,0,0,0,0,0,0,0,0,0,0,0,0,0,0,0,0,0,0,0,0,0,0,1,0,0,1,1,0,1,1,0,0,1,1,1,0,0,0,0,0,0,0,0,0,0,0,0,1,0,1,0,0,1,0,0,1,0,0,0,1,1,1,1,1,0,0,0,0,0,1,1,1,1,0,0,0,0,1,1,0,1,1,1,0,0,1,0,1,1,1,1,1,0,0,0,1,1,1,1,1,0,0,0,0,0,0,0,0,0,1,0,0,0,0,0,0,0,0,0,0,1,0,0,0,0,0,0,0,0,0,0,0,0,0,0,0,0,1,0,1,1,1,1,0,1,1,1,1,0,1,1,2,2,1,1,1,0,1,1,1,1,0,0,0,0,1,1,0,1,1,0,1,1,0,0,1,1,1,0,1,1,0,1,0,1,1,0,1,1,1,0,0,0,0,1,1,1,0,1,1,0,0,0,0,0,0,0,0,0,0,1,1,1
Apha_inva,0,0,0,0,0,0,0,0,0,0,0,0,0,0,0,0,0,0,0,0,0,0,0,0,0,0,0,0,0,0,0,0,0,0,0,0,0,0,0,1,0,0,0,0,0,0,0,0,0,0,0,0,0,0,0,0,0,0,0,0,0,0,0,0,0,0,0,0,0,0,0,0,0,0,0,0,0,0,0,0,0,0,0,0,0,0,0,0,0,0,0,0,0,0,0,0,0,0,0,0,0,0,0,0,0,0,0,0,0,0,0,0,0,0,0,0,0,0,0,0,0,0,0,0,0,0,0,0,0,0,0,0,0,0,0,0,0,0,0,0,0,0,0,0,0,0,0,0,0,0,0,0,0,0,0,0,0,0,0,0,0,0,0,0,0,0,0,0,0,0,0,0,0,0,0,0,0,0,0,0,0,0,0,0,0,0,0,0,0,0,0,0,0,0,0,0,0,0,0,0,0,0,0,0,0,0,0,0,0,0,0,0,0,0,0,0
Aphe_coer,1,0,1,1,0,1,1,1,1,1,1,1,1,1,1,1,1,1,1,1,1,1,1,1,1,0,0,2,1,1,1,1,1,0,0,1,1,1,1,1,1,0,0,1,0,0,1,0,0,0,0,0,0,0,0,0,1,1,0,0,1,1,1,1,1,1,1,1,2,1,1,1,1,1,1,1,1,1,0,0,1,1,1,1,1,1,1,1,1,0,1,1,1,1,1,1,1,1,1,1,1,1,1,0,0,0,0,1,0,0,1,0,0,0,1,1,1,1,1,1,1,1,0,0,0,1,1,1,1,1,1,1,1,1,1,1,1,1,1,1,1,1,1,1,1,1,1,1,1,0,0,0,0,0,1,0,0,0,0,0,0,0,0,1,1,1,0,0,1,1,1,1,1,1,1,0,0,0,0,1,1,1,1,1,1,1,1,1,1,1,1,0,0,0,1,2,1,1,1,1,1,1,1,1,1,2,1,1,1,1,0,1,1,0,0,0
Aphi_gifu,0,0,0,0,0,0,0,0,0,0,0,0,0,0,0,0,0,0,0,0,0,0,0,0,0,0,1,0,0,0,0,0,0,1,0,0,0,0,0,0,0,0,0,0,1,0,0,0,0,1,0,1,0,0,0,0,0,0,0,0,0,0,0,0,0,1,0,0,0,0,0,0,0,0,1,0,0,0,0,0,0,0,0,0,0,0,0,0,0,0,0,0,0,0,0,0,0,0,0,0,0,0,0,0,0,1,0,0,0,0,1,0,0,1,0,0,0,0,0,0,0,0,0,1,0,0,0,0,0,0,0,0,0,0,0,0,0,0,0,0,0,0,0,0,0,0,0,0,0,0,0,0,0,0,0,0,0,0,0,0,0,0,0,0,0,0,0,0,0,0,0,0,0,0,0,0,0,0,0,0,0,0,0,0,0,0,0,0,0,0,0,0,0,0,0,0,0,0,0,0,0,0,0,0,0,0,0,0,0,0,0,0,0,0,0,0
Aphi_glyc,0,0,0,0,0,0,0,0,0,0,0,0,0,0,0,0,0,0,0,0,0,0,0,0,0,0,0,0,0,0,0,0,0,0,0,0,0,0,0,0,0,0,0,0,0,0,0,0,0,0,0,0,0,0,0,0,0,0,0,0,0,0,0,0,0,1,0,0,0,0,0,0,0,0,0,0,0,0,0,0,0,0,0,0,0,0,0,0,0,0,0,0,0,0,0,0,0,0,0,0,0,0,0,0,0,0,0,0,0,0,0,0,0,0,0,0,0,0,0,0,0,0,0,0,0,0,0,0,0,0,0,0,0,0,0,0,0,0,0,0,0,0,0,0,0,0,0,0,0,0,0,0,0,0,0,0,0,0,0,0,0,0,0,0,0,0,0,0,0,0,0,0,0,0,0,0,0,0,0,0,0,0,0,0,0,0,0,0,0,0,0,0,0,0,0,0,0,0,0,0,0,0,0,0,0,0,0,0,0,0,0,0,0,0,0,0
Apis_cera,0,0,0,0,0,0,0,0,0,0,0,0,0,0,0,0,0,0,0,0,0,0,0,0,0,0,1,0,0,0,0,0,0,0,0,0,0,0,0,0,0,0,0,0,1,0,0,0,0,0,0,0,0,0,0,0,0,0,0,0,0,0,0,0,0,1,0,0,0,0,0,0,0,0,1,0,0,0,0,0,0,0,0,0,0,0,0,0,0,0,0,0,0,0,0,0,0,0,0,0,0,0,0,0,0,1,0,0,0,0,0,0,0,0,0,0,0,0,0,0,0,0,0,1,0,0,0,0,0,0,0,0,0,0,0,0,0,0,0,0,0,0,0,0,0,0,0,0,0,0,0,0,0,0,0,0,0,0,0,0,0,0,0,0,0,0,0,0,0,0,0,0,0,0,0,0,0,0,0,0,0,0,0,0,0,0,0,0,0,0,0,0,0,0,0,0,0,0,0,0,0,0,0,0,0,0,0,0,0,0,0,0,0,0,0,0
Apis_mell,0,0,0,0,0,0,0,0,0,0,0,0,0,0,0,0,0,0,0,0,0,0,0,0,0,0,1,0,0,0,0,0,0,0,0,0,0,0,0,0,0,0,1,0,1,0,0,0,0,0,0,1,0,0,0,0,0,0,0,0,0,0,0,0,0,1,0,0,0,0,0,0,0,0,1,0,0,0,0,0,0,0,0,0,0,0,0,0,0,0,1,0,0,0,0,0,0,0,0,0,0,0,0,0,1,1,0,0,0,0,0,0,0,1,0,0,0,0,0,0,0,0,0,1,0,0,0,0,0,0,0,0,0,0,0,0,0,0,0,0,0,0,0,0,0,0,0,0,0,0,0,0,0,0,0,0,0,0,0,0,0,0,0,0,0,0,0,0,0,0,0,0,0,0,0,0,0,0,0,0,0,0,0,0,0,0,0,0,0,0,0,0,0,0,0,0,0,0,0,0,0,0,0,0,0,0,0,0,0,0,0,0,0,0,0,0
Apte_fors,0,0,0,1,0,1,1,1,1,1,1,1,1,1,1,1,0,1,1,1,1,1,1,1,1,0,0,2,1,1,0,1,1,1,0,1,1,1,1,0,1,0,2,0,0,1,0,0,1,0,1,0,1,0,0,1,0,0,1,0,0,1,0,1,1,1,1,0,2,0,0,0,1,1,1,1,1,1,0,0,1,1,2,1,1,2,0,1,1,1,1,1,1,1,1,1,1,1,1,1,1,1,1,0,0,0,1,1,1,1,0,0,1,0,1,1,1,1,1,1,1,1,0,0,1,0,0,0,0,0,0,1,1,1,1,1,1,1,1,0,1,1,1,1,1,1,1,1,1,1,2,1,1,2,3,4,1,2,2,1,1,0,2,1,1,0,2,2,0,0,0,1,1,0,1,1,1,0,1,0,0,0,1,1,1,1,1,1,1,0,1,1,1,0,0,1,1,1,1,1,0,1,1,1,2,1,0,1,1,1,1,1,1,1,1,1
Apte_mant,1,0,1,1,1,1,1,1,1,1,1,1,1,1,1,1,0,1,1,1,1,1,0,1,1,0,0,2,1,1,0,1,0,1,0,1,1,1,1,0,1,2,2,0,0,1,2,1,1,0,0,1,1,1,0,1,1,1,2,0,1,0,3,1,1,1,1,0,2,1,1,0,1,1,1,1,1,1,0,0,1,1,1,1,1,1,1,1,1,1,1,1,1,1,1,1,1,1,1,1,1,1,1,2,2,0,1,0,0,1,0,0,0,1,1,1,1,1,2,1,1,1,0,0,1,1,1,1,1,1,2,1,1,1,0,1,1,1,1,1,1,1,1,1,1,1,0,1,1,1,2,1,1,2,1,3,1,1,1,1,2,1,2,2,1,1,1,1,1,1,1,1,1,0,1,1,1,0,1,1,1,1,0,1,1,0,0,2,1,2,1,1,1,0,1,2,3,1,1,1,0,1,1,1,1,2,1,1,1,1,1,1,0,1,1,1
Apte_owen,1,0,0,1,1,1,1,1,1,1,1,0,0,1,1,1,0,1,1,1,1,1,0,1,1,0,0,0,1,1,1,1,1,1,1,1,1,1,1,0,1,1,2,0,0,1,0,1,1,0,0,0,0,1,0,1,1,1,2,0,2,1,2,1,1,1,1,0,2,1,1,0,1,1,1,1,1,1,1,0,1,1,1,1,1,1,1,1,1,1,1,1,0,1,1,1,1,1,1,1,1,1,1,1,2,0,1,0,0,1,0,0,0,0,1,1,1,1,1,1,1,1,0,1,3,1,1,1,2,1,2,1,1,1,1,1,1,1,1,1,1,1,1,1,1,1,1,1,1,1,1,1,0,2,2,4,1,2,2,1,1,2,2,2,1,3,2,2,1,1,1,1,1,1,1,0,1,1,1,1,1,1,1,1,1,1,1,1,1,1,1,1,1,0,1,2,3,1,1,1,1,1,1,1,2,1,1,1,1,1,1,1,1,1,1,1
Apte_pata,0,0,0,1,0,1,1,1,1,1,1,1,1,1,1,1,0,1,1,1,1,1,1,1,1,1,0,0,1,1,1,1,1,1,0,1,1,1,1,0,1,0,0,0,0,1,0,1,1,0,1,0,0,0,0,0,0,0,1,0,0,1,0,1,1,0,0,1,0,1,1,1,1,1,0,0,1,1,0,0,1,1,2,1,1,1,1,1,1,1,1,1,1,1,1,1,1,1,1,1,1,1,1,0,0,0,1,0,1,1,0,0,1,0,1,1,1,1,1,1,1,1,0,0,0,0,0,0,0,0,0,0,0,0,0,0,0,0,0,1,1,0,1,1,1,1,1,1,1,1,0,0,0,1,1,2,0,1,1,1,0,0,1,1,1,1,2,2,1,1,1,1,1,0,1,0,0,0,0,1,1,0,1,1,1,1,1,1,1,1,1,0,0,0,1,2,1,1,1,1,0,1,1,0,0,0,0,0,0,0,0,1,1,0,0,0
Aqui_chry,1,0,1,1,1,1,1,1,1,1,1,1,1,1,1,1,1,1,1,1,1,1,1,1,1,0,0,2,1,1,1,1,1,1,1,1,1,1,1,1,1,1,0,0,0,1,0,1,1,1,0,0,1,2,0,1,1,2,0,0,3,1,0,1,1,1,1,0,0,0,1,0,1,1,1,1,1,1,1,0,1,1,1,1,1,1,1,1,1,1,1,1,1,1,1,1,1,1,1,1,1,1,1,1,0,0,1,0,1,1,1,0,0,0,1,1,1,1,1,1,1,1,0,0,1,1,2,1,2,2,1,1,1,1,1,1,1,1,1,1,1,1,1,1,1,1,1,1,1,2,2,2,2,1,3,4,1,2,2,1,1,2,2,2,1,1,2,3,1,1,1,1,1,0,1,1,1,1,1,1,1,3,1,1,1,1,1,1,1,1,1,1,1,0,1,0,1,1,1,1,1,1,1,1,2,2,1,1,1,1,2,1,1,1,1,1
Aqui_coer,0,0,0,0,0,0,0,0,0,0,0,0,0,0,0,0,0,0,0,0,0,0,0,0,0,0,0,0,0,0,0,0,0,0,0,0,0,0,0,0,0,0,0,0,0,0,0,0,0,0,0,0,0,0,0,0,0,0,0,0,0,0,0,0,0,0,0,0,0,0,0,0,0,0,0,0,0,0,0,0,0,0,0,0,0,0,0,0,0,0,0,0,0,0,0,0,0,1,0,0,0,0,0,0,0,0,0,0,0,0,0,0,0,0,0,0,0,0,0,0,0,0,0,0,0,0,0,0,0,0,0,0,0,0,0,0,0,0,0,0,0,0,0,0,0,0,0,0,0,0,0,0,0,0,0,0,0,0,0,0,0,0,0,0,0,0,0,0,0,0,0,0,0,0,0,0,0,0,0,0,0,0,0,0,0,0,0,0,0,0,0,0,0,0,0,0,0,0,0,0,0,0,0,0,0,0,0,0,0,0,0,0,0,0,0,0
Arac_dura,0,0,0,0,0,0,0,0,0,0,0,0,0,0,0,0,0,0,0,0,0,0,0,0,0,0,0,0,0,0,0,0,0,0,0,0,0,0,0,1,0,0,0,0,0,0,0,0,0,0,0,0,0,0,0,0,0,0,0,0,0,0,0,0,0,0,0,0,0,0,0,0,0,0,0,0,0,0,0,0,0,0,0,0,0,0,0,0,0,0,0,0,0,0,0,0,0,0,0,0,0,0,0,0,0,0,0,0,0,0,0,0,0,0,0,0,0,0,0,0,0,0,0,0,0,0,0,0,0,0,0,0,0,0,0,0,0,0,0,0,0,0,0,0,0,0,0,0,0,0,0,0,0,0,0,0,0,0,0,0,0,0,0,0,0,0,0,0,0,0,0,0,0,0,0,0,0,0,0,0,0,0,0,0,0,0,0,0,0,0,0,0,0,0,0,0,0,0,0,0,0,0,0,0,0,0,0,0,0,0,0,0,0,0,0,0
Arac_hypo,0,0,0,0,0,0,0,0,0,0,0,0,0,0,0,0,0,0,0,0,0,0,0,0,0,0,0,0,0,0,0,0,0,0,0,0,0,0,0,1,0,0,0,0,0,0,0,0,0,0,0,0,0,0,0,0,0,0,0,0,0,0,0,0,0,0,0,0,0,0,0,0,0,0,0,0,0,0,0,0,0,0,0,0,0,0,0,0,0,0,0,0,0,0,0,0,0,0,0,0,0,0,0,0,0,0,0,0,0,0,0,0,0,0,0,0,0,0,0,0,0,0,0,0,0,0,0,0,0,0,0,0,0,0,0,0,0,0,0,0,0,0,0,0,0,0,0,0,0,0,0,0,0,0,0,0,0,0,0,0,0,0,0,0,0,0,0,0,0,0,0,0,0,0,0,0,0,0,0,0,0,0,0,0,0,0,0,0,0,0,0,0,0,0,0,0,0,0,0,0,0,0,0,0,0,0,0,0,0,0,0,0,0,0,0,0
Aram_guar,0,0,0,0,0,0,0,0,0,0,1,1,1,1,1,1,0,1,1,1,1,1,1,1,1,1,0,0,1,1,1,1,1,1,0,1,1,1,1,0,1,0,2,0,0,1,0,1,1,0,1,0,0,0,0,0,0,0,1,0,0,1,1,1,1,0,0,1,1,1,1,1,1,1,0,0,1,1,0,0,1,1,2,1,1,1,1,1,1,1,1,1,1,1,1,0,0,0,1,1,1,1,1,0,2,0,1,0,1,1,0,0,1,0,1,1,1,1,1,1,1,1,0,0,1,0,0,0,0,0,0,1,1,1,1,1,1,1,1,1,1,0,1,1,1,1,1,1,1,0,0,0,0,0,0,0,0,0,0,0,0,0,0,0,0,1,1,1,0,0,0,1,1,1,1,0,0,0,0,1,1,0,1,1,1,1,1,1,1,1,1,1,1,0,1,2,1,1,1,1,0,1,1,0,1,1,0,0,0,0,0,1,1,1,1,1
Arde_kori,0,0,1,1,1,1,1,1,1,1,1,1,1,1,1,1,0,1,1,1,1,1,1,1,1,1,0,0,1,1,0,1,1,1,0,1,1,1,1,0,1,0,2,0,0,1,1,1,1,0,0,0,0,1,0,0,0,0,1,0,0,1,1,1,1,0,0,1,4,1,2,1,1,1,0,0,1,1,0,0,1,1,2,1,1,1,1,1,1,1,1,1,1,1,1,1,1,1,1,1,1,1,1,0,0,0,1,1,1,1,0,0,1,0,1,1,1,1,1,1,1,1,0,0,1,0,0,0,0,0,0,1,1,1,1,1,1,1,1,1,1,0,1,1,1,1,1,1,1,0,0,0,0,0,0,1,0,0,0,0,2,0,0,1,1,1,1,0,1,1,1,1,1,1,1,0,0,0,0,1,1,0,1,1,1,1,1,1,1,1,1,0,0,0,1,2,1,1,1,1,0,1,1,0,1,0,0,0,0,0,0,1,1,0,0,0
Aren_dong,0,0,0,0,0,0,0,0,0,0,0,0,0,0,0,0,0,0,0,0,0,0,0,0,0,0,0,0,0,0,0,0,0,0,0,0,0,0,0,0,0,0,0,0,0,0,0,0,0,0,0,0,0,0,0,0,0,0,0,0,0,0,0,0,0,0,0,0,0,0,0,1,0,0,0,0,0,0,0,0,0,0,0,0,0,0,0,0,0,0,0,0,0,0,0,0,0,0,0,0,0,0,0,0,0,0,0,0,0,0,0,0,0,0,0,0,0,0,0,0,0,0,0,0,0,0,0,0,0,0,0,0,0,0,0,0,0,0,0,0,0,0,0,0,0,0,0,0,0,0,0,0,0,0,0,0,0,0,0,0,0,0,0,0,0,0,0,0,0,0,0,0,0,0,0,0,0,0,0,0,0,0,0,0,0,0,0,0,0,0,0,0,0,0,0,0,0,0,0,0,0,0,0,0,0,0,0,0,0,0,0,0,0,0,0,0
Aren_inte,0,0,0,1,1,1,1,1,1,1,1,1,1,1,1,1,1,1,1,1,1,1,1,1,1,1,0,0,1,1,1,1,1,1,0,0,0,0,1,1,1,0,0,0,0,0,0,0,1,0,0,0,1,1,0,0,0,0,0,0,0,0,0,1,1,1,1,1,1,1,1,1,1,1,1,1,1,1,0,0,1,1,1,1,1,1,1,1,1,1,1,1,1,1,1,1,1,1,1,1,1,1,1,1,0,0,1,0,1,1,1,0,0,0,1,1,1,1,1,1,1,1,0,0,1,0,0,0,0,0,0,1,1,0,0,1,1,1,1,1,2,0,1,1,1,1,1,1,1,1,2,0,0,0,1,1,1,0,0,1,2,0,0,1,0,0,1,1,1,1,1,1,1,1,1,1,1,0,0,1,1,2,1,1,1,1,1,1,1,1,1,1,1,0,1,2,1,0,0,0,0,0,0,0,0,0,0,0,0,0,0,1,1,1,1,1
Arma_nasa,0,0,0,0,0,0,0,0,0,0,0,0,0,0,0,0,0,0,0,0,0,0,0,0,0,0,0,0,0,0,0,0,0,1,0,0,0,0,0,0,0,0,0,0,0,0,0,0,0,1,0,2,0,0,0,0,0,0,0,0,0,0,0,0,0,0,0,0,0,0,0,0,0,0,0,0,0,0,0,0,0,0,0,0,0,0,0,0,0,0,0,0,0,0,0,0,0,0,0,0,0,0,0,0,0,0,0,0,0,0,1,0,0,2,0,0,0,0,0,0,0,0,0,0,0,0,0,0,0,0,0,0,0,0,0,0,0,0,0,0,0,0,0,0,0,0,0,0,0,0,0,0,0,0,0,0,0,0,0,0,0,0,0,0,0,0,0,0,0,0,0,0,0,0,0,0,0,0,0,0,0,0,0,0,0,0,0,0,0,0,0,1,0,0,0,0,0,0,0,0,0,0,0,0,0,0,0,0,0,0,0,0,0,0,0,0
Arma_vulg,0,0,0,0,0,0,0,0,0,0,0,0,0,0,0,0,0,0,0,0,0,0,0,0,0,0,0,0,0,0,0,0,0,0,0,0,0,0,0,0,0,0,0,0,0,0,0,0,0,1,0,1,0,0,0,0,0,0,0,0,0,0,0,0,0,0,0,0,0,0,0,0,0,0,0,0,0,0,0,0,0,0,0,0,0,0,0,0,0,0,0,0,0,0,0,0,0,0,0,0,0,0,0,0,0,0,0,0,0,0,1,0,0,1,0,0,0,0,0,0,0,0,0,0,0,0,0,0,0,0,0,0,0,0,0,0,0,0,0,0,0,0,0,0,0,0,0,0,0,0,0,0,0,0,0,0,0,0,0,0,0,0,0,0,0,0,0,0,0,0,0,0,0,0,0,0,0,0,0,0,0,0,0,0,0,0,1,0,0,0,0,1,0,0,0,0,0,0,0,0,0,0,0,0,0,0,0,0,0,0,0,0,0,0,0,0
Asar_scut,1,0,1,1,0,1,1,1,1,1,1,1,1,1,1,1,1,1,1,1,1,1,1,1,1,2,1,0,1,1,1,1,1,1,0,0,0,0,1,1,1,0,0,0,0,0,0,1,1,0,0,0,0,1,0,0,0,0,1,0,0,1,0,1,1,0,0,1,3,2,1,1,1,1,0,0,1,1,0,1,1,1,1,1,1,1,1,1,1,1,1,1,1,1,1,1,1,1,1,1,1,1,1,0,0,0,1,0,0,0,1,0,0,0,1,1,1,1,1,1,1,1,0,1,1,0,0,0,0,0,0,0,0,0,0,0,0,1,0,1,1,1,1,1,1,1,1,1,1,0,0,0,0,0,1,1,0,0,0,1,1,0,0,0,0,2,1,0,1,1,1,1,1,1,1,0,1,0,0,1,1,0,1,1,1,1,1,1,1,1,1,1,1,0,1,2,1,1,1,1,0,1,1,0,0,0,0,0,0,0,2,1,1,1,1,1
Asbo_verr,0,0,0,0,0,0,0,0,0,0,0,0,0,0,0,0,0,0,0,0,0,0,0,0,0,0,1,0,0,0,0,0,0,0,0,0,0,0,0,0,0,0,0,0,0,0,0,0,0,0,0,1,0,0,0,0,0,0,1,0,0,0,0,0,0,0,0,0,0,0,0,0,0,0,0,0,0,0,0,0,0,0,0,0,0,0,0,0,0,0,0,0,0,0,0,0,0,0,0,0,0,0,0,0,0,0,0,0,0,0,0,0,0,1,0,0,0,0,0,0,0,0,0,1,0,0,0,0,0,0,0,0,0,0,0,0,0,0,0,0,0,0,0,0,0,0,0,0,0,0,0,0,0,0,0,0,0,0,0,0,0,0,0,0,0,0,0,0,0,0,0,0,0,0,0,0,0,0,0,0,0,0,0,0,0,0,0,0,0,0,0,0,0,0,0,0,0,0,0,0,0,0,0,0,0,0,0,0,0,0,0,0,0,0,0,0
Asty_mexi,0,0,0,1,1,1,0,1,1,1,0,0,1,0,0,1,1,0,1,0,0,0,1,1,0,2,2,4,1,1,1,1,1,1,0,1,2,0,1,1,1,2,1,1,2,1,1,1,1,1,2,2,1,0,0,0,1,1,1,0,1,1,1,0,0,2,5,1,1,0,1,0,0,0,2,4,1,1,4,0,0,0,0,0,1,1,0,1,1,3,0,1,0,1,1,2,2,2,1,1,1,1,0,2,2,2,1,1,1,1,1,1,2,2,0,1,1,0,1,0,1,1,0,0,1,1,2,1,2,1,1,0,0,1,1,0,0,0,0,2,0,1,1,0,0,0,1,1,1,1,1,0,3,0,0,2,1,3,2,1,0,1,1,1,2,0,0,1,1,0,2,1,0,0,0,0,0,2,0,0,0,0,0,1,1,0,1,0,0,1,0,1,1,1,0,2,0,2,0,0,3,1,2,2,0,0,0,1,0,1,2,1,0,1,2,1
Athe_cuni,1,0,0,1,1,1,1,1,1,1,1,1,1,1,1,1,0,1,1,1,1,1,0,1,1,0,0,0,1,1,0,1,1,1,0,1,1,1,0,0,0,1,2,0,0,1,0,2,1,0,1,0,1,1,0,1,1,1,1,0,0,0,1,1,1,1,1,0,0,0,0,0,1,1,1,1,0,1,0,0,1,1,2,1,1,1,1,1,1,0,1,1,1,1,1,1,1,1,1,1,1,1,1,1,2,0,1,1,1,1,0,0,0,0,1,1,1,1,1,1,1,1,0,1,1,1,1,1,0,1,1,1,1,1,1,1,1,1,1,1,1,0,1,0,1,1,0,1,1,2,1,1,1,1,1,1,1,1,1,0,0,2,1,0,0,1,2,2,1,1,1,1,1,1,1,1,1,1,1,1,1,3,1,1,1,1,1,1,1,1,1,1,0,0,1,1,3,1,1,1,0,1,1,1,2,1,0,1,1,1,1,1,2,1,1,1
Atla_roge,1,0,1,0,0,0,0,0,0,0,1,0,0,0,1,1,0,1,0,1,0,0,0,1,1,1,0,0,0,0,0,0,0,0,0,1,1,1,1,1,1,0,2,1,0,0,0,0,0,0,0,0,0,0,0,0,0,0,0,0,0,0,0,1,1,0,0,1,0,1,1,1,1,1,0,0,0,0,0,0,0,0,0,0,0,0,0,0,0,0,0,0,1,1,1,0,0,0,1,1,1,1,1,0,2,0,0,1,0,0,0,1,0,0,1,1,1,1,1,1,1,1,0,0,0,0,0,0,0,0,0,1,1,0,0,1,1,1,1,1,1,1,1,1,1,1,1,1,1,0,0,1,1,1,1,1,0,1,1,1,0,1,1,0,1,1,1,1,1,1,1,1,1,1,1,0,0,1,0,0,0,2,0,0,1,0,0,1,1,1,1,1,1,0,1,0,0,0,0,0,0,0,0,0,0,0,0,0,0,0,0,1,1,1,1,1
Atra_spat,1,0,1,1,1,1,1,1,1,1,1,1,1,1,1,1,2,1,1,0,1,0,0,1,1,1,2,2,1,1,1,1,1,0,0,1,1,1,1,1,1,3,2,1,2,1,1,1,1,1,2,2,0,0,1,0,1,2,2,0,1,2,2,1,1,0,1,1,3,1,1,0,1,1,0,1,1,1,2,0,0,1,1,1,1,1,1,1,1,1,0,0,0,1,0,1,1,1,1,1,0,1,0,3,2,2,1,1,1,1,1,1,2,1,1,0,0,1,1,1,1,0,0,1,1,2,2,1,1,1,1,0,0,0,0,1,0,0,1,1,0,2,0,1,1,2,1,1,1,1,0,2,1,1,0,2,2,2,2,2,0,2,1,1,3,1,1,1,1,1,0,0,0,1,0,0,0,2,1,0,0,2,1,1,1,1,1,0,1,0,1,0,0,0,1,2,0,1,1,1,0,1,0,2,1,1,1,1,1,1,1,1,1,1,1,1
Atri_clam,1,0,1,0,0,0,0,0,0,0,1,1,1,1,1,1,1,1,1,1,1,1,1,1,1,1,0,0,1,1,1,1,1,1,0,1,1,1,1,1,1,0,2,1,0,0,1,1,1,0,0,1,1,1,0,0,1,1,1,0,0,1,1,1,1,0,0,1,2,2,1,1,1,1,0,0,1,1,0,0,1,1,1,1,1,1,1,1,1,1,1,0,1,1,1,0,0,0,1,1,1,1,1,0,2,0,1,0,1,1,1,0,0,0,1,1,1,1,1,1,1,1,0,0,1,1,1,1,0,1,1,2,2,1,1,1,1,1,1,1,2,1,1,1,1,1,1,1,1,0,1,0,0,0,1,1,1,0,0,0,1,0,0,0,0,0,1,1,1,1,1,1,1,1,1,1,1,0,0,0,0,0,0,0,0,0,0,1,1,1,1,1,1,0,1,1,1,1,1,1,0,1,1,1,0,1,0,1,0,1,0,1,1,1,1,1
Atta_ceph,0,0,0,0,0,0,0,0,0,0,0,0,0,0,0,0,0,0,0,0,0,0,0,0,0,0,0,0,0,0,0,0,0,1,0,0,0,0,0,0,0,1,1,0,0,0,0,0,0,0,0,1,0,0,0,0,0,0,0,0,0,0,0,0,0,1,0,0,0,0,0,0,0,0,1,0,0,0,0,0,0,0,0,0,0,0,0,0,0,0,0,0,0,0,0,0,0,0,0,0,0,0,0,1,1,0,0,0,0,0,0,0,0,1,0,0,0,0,0,0,0,0,0,1,0,0,0,0,0,0,0,0,0,0,0,0,0,0,0,0,0,0,0,0,0,0,0,0,0,0,0,0,0,0,0,0,0,0,0,0,0,0,0,0,0,0,0,0,0,0,0,0,0,0,0,0,0,0,0,0,0,0,0,0,0,0,0,0,0,0,0,0,0,0,0,0,0,0,0,0,0,0,0,0,0,0,0,0,0,0,0,0,0,0,0,0
Aust_limn,1,0,1,1,1,0,1,1,1,1,0,1,1,1,1,0,2,0,1,1,1,1,1,1,1,3,3,3,1,0,1,0,0,1,0,0,0,1,1,1,1,3,3,1,3,1,1,1,1,1,2,2,0,0,3,0,1,2,1,0,2,1,1,0,0,3,3,1,2,0,1,0,0,0,3,2,1,1,3,0,1,1,0,0,0,1,1,0,0,2,0,1,1,0,1,0,0,0,1,1,0,1,1,3,3,3,0,1,1,1,0,1,2,2,0,0,0,1,0,0,0,1,0,1,0,1,2,1,2,1,1,0,0,1,1,0,0,0,2,0,0,1,0,1,0,1,1,0,0,0,0,2,1,0,0,2,1,0,0,2,0,1,1,1,2,0,0,1,1,1,1,1,0,1,0,0,0,0,0,1,0,0,1,1,1,1,1,0,0,0,1,1,1,0,1,2,0,0,1,0,2,1,1,1,1,0,1,1,1,2,2,0,0,0,0,0
Ayth_fuli,1,0,1,1,1,1,1,1,1,1,1,1,1,1,1,1,1,1,1,1,1,1,1,1,1,0,0,2,1,1,1,1,1,1,1,1,1,1,1,1,1,0,0,0,0,0,0,1,1,2,0,0,1,1,0,1,1,1,0,0,2,1,0,1,1,1,1,1,4,2,1,1,1,1,1,1,1,1,1,0,1,1,1,1,1,1,1,1,1,1,1,1,1,1,1,1,1,1,1,1,1,1,1,0,0,0,1,0,0,1,2,0,0,0,1,1,1,1,1,1,1,1,0,1,2,1,1,1,2,1,1,1,1,1,1,1,1,1,1,1,1,1,1,1,1,1,1,1,1,1,1,1,1,2,2,3,1,2,2,2,0,1,2,2,3,2,2,2,1,1,1,1,1,1,1,1,2,0,1,1,1,1,1,1,1,1,1,1,1,1,1,1,1,0,1,2,1,1,1,1,1,1,1,1,1,2,0,1,1,1,2,1,1,1,1,1
Bact_dors,0,0,0,0,0,0,0,0,0,0,0,0,0,0,0,0,0,0,0,0,0,0,0,0,0,0,1,0,0,0,0,0,0,0,0,0,0,0,0,0,0,0,0,0,0,0,0,0,0,0,0,0,0,0,0,0,0,0,0,0,0,0,0,0,0,0,0,0,0,0,0,0,0,0,0,0,0,0,0,0,0,0,0,0,0,0,0,0,0,0,0,0,0,0,0,0,0,0,0,0,0,0,0,0,0,0,0,0,0,0,0,0,0,0,0,0,0,0,0,0,0,0,0,0,0,0,0,0,0,0,0,0,0,0,0,0,0,0,0,0,0,0,0,0,0,0,0,0,0,0,0,0,0,0,0,0,0,0,0,0,0,0,0,0,0,0,0,0,0,0,0,0,0,0,0,0,0,0,0,0,0,0,0,0,0,0,0,0,0,0,0,0,0,0,0,0,0,0,0,0,0,0,0,0,0,0,0,0,0,0,0,0,0,0,0,0
Bact_faec,0,0,0,0,0,0,0,0,0,0,0,0,0,0,0,0,0,0,0,0,0,0,0,0,0,0,0,0,0,0,0,0,0,0,0,0,0,0,0,0,0,0,0,0,0,0,0,0,0,0,0,0,0,0,0,0,0,0,0,0,0,0,0,0,0,0,0,0,0,0,0,0,0,0,0,0,0,0,0,0,0,0,0,0,0,0,0,0,0,0,0,0,0,0,0,0,0,0,0,0,0,0,0,0,0,0,0,0,0,0,0,0,0,0,0,0,0,0,0,0,0,0,0,0,0,0,0,0,0,0,0,0,0,0,0,0,0,0,0,0,0,0,0,0,0,0,0,0,0,0,0,0,0,0,0,0,0,0,0,0,0,0,0,0,0,0,0,0,0,0,0,0,0,0,0,0,0,0,0,0,0,0,0,0,0,0,0,0,0,0,0,0,0,0,0,0,0,0,0,0,0,0,0,0,0,0,0,0,0,0,0,0,0,1,0,0
Baga_yarr,0,0,0,1,1,0,1,0,0,0,1,1,1,0,0,1,2,1,1,1,1,1,1,0,1,1,1,4,0,0,1,0,0,0,1,1,0,0,0,1,0,1,1,2,3,1,1,1,1,2,2,1,1,1,2,1,1,2,1,0,2,2,1,0,1,1,1,0,0,0,0,0,0,1,1,1,1,1,2,0,0,0,1,0,0,0,0,0,1,1,1,0,0,1,0,1,1,0,0,0,0,0,1,1,2,3,1,1,1,1,2,2,2,2,0,0,0,0,0,0,0,0,0,0,1,1,2,1,2,1,1,0,0,1,0,0,1,0,0,0,1,3,1,0,1,0,2,1,1,0,1,1,3,0,0,2,1,1,2,1,1,2,1,1,2,0,0,1,0,0,0,0,0,0,0,1,1,3,1,0,0,0,1,0,0,1,0,0,0,0,0,1,1,0,1,0,0,0,0,0,2,0,0,0,0,0,0,0,0,0,1,1,0,1,1,1
Bala_acut,1,1,1,1,1,1,1,1,1,1,1,1,1,1,1,1,1,1,1,1,1,1,1,1,1,0,1,2,1,1,1,1,1,1,1,1,1,1,1,1,1,2,2,3,1,3,2,2,2,3,2,2,2,3,3,3,1,1,1,0,1,1,1,2,1,1,3,1,1,1,1,1,2,1,1,4,0,1,1,0,1,1,1,1,1,1,1,1,1,0,1,1,1,1,1,1,1,1,1,1,1,1,1,2,2,1,3,2,2,2,2,2,2,2,1,1,1,1,1,1,1,1,1,2,2,1,1,1,1,0,1,1,1,1,1,1,1,1,1,1,1,2,1,1,1,1,1,1,1,2,2,1,1,1,1,1,1,2,1,2,1,2,2,1,3,1,1,2,1,1,1,1,1,2,1,2,3,2,3,1,1,3,1,1,1,1,1,1,1,1,1,1,1,1,1,1,1,1,1,0,1,1,0,1,1,1,1,1,1,1,1,1,1,1,1,1
Bala_musc,1,1,1,1,1,1,1,1,1,1,1,1,1,1,1,1,1,1,1,1,1,1,1,1,1,1,1,3,1,1,1,1,1,1,1,1,1,1,1,1,1,2,2,1,2,2,2,2,1,3,2,2,6,7,2,7,1,1,2,0,3,1,1,2,2,2,2,1,1,1,1,1,2,2,2,2,1,1,2,1,1,1,1,1,1,1,1,1,1,1,1,1,1,1,1,1,1,1,1,1,1,1,1,2,2,2,1,2,2,1,2,1,2,2,1,1,1,1,1,1,1,1,1,2,3,2,1,2,3,2,2,1,1,1,1,1,1,1,1,1,1,2,1,1,1,1,1,1,1,2,2,1,1,1,1,1,1,2,2,2,1,2,2,1,3,1,1,2,1,1,1,1,1,2,1,6,7,5,7,1,1,3,1,1,1,1,1,1,1,1,1,1,1,1,1,1,1,1,1,1,3,1,1,1,1,1,2,1,1,1,1,1,1,1,1,1
Bala_phys,1,0,1,1,1,1,1,1,1,1,1,1,1,1,1,1,0,1,1,1,1,1,1,1,1,0,0,5,0,1,1,0,0,1,1,0,1,0,1,1,1,1,2,1,1,2,1,1,1,2,1,1,0,0,2,0,2,1,2,0,0,1,1,0,1,0,1,1,2,1,1,1,0,1,0,1,1,1,0,0,1,1,1,1,1,1,1,1,1,0,1,0,0,1,1,1,1,1,1,1,1,1,0,1,2,1,1,1,1,1,2,1,1,1,0,0,1,0,0,0,1,0,1,1,1,4,1,2,0,1,2,1,1,1,1,1,1,1,1,1,0,2,1,0,1,1,0,1,1,2,0,2,0,0,1,1,0,0,0,1,0,2,0,0,0,0,0,0,1,1,1,0,1,0,1,0,0,0,0,0,0,0,1,0,1,1,1,1,1,1,1,1,1,1,0,1,0,1,1,1,0,1,1,0,0,0,1,0,1,0,0,1,2,1,1,1
Bala_rexX,1,0,1,0,1,1,1,1,1,1,1,1,1,0,0,0,0,0,0,0,0,0,0,0,0,0,0,0,1,1,1,1,1,1,0,0,0,0,0,0,0,0,0,0,0,0,0,0,0,0,1,0,0,0,0,0,0,0,0,0,0,0,0,0,0,0,0,1,2,1,1,1,0,0,0,0,0,1,0,0,1,1,0,1,1,1,0,0,1,0,1,0,0,0,0,1,1,1,0,0,0,0,0,0,0,0,0,0,0,0,0,1,1,0,1,1,1,1,1,1,1,1,0,0,0,0,0,0,0,0,0,1,1,1,1,1,1,1,1,0,1,0,0,0,0,0,1,0,0,1,0,0,0,0,1,0,0,0,0,0,0,0,0,0,0,0,0,0,0,0,1,1,1,1,1,0,0,0,0,1,1,0,1,1,1,1,1,1,1,1,1,1,1,0,1,0,0,0,0,0,0,0,0,0,1,1,0,0,0,0,0,0,1,1,1,1
Bale_regu,0,0,0,0,0,0,0,0,0,0,1,1,1,1,1,1,0,1,1,1,1,1,1,1,1,0,0,0,1,1,1,1,1,0,0,1,1,1,1,0,1,0,2,0,0,1,0,0,1,0,1,0,1,0,0,1,0,0,0,0,0,0,0,1,1,0,1,0,1,0,0,0,1,1,0,1,0,1,0,0,1,1,2,1,1,1,1,1,1,0,1,0,0,0,0,0,0,0,0,0,0,0,0,0,2,0,1,1,0,1,0,1,0,0,1,1,1,1,1,1,1,1,0,0,1,0,0,0,0,0,0,1,0,0,0,0,0,0,0,0,1,1,1,1,1,1,0,1,1,1,2,1,1,1,1,2,1,1,1,0,1,0,1,0,2,0,1,2,0,0,1,1,1,0,1,1,1,0,1,0,0,0,0,0,0,0,0,1,1,0,1,0,0,0,0,1,1,1,1,0,0,0,0,1,0,0,0,1,0,1,0,1,1,0,0,0
Bamb_thor,1,0,1,0,0,0,0,0,0,0,1,1,1,1,0,0,1,1,1,1,1,1,1,1,1,0,0,0,1,1,1,1,1,1,1,1,1,1,1,1,1,0,2,0,0,1,0,0,1,0,0,0,1,0,0,1,0,0,1,0,0,1,1,1,1,0,2,1,0,2,1,1,1,1,0,2,0,0,0,0,0,0,1,0,0,0,0,0,0,0,0,0,0,0,0,0,0,0,0,0,0,0,0,0,2,0,1,1,0,1,1,0,0,0,0,0,0,0,0,0,0,0,0,0,0,0,0,0,0,0,0,0,2,0,0,1,1,1,1,0,0,2,0,0,0,1,1,0,0,0,0,0,0,0,0,2,2,0,0,0,0,1,0,0,1,2,0,0,0,1,2,0,0,0,0,1,0,0,1,0,1,1,1,0,1,1,1,0,0,0,0,1,1,0,1,0,2,1,1,1,0,1,1,0,0,0,0,0,0,0,0,1,0,1,0,0
Bary_mart,1,0,1,0,0,0,0,0,0,0,1,1,1,1,1,1,1,1,1,1,1,1,1,1,1,1,0,0,1,1,1,1,1,1,0,1,1,1,1,0,1,0,0,1,0,1,0,1,1,0,0,1,0,0,0,0,0,0,1,0,0,0,1,1,1,0,0,0,2,1,1,0,1,1,0,0,1,1,0,0,1,1,1,1,1,1,1,1,1,1,1,1,1,1,1,0,0,0,1,1,1,1,1,0,0,0,1,0,1,0,1,1,0,0,1,1,1,1,1,1,1,1,1,0,0,0,0,0,0,0,0,0,0,1,1,1,1,0,0,1,1,0,1,1,1,1,1,1,1,1,0,0,0,0,0,0,0,0,0,0,1,0,0,1,0,0,1,0,1,1,1,1,1,0,1,0,0,0,0,1,1,2,1,1,1,1,1,1,1,1,1,0,0,0,1,2,1,1,1,1,0,1,1,0,1,0,0,0,0,0,1,1,1,1,1,1
Biso_biso,1,1,1,1,1,1,1,1,1,1,1,1,1,1,1,1,1,1,1,1,1,1,1,1,1,1,1,4,0,1,1,0,1,1,1,1,1,1,1,1,1,1,1,1,1,1,1,1,0,0,1,1,2,3,3,3,2,1,2,0,1,1,1,0,1,0,2,1,1,1,1,1,0,1,0,2,1,1,0,0,1,1,0,1,1,1,1,1,1,0,1,1,1,1,1,1,1,1,1,1,1,1,1,1,1,1,1,1,1,0,0,1,1,1,1,1,1,1,1,0,1,0,1,2,1,1,1,2,1,2,1,1,1,1,1,1,1,1,1,1,1,1,1,1,1,1,1,1,1,2,2,1,0,1,1,1,1,1,1,2,1,2,2,1,1,1,1,1,1,1,1,1,1,1,1,2,2,2,3,1,1,3,1,1,1,1,1,1,1,1,1,1,1,2,1,1,1,1,1,1,1,1,1,1,1,1,2,1,1,1,2,1,1,1,1,1
Blat_germ,0,0,0,0,0,0,0,0,0,0,0,0,0,0,0,0,0,0,0,0,0,0,0,0,0,0,0,0,0,0,0,0,0,0,0,0,0,0,0,0,0,0,0,0,0,0,0,0,0,0,0,0,0,0,0,0,0,0,0,0,0,0,0,0,0,0,0,0,0,0,0,0,0,0,0,0,0,0,0,0,0,0,0,0,0,0,0,0,0,0,0,0,0,0,0,0,0,0,0,0,0,0,0,0,0,0,0,0,0,0,0,0,0,0,0,0,0,0,0,0,0,0,0,0,0,0,0,0,0,0,0,0,0,0,0,0,0,0,0,0,0,0,0,0,0,0,0,0,0,0,0,0,0,0,0,0,0,0,0,0,0,0,0,0,0,0,0,0,0,0,0,0,0,0,0,0,0,0,0,0,0,0,0,1,0,0,1,0,0,0,0,0,0,0,0,0,0,0,0,0,0,0,0,0,0,0,0,0,0,0,0,0,0,0,0,0
Bomb_garr,1,0,1,1,1,1,1,1,1,1,1,1,1,1,1,1,0,1,1,1,1,1,1,1,1,1,0,0,1,1,1,1,1,0,0,1,1,1,1,0,1,0,0,1,0,0,1,0,1,0,0,0,0,0,0,0,1,1,0,0,1,1,1,1,1,0,0,0,0,1,0,0,1,1,0,0,1,1,0,0,1,1,1,1,1,1,1,1,1,1,1,1,1,1,1,1,1,1,1,1,1,1,1,0,0,0,0,1,1,1,1,1,0,0,1,1,1,1,1,1,1,1,0,1,0,1,1,1,1,1,1,1,1,1,1,1,1,1,1,1,1,0,1,0,1,1,1,1,1,0,1,0,0,0,0,0,0,0,0,0,1,0,0,0,0,0,1,0,1,1,1,1,1,1,1,0,0,0,0,1,1,0,1,1,1,1,1,1,1,1,1,1,1,0,1,2,1,1,1,1,1,1,1,1,1,2,1,1,2,1,0,1,1,0,0,0
Bomb_vosn,0,0,0,0,0,0,0,0,0,0,0,0,0,0,0,0,0,0,0,0,0,0,0,0,0,0,1,0,0,0,0,0,0,0,0,0,0,0,0,0,0,0,1,0,1,0,0,0,0,0,0,0,0,0,0,0,0,0,0,0,0,0,0,0,0,1,0,0,0,0,0,0,0,0,1,0,0,0,0,0,0,0,0,0,0,0,0,0,0,0,0,0,0,0,0,0,0,0,0,0,0,0,0,0,1,1,0,0,0,0,0,0,0,1,0,0,0,0,0,0,0,0,0,1,0,0,0,0,0,0,0,0,0,0,0,0,0,0,0,0,0,0,0,0,0,0,0,0,0,0,0,0,0,0,0,0,0,0,0,0,0,0,0,0,0,0,0,0,0,0,0,0,0,0,0,0,0,0,0,0,0,0,0,0,0,0,1,0,0,0,0,0,0,0,0,0,0,0,0,0,0,0,0,0,0,0,0,0,0,0,0,0,0,0,0,0
BosX_indi,2,2,1,2,2,2,2,2,2,2,2,2,2,2,2,2,1,2,2,2,2,2,2,2,2,2,2,4,2,2,2,2,2,2,2,2,2,2,2,2,2,1,1,2,1,2,1,1,1,2,1,1,5,5,7,6,2,2,4,1,3,2,2,2,2,2,3,2,2,2,2,2,2,2,2,3,1,2,1,1,2,2,0,2,2,2,2,2,2,1,2,2,2,2,2,2,2,2,2,2,2,2,2,1,1,1,2,1,1,1,1,2,1,1,2,2,2,2,2,2,2,2,2,4,4,2,2,3,3,4,3,2,2,2,2,3,2,2,2,2,2,2,2,2,2,2,2,2,2,4,3,2,2,2,2,2,2,4,4,4,1,4,4,2,2,2,2,4,2,2,2,2,2,2,2,6,4,4,6,3,2,6,2,2,2,2,2,2,2,2,2,2,2,2,2,2,2,2,2,2,3,2,2,2,2,2,4,2,2,2,4,2,2,2,2,2
BosX_mutu,2,1,2,2,2,2,2,2,2,2,1,2,2,1,1,1,1,1,1,1,1,1,1,1,1,1,1,3,2,2,3,2,2,1,1,1,2,1,1,1,1,2,2,2,2,2,2,2,2,2,2,2,3,3,5,4,2,2,3,2,3,2,2,3,3,3,3,2,2,2,2,2,3,3,3,3,2,2,1,1,2,2,0,2,2,2,2,2,2,1,2,2,2,2,2,2,1,1,2,2,2,2,2,2,2,2,2,2,2,2,2,2,2,2,1,0,1,1,2,1,1,0,2,3,4,1,1,2,3,3,1,1,1,1,1,1,1,1,1,2,2,2,2,2,2,2,2,2,2,3,2,1,1,1,1,1,1,3,3,4,1,2,3,2,2,1,2,3,2,2,2,1,1,1,1,3,2,4,4,3,3,6,2,2,2,2,2,2,2,2,2,1,1,1,1,1,1,2,2,2,4,2,2,2,2,2,3,2,2,2,3,2,3,2,2,2
BosX_taur,1,1,1,1,1,1,1,1,1,1,1,1,1,1,1,1,1,1,1,1,1,1,1,1,1,1,1,3,2,2,2,2,2,1,1,1,1,1,1,1,1,1,1,1,1,1,1,1,1,1,1,1,3,3,4,3,1,1,2,1,2,1,1,1,1,1,1,1,1,1,1,1,1,1,1,1,1,1,1,1,1,1,0,1,1,1,1,1,1,1,1,1,1,1,1,1,1,1,1,1,1,1,1,1,1,1,1,1,1,1,1,1,1,1,1,1,1,1,1,1,1,1,1,2,2,1,1,1,2,2,1,1,1,1,1,2,1,1,1,1,1,1,1,1,1,1,1,1,1,2,2,1,1,1,1,1,1,2,2,2,1,2,2,1,1,1,1,2,1,1,1,1,1,1,1,3,2,3,3,1,2,3,1,1,1,1,1,1,1,1,1,1,1,1,1,1,1,1,1,1,2,1,1,1,1,1,2,1,1,1,2,1,1,2,2,2
Brac_atri,1,0,1,1,0,1,1,1,1,1,1,1,1,1,1,1,1,1,1,1,1,1,1,1,1,0,0,2,1,1,1,1,1,0,0,1,1,1,1,1,1,0,0,1,0,0,1,0,0,0,0,0,0,0,0,0,0,0,0,0,0,1,1,1,1,1,1,1,1,2,1,1,1,1,1,1,1,1,0,0,1,1,1,1,1,1,1,1,1,0,1,1,1,1,1,1,1,1,1,1,1,1,1,0,0,0,0,0,0,0,0,0,0,0,1,1,1,1,1,1,1,1,0,0,1,0,0,0,0,0,0,1,1,1,1,1,1,1,1,1,1,1,1,1,1,1,1,1,1,0,0,0,0,0,0,0,0,0,0,0,0,0,0,1,0,0,1,1,1,1,1,1,1,1,1,0,0,0,0,0,0,2,0,0,0,0,0,1,1,1,1,1,1,0,1,2,1,1,1,1,0,1,1,1,1,2,1,1,1,1,1,1,1,1,1,1
Brac_caly,0,0,0,0,0,0,0,0,0,0,0,0,0,0,0,0,0,0,0,0,0,0,0,0,0,0,0,0,0,0,0,0,0,0,0,0,0,0,0,1,0,0,0,0,0,0,0,0,0,0,0,0,0,0,0,0,0,0,0,0,0,0,0,0,0,0,0,0,0,0,0,0,0,0,0,0,0,0,0,0,0,0,0,0,0,0,0,0,0,0,0,0,0,0,0,0,0,0,0,0,0,0,0,0,0,0,0,0,0,0,0,0,0,0,0,0,0,0,0,0,0,0,0,0,0,0,0,0,0,0,0,0,0,0,0,0,0,0,0,0,0,0,0,0,0,0,0,0,0,0,0,0,0,0,0,0,0,0,0,0,0,0,0,0,0,0,0,0,0,0,0,0,0,0,0,0,0,0,0,0,0,0,0,0,0,0,0,0,0,0,0,1,0,0,0,0,0,0,0,0,0,0,0,0,0,0,0,0,0,0,0,0,0,0,1,0
Brac_dist,0,0,0,0,0,0,0,0,0,0,0,0,0,0,0,0,0,0,0,0,0,0,0,0,0,0,0,0,0,0,0,0,0,0,0,0,0,0,0,0,0,0,0,0,0,0,0,0,0,0,0,0,0,0,0,0,0,0,0,0,0,0,0,0,0,0,0,0,0,0,0,0,0,0,0,0,0,0,0,0,0,0,0,0,0,0,0,0,0,0,0,0,0,0,0,0,0,1,0,0,0,0,0,0,0,0,0,0,0,0,0,0,0,0,0,0,0,0,0,0,0,0,0,0,0,0,0,0,0,0,0,0,0,0,0,0,0,0,0,0,0,0,0,0,0,0,0,0,0,0,0,0,0,0,0,0,0,0,0,0,0,0,0,0,0,0,0,0,0,0,0,0,0,0,0,0,0,0,0,0,0,0,0,0,0,0,0,0,0,0,0,0,0,0,0,0,0,0,0,0,0,0,0,0,0,0,0,0,0,0,0,0,0,0,0,0
Brac_lept,1,0,1,1,0,1,1,1,1,1,1,1,1,0,0,0,0,0,0,0,0,0,0,0,0,0,0,2,1,1,1,1,1,1,0,1,1,1,0,0,0,0,0,0,0,0,0,1,0,0,0,0,0,0,0,0,0,0,0,0,0,0,0,0,1,0,1,1,0,2,1,1,0,1,0,1,1,1,0,0,1,1,1,1,1,1,1,1,1,1,1,1,1,1,1,1,1,1,1,1,1,1,1,0,0,0,0,0,0,0,0,0,0,0,1,1,1,1,1,1,1,1,0,1,1,0,0,0,0,0,0,1,1,1,1,1,1,2,1,1,1,1,1,1,1,1,1,1,1,0,0,1,0,1,1,0,1,0,0,1,1,0,0,1,0,2,1,1,1,1,1,1,1,1,1,0,0,0,0,1,1,2,1,1,1,1,1,1,1,1,1,1,1,0,1,0,0,0,0,0,0,0,0,0,1,0,0,0,0,0,0,1,1,1,1,1
Brac_plic,0,0,0,0,0,0,0,0,0,0,0,0,0,0,0,0,0,0,0,0,0,0,0,0,0,0,0,0,0,0,0,0,0,0,0,0,0,0,0,1,0,0,0,0,0,0,0,0,0,0,0,0,0,0,0,0,0,0,0,0,0,0,0,0,0,0,0,0,0,0,0,0,0,0,0,0,0,0,0,0,0,0,0,0,0,0,0,0,0,0,0,0,0,0,0,0,0,0,0,0,0,0,0,0,0,0,0,0,0,0,0,0,0,0,0,0,0,0,0,0,0,0,0,0,0,0,0,0,0,0,0,0,0,0,0,0,0,0,0,0,0,0,0,0,0,0,0,0,0,0,0,0,0,0,0,0,0,0,0,0,0,0,0,0,0,0,0,0,0,0,0,0,0,0,0,0,0,0,0,0,0,0,0,0,0,0,0,0,0,0,0,0,1,0,0,0,0,0,0,0,0,0,0,0,0,0,0,0,0,0,0,0,0,0,0,0
Brad_odor,0,0,0,0,0,0,0,0,0,0,0,0,0,0,0,0,0,0,0,0,0,0,0,0,0,0,0,0,0,0,0,0,0,0,0,0,0,0,0,0,0,0,1,0,0,0,0,0,0,0,0,1,0,0,0,0,0,0,0,0,0,0,0,0,0,0,0,0,0,0,0,0,0,0,0,0,0,0,0,0,0,0,0,0,0,0,0,0,0,0,0,0,0,0,0,0,0,0,0,0,0,0,0,0,1,0,0,0,0,0,0,0,0,1,0,0,0,0,0,0,0,0,0,0,0,0,0,0,0,0,0,0,0,0,0,0,0,0,0,0,0,0,0,0,0,0,0,0,0,0,0,0,0,0,0,0,0,0,0,0,0,0,0,0,0,0,0,0,0,0,0,0,0,0,0,0,0,0,0,0,0,0,0,0,0,0,0,0,0,0,0,0,0,0,0,0,0,0,0,0,0,0,0,0,0,0,0,0,0,0,0,0,0,0,0,0
Bran_belc,1,0,1,0,1,0,0,0,0,0,0,1,1,0,0,0,0,0,0,0,0,0,0,0,0,0,0,0,0,0,0,0,0,2,0,0,0,0,1,1,1,1,0,0,0,0,1,1,0,1,1,1,0,0,0,0,0,0,1,0,1,0,0,0,0,1,0,0,0,0,0,0,0,0,1,0,0,0,0,0,0,0,0,0,0,0,0,0,0,0,0,0,0,0,0,1,1,1,1,0,1,1,0,1,0,0,0,1,1,0,1,0,1,1,0,0,0,0,0,0,0,0,0,1,0,0,0,0,1,0,0,0,0,0,0,0,0,0,0,0,0,0,0,0,0,0,0,0,0,0,0,0,0,1,0,0,0,0,0,0,0,0,1,0,0,0,0,0,0,0,0,0,0,0,0,0,0,0,0,0,0,0,0,0,0,1,1,0,0,0,0,1,1,0,0,0,0,0,0,0,1,0,0,0,0,0,0,0,0,0,0,0,0,1,2,0
Brug_timo,0,0,0,0,0,0,0,0,0,0,0,0,0,0,0,0,0,0,0,0,0,0,0,0,0,0,0,0,0,0,0,0,0,0,0,0,0,0,0,1,0,0,0,0,0,0,0,0,0,0,0,0,0,0,0,0,0,0,0,0,0,0,0,0,0,0,0,0,0,0,0,0,0,0,0,0,0,0,0,0,0,0,0,0,0,0,0,0,0,0,0,0,0,0,0,0,0,0,0,0,0,0,0,0,0,0,0,0,0,0,0,0,0,0,0,0,0,0,0,0,0,0,0,0,0,0,0,0,0,0,0,0,0,0,0,0,0,0,0,0,0,0,0,0,0,0,0,0,0,0,0,0,0,0,0,0,0,0,0,0,0,0,0,0,0,0,0,0,0,0,0,0,0,0,0,0,0,0,0,0,0,0,0,0,0,0,0,0,0,0,0,0,0,0,0,0,0,0,0,0,0,0,0,0,0,0,0,0,0,0,0,0,0,0,0,0
Bubo_bubo,0,0,0,1,0,1,1,1,1,1,1,0,0,1,1,1,0,1,1,1,1,1,0,1,1,0,0,0,1,1,0,1,1,1,0,1,1,1,1,0,1,1,2,0,1,1,0,1,1,0,1,0,1,1,0,1,1,1,1,0,1,0,1,1,1,1,1,0,0,0,1,0,1,1,1,1,1,1,0,0,1,1,2,1,1,1,1,1,1,1,1,1,1,1,1,1,1,1,1,1,1,1,1,1,2,1,1,0,1,1,0,0,0,0,1,1,1,1,1,1,1,1,0,1,1,1,1,1,1,1,1,1,1,1,1,1,1,0,1,1,1,0,1,1,1,1,1,1,1,2,1,1,1,2,2,3,2,1,2,1,2,2,2,2,1,1,3,2,1,1,1,0,1,0,1,1,1,1,1,1,1,3,1,1,1,1,1,1,1,1,1,1,0,0,1,2,1,1,1,1,0,1,1,1,2,1,1,1,2,1,1,1,1,1,1,1
Bucc_cape,1,0,1,0,0,0,0,0,0,0,1,1,1,1,1,1,1,1,1,1,1,1,1,1,1,0,0,0,1,1,1,1,1,1,0,0,1,0,1,1,1,0,0,0,0,0,0,0,1,0,0,0,1,1,0,0,1,1,1,0,0,0,1,1,1,1,1,1,1,2,1,1,1,1,1,1,0,0,0,0,0,0,0,0,0,0,0,0,0,0,0,1,1,1,1,0,0,0,1,1,1,1,1,0,0,0,1,0,1,1,1,0,0,0,1,1,1,1,1,1,1,1,0,2,1,1,1,1,0,0,0,1,1,0,0,1,1,1,1,1,2,0,1,1,1,1,1,1,1,1,1,0,1,2,1,1,0,1,1,0,3,0,1,1,0,1,0,0,1,1,1,1,1,1,1,1,1,0,0,2,2,0,1,1,1,1,1,1,1,1,1,1,1,0,1,2,1,1,1,1,0,1,1,0,0,0,0,0,0,0,0,1,1,0,1,1
Buce_rhin,0,0,0,1,0,1,1,1,1,1,1,1,1,1,1,1,0,1,1,1,1,1,1,1,1,0,0,0,1,1,1,1,1,1,0,1,1,1,0,0,0,0,0,0,0,1,0,1,1,0,0,0,0,0,0,0,1,1,0,0,0,0,0,1,1,0,1,0,1,0,0,0,1,1,0,1,0,0,0,0,0,0,1,0,0,0,0,0,0,0,0,1,1,1,1,1,1,1,1,1,0,0,1,0,0,0,1,1,1,1,0,0,0,0,1,1,1,1,1,1,1,1,0,0,1,1,1,1,0,1,1,1,1,0,0,0,0,1,0,0,0,0,0,0,0,0,0,0,0,0,0,0,0,0,0,0,0,0,0,0,0,0,0,0,0,0,0,0,1,1,1,1,0,0,0,0,0,0,0,1,1,0,1,1,1,1,1,0,1,0,1,1,1,0,0,1,3,1,0,0,0,0,0,1,0,0,0,1,0,1,1,1,1,0,0,0
Buco_abys,1,0,1,1,0,1,1,1,1,1,1,1,1,1,1,1,1,1,1,1,1,1,1,1,1,1,0,0,1,1,1,1,1,1,0,1,1,1,1,0,1,0,0,0,0,1,0,2,1,1,1,0,0,0,0,0,1,1,0,0,1,0,0,1,1,0,0,1,2,1,1,1,1,1,0,0,1,1,0,0,1,1,1,1,1,1,1,1,1,1,1,1,1,1,1,1,1,1,1,1,1,1,1,0,0,0,1,1,1,1,1,1,1,0,1,1,1,1,1,1,1,1,0,0,0,1,1,1,1,1,1,1,1,1,1,1,1,2,1,1,1,1,1,1,1,1,1,1,1,1,0,1,0,0,1,1,1,0,0,0,1,0,0,1,1,1,1,1,1,1,1,1,1,1,1,0,0,0,0,2,1,2,1,1,1,1,1,1,1,1,1,1,1,0,1,2,2,1,1,1,1,1,1,0,1,1,0,0,0,0,1,1,1,1,1,1
Bugu_neri,0,0,1,0,0,0,0,0,0,0,0,0,0,0,0,0,0,0,0,0,0,0,0,0,0,0,0,0,0,0,0,0,0,0,0,0,0,0,0,1,0,0,0,0,0,0,0,0,0,0,0,1,0,0,0,0,0,0,0,0,0,0,0,0,0,0,0,0,0,0,0,0,0,0,0,0,0,0,0,0,0,0,0,0,0,0,0,0,0,0,0,0,0,0,0,0,0,0,0,0,0,0,0,0,0,0,0,0,0,0,0,0,0,2,0,0,0,0,0,0,0,0,0,0,0,0,0,0,0,0,0,0,0,0,0,0,0,0,0,0,0,0,0,0,0,0,0,0,0,0,0,0,0,0,0,0,0,0,0,0,0,0,0,0,0,0,0,0,0,0,0,0,0,0,0,0,0,0,0,0,0,0,0,0,0,0,0,0,0,0,0,0,0,0,0,0,0,0,0,0,0,0,0,0,0,0,0,0,0,0,0,0,0,0,0,0
Buph_eryt,1,0,1,0,0,1,0,1,0,1,1,1,1,1,0,1,1,0,1,1,1,1,1,1,1,0,0,0,1,1,1,1,1,1,0,1,1,1,0,0,0,0,0,1,0,1,1,0,0,1,0,1,0,0,0,0,0,0,0,0,0,0,1,0,0,0,0,0,0,1,0,0,0,0,0,0,0,0,0,0,0,0,1,0,0,0,0,0,0,0,0,1,1,1,1,1,1,1,0,1,0,1,1,0,0,0,1,0,0,0,1,1,0,1,1,0,1,1,1,0,1,0,0,1,1,1,1,1,0,1,1,0,0,0,0,0,0,0,0,0,0,0,0,0,0,0,0,0,0,1,0,0,0,0,1,0,0,0,0,0,0,0,0,0,0,0,0,0,1,1,0,1,1,1,1,0,0,0,0,1,1,0,0,0,0,0,0,1,1,1,1,0,0,0,1,2,0,0,0,0,0,0,0,0,0,0,0,0,0,0,0,1,1,0,0,0
Burh_bist,0,0,0,1,0,1,1,1,1,1,1,1,1,1,1,1,0,1,1,1,1,1,1,1,1,0,0,0,1,1,1,1,1,1,0,0,0,0,1,0,1,0,0,0,0,1,0,0,1,0,0,0,0,0,0,0,0,0,1,0,0,1,1,1,1,0,0,1,1,1,1,1,1,1,0,0,1,1,0,0,1,1,2,1,1,1,1,1,1,1,1,1,1,1,1,1,1,1,1,1,1,1,1,0,0,0,1,0,1,1,0,0,1,0,1,1,1,1,1,1,1,1,0,0,1,0,0,0,0,0,0,2,1,1,1,1,1,1,1,1,1,0,1,0,1,1,1,1,1,1,0,0,0,0,0,2,0,0,0,0,1,0,0,1,1,0,1,1,1,1,1,1,1,0,1,0,0,0,0,1,1,2,1,1,1,1,1,1,1,1,1,0,0,0,1,2,1,1,1,1,0,1,1,2,1,0,0,1,0,0,0,1,0,0,0,0
Bute_japo,1,0,1,1,0,0,1,1,1,1,1,0,0,1,1,1,0,1,1,1,1,1,0,1,1,0,0,0,1,1,0,1,1,1,0,0,1,1,0,0,0,1,3,1,0,2,1,2,2,0,1,1,1,0,2,1,1,1,0,0,1,0,0,1,1,1,1,0,0,0,1,0,1,1,1,1,1,1,0,0,1,1,2,1,1,1,1,1,1,1,1,1,1,1,1,1,1,1,1,1,1,1,1,1,1,0,2,1,2,2,0,1,2,1,1,1,1,1,1,1,1,1,0,0,0,1,1,1,1,1,1,1,1,1,1,1,1,1,1,1,1,1,1,1,1,1,0,1,1,2,1,2,0,2,2,4,1,1,1,1,1,2,1,2,1,1,2,1,1,1,1,0,1,0,1,1,0,1,1,1,1,3,1,1,1,1,1,1,0,1,0,0,0,0,1,0,2,1,1,1,0,1,1,1,2,1,1,1,1,1,0,1,1,1,1,1
Caen_bren,1,0,0,0,0,0,0,0,0,0,0,0,0,0,0,0,0,0,0,0,0,0,0,0,0,0,0,0,0,0,0,0,0,0,0,0,0,0,0,0,0,0,0,0,0,0,0,0,0,0,0,0,0,0,0,0,0,0,0,0,0,0,0,0,0,0,0,0,0,0,0,0,0,0,0,0,0,0,0,0,0,0,0,0,0,0,0,0,0,0,0,0,0,0,0,0,0,0,0,0,0,0,0,0,0,0,0,0,0,0,0,0,0,0,0,0,0,0,0,0,0,0,0,0,0,0,0,0,0,0,0,0,0,0,0,0,0,0,0,0,0,0,0,0,0,0,0,0,0,0,0,0,0,0,0,0,0,0,0,0,0,0,0,0,0,0,0,0,0,0,0,0,0,0,0,0,0,0,0,0,0,0,0,0,0,0,0,0,0,0,0,0,0,0,0,0,0,0,0,0,0,0,0,0,0,0,0,0,0,0,0,0,0,0,0,0
Caen_brig,1,0,0,0,0,0,0,0,0,0,0,0,0,0,0,0,0,0,0,0,0,0,0,0,0,0,0,0,0,0,0,0,0,0,0,0,0,0,0,0,0,0,0,0,0,0,0,0,0,0,0,0,0,0,0,0,0,0,0,0,0,0,0,0,0,0,0,0,0,0,0,0,0,0,0,0,0,0,0,0,0,0,0,0,0,0,0,0,0,0,0,0,0,0,0,0,0,0,0,0,0,0,0,0,0,0,0,0,0,0,0,0,0,0,0,0,0,0,0,0,0,0,0,0,0,0,0,0,0,0,0,0,0,0,0,0,0,0,0,0,0,0,0,0,0,0,0,0,0,0,0,0,0,0,0,0,0,0,0,0,0,0,0,0,0,0,0,0,0,0,0,0,0,0,0,0,0,0,0,0,0,0,0,0,0,0,0,0,0,0,0,0,0,0,0,0,0,0,0,0,0,0,0,0,0,0,0,0,0,0,0,0,0,0,0,0
Caen_eleg,1,0,1,0,0,0,0,0,0,0,0,0,0,0,0,0,0,0,0,0,0,0,0,0,0,0,0,0,0,0,0,0,0,0,0,0,0,0,0,1,0,0,0,0,0,0,0,0,0,0,0,0,0,0,0,0,0,0,0,0,0,0,0,0,0,0,0,0,0,0,0,0,0,0,0,0,0,0,0,0,0,0,0,0,0,0,0,0,0,0,0,0,0,0,0,0,0,0,0,0,0,0,0,0,0,0,0,0,0,0,0,0,0,0,0,0,0,0,0,0,0,0,0,0,0,0,0,0,0,0,0,0,0,0,0,0,0,0,0,0,0,0,0,0,0,0,0,0,0,0,0,0,0,0,0,0,0,0,0,0,0,0,0,0,0,0,0,0,0,0,0,0,0,0,0,0,0,0,0,0,0,0,0,0,0,0,0,0,0,0,0,0,0,0,0,0,0,0,0,0,0,0,0,0,0,0,0,0,0,0,0,0,0,0,0,0
Caen_nigo,1,0,0,0,0,0,0,0,0,0,0,0,0,0,0,0,0,0,0,0,0,0,0,0,0,0,0,0,0,0,0,0,0,0,0,0,0,0,0,0,0,0,0,0,0,0,0,0,0,0,0,0,0,0,0,0,0,0,0,0,0,0,0,0,0,0,0,0,0,0,0,0,0,0,0,0,0,0,0,0,0,0,0,0,0,0,0,0,0,0,0,0,0,0,0,0,0,0,0,0,0,0,0,0,0,0,0,0,0,0,0,0,0,0,0,0,0,0,0,0,0,0,0,0,0,0,0,0,0,0,0,0,0,0,0,0,0,0,0,0,0,0,0,0,0,0,0,0,0,0,0,0,0,0,0,0,0,0,0,0,0,0,0,0,0,0,0,0,0,0,0,0,0,0,0,0,0,0,0,0,0,0,0,0,0,0,0,0,0,0,0,0,0,0,0,0,0,0,0,0,0,0,0,0,0,0,0,0,0,0,0,0,0,0,0,0
Caen_rema,1,0,0,0,0,0,0,0,0,0,0,0,0,0,0,0,0,0,0,0,0,0,0,0,0,0,0,0,0,0,0,0,0,0,0,0,0,0,0,0,0,0,0,0,0,0,0,0,0,0,0,0,0,0,0,0,0,0,0,0,0,0,0,0,0,0,0,0,0,0,0,0,0,0,0,0,0,0,0,0,0,0,0,0,0,0,0,0,0,0,0,0,0,0,0,0,0,0,0,0,0,0,0,0,0,0,0,0,0,0,0,0,0,0,0,0,0,0,0,0,0,0,0,0,0,0,0,0,0,0,0,0,0,0,0,0,0,0,0,0,0,0,0,0,0,0,0,0,0,0,0,0,0,0,0,0,0,0,0,0,0,0,0,0,0,0,0,0,0,0,0,0,0,0,0,0,0,0,0,0,0,0,0,0,0,0,0,0,0,0,0,0,0,0,0,0,0,0,0,0,0,0,0,0,0,0,0,0,0,0,0,0,0,0,0,0
Cair_mosc,1,0,1,1,1,1,1,1,0,1,1,1,1,1,1,1,2,1,1,1,1,1,1,1,1,0,0,0,1,1,1,1,1,1,1,1,1,1,1,1,1,0,1,1,1,1,0,2,1,0,0,0,1,1,0,1,1,1,0,0,1,1,0,1,1,1,1,1,2,1,1,1,1,1,1,1,1,1,2,0,1,1,1,1,1,1,1,1,1,1,1,1,1,1,1,0,1,0,1,1,1,1,1,0,3,1,2,0,1,2,1,1,0,0,1,1,1,1,1,1,1,1,0,0,1,1,1,1,1,1,1,1,1,1,1,1,1,1,1,1,1,0,1,1,1,1,1,1,1,1,1,1,1,2,2,3,1,2,2,2,0,1,2,2,1,1,2,2,1,1,1,1,1,1,1,1,2,0,1,1,1,1,1,1,1,1,1,1,1,1,1,1,1,0,1,2,1,1,1,1,0,1,1,1,2,1,1,1,1,1,1,1,1,1,1,1
Calc_orna,1,0,1,1,0,1,1,1,1,1,1,1,1,0,0,0,0,0,0,0,0,0,0,0,0,1,0,0,1,1,1,1,1,0,0,1,1,1,1,1,1,0,0,0,0,0,0,0,0,0,0,0,0,0,0,0,1,1,0,0,0,1,1,1,1,0,0,1,1,0,1,1,1,1,0,0,1,1,0,0,1,1,1,1,1,1,1,1,1,1,1,1,1,1,1,1,1,1,1,1,1,1,1,0,0,0,0,0,0,0,0,0,0,0,1,1,1,1,1,1,1,1,0,1,0,1,1,1,0,1,1,1,1,1,1,1,1,1,1,1,1,1,1,1,1,1,1,1,1,0,0,1,0,1,1,0,1,0,0,0,1,0,0,1,0,2,0,0,1,1,1,1,1,1,1,0,0,0,0,1,1,2,0,0,0,0,0,1,1,1,1,1,1,0,0,0,0,1,1,1,0,1,1,1,1,2,1,1,1,1,1,1,1,1,1,1
Cali_pygm,0,0,0,1,1,1,1,1,1,1,1,1,1,1,1,1,1,1,1,1,1,1,1,1,1,0,0,0,1,1,0,1,1,1,1,1,1,1,1,1,1,1,0,1,1,2,1,1,2,2,1,0,0,1,0,1,1,1,0,0,2,1,0,1,1,1,1,1,2,1,1,1,1,1,1,1,1,1,1,0,1,1,1,1,1,1,1,1,1,1,1,1,1,1,1,1,1,2,1,1,1,1,1,2,0,1,2,1,2,2,2,1,1,0,1,1,1,1,1,1,1,1,0,1,2,1,1,1,2,1,1,1,1,1,1,1,1,1,1,1,1,0,2,1,1,1,0,1,1,1,3,1,1,1,2,4,1,2,2,2,2,1,2,2,1,0,2,3,1,1,1,1,1,1,1,1,2,1,1,1,1,1,1,1,1,1,1,1,1,1,1,1,1,0,1,2,1,1,1,1,1,1,1,1,2,1,1,1,1,1,2,1,1,1,1,1
Call_jacc,1,1,1,1,2,2,2,1,1,1,1,1,1,1,1,1,1,1,0,1,0,0,1,1,1,1,1,5,1,1,1,1,1,1,1,1,1,1,1,1,1,3,2,2,2,2,2,2,2,3,2,2,3,3,3,3,1,1,1,1,3,1,1,2,2,2,2,1,1,1,1,1,1,2,2,2,1,1,1,1,1,1,1,1,1,1,1,1,1,1,1,1,1,1,1,0,0,1,1,1,1,1,1,3,2,2,2,3,2,2,2,2,2,2,1,1,1,1,1,1,1,1,1,2,2,1,1,2,3,1,1,1,1,1,1,1,1,1,1,1,1,1,1,1,1,1,1,1,1,2,2,1,2,2,1,1,1,2,2,2,1,2,1,1,1,1,1,2,1,1,1,1,1,1,1,3,2,2,3,1,2,3,1,1,2,1,2,1,1,1,1,1,1,1,1,1,1,1,1,1,3,1,1,1,1,1,2,1,1,1,1,1,1,1,1,1
Call_macu,0,0,0,0,0,0,0,0,0,0,0,0,0,0,0,0,0,0,0,0,0,0,0,0,0,0,1,0,0,0,0,0,0,0,0,0,0,0,0,0,0,0,1,0,0,0,0,0,0,1,0,0,0,0,0,0,0,0,0,0,0,0,0,0,0,0,0,0,0,0,0,0,0,0,0,0,0,0,0,0,0,0,0,0,0,0,0,0,0,0,0,0,0,0,0,0,0,0,0,0,0,0,0,0,1,0,0,0,0,0,1,0,0,0,0,0,0,0,0,0,0,0,0,0,1,0,0,0,0,0,0,0,0,0,0,0,0,0,0,0,0,0,0,0,0,0,0,0,0,0,0,0,0,0,0,0,0,0,0,0,0,0,0,0,0,0,0,0,0,0,0,0,0,0,0,0,0,0,0,0,0,0,0,0,0,0,0,0,0,0,0,0,0,0,0,0,0,0,0,0,0,0,0,0,0,0,0,0,0,0,0,0,0,0,0,0
Call_mili,0,0,0,1,1,0,1,0,1,0,1,1,1,2,0,1,1,0,1,1,1,0,1,1,0,0,1,2,0,1,1,0,1,1,1,1,2,0,1,1,1,2,0,0,1,1,1,1,1,1,2,1,0,1,1,0,2,0,1,0,0,0,0,1,1,1,1,0,2,0,1,0,1,1,1,1,0,0,2,0,0,1,1,0,0,0,0,1,1,0,2,1,1,1,1,0,0,0,1,1,0,1,0,2,0,0,0,1,1,1,1,0,2,1,1,1,1,1,1,1,1,1,0,1,1,2,0,1,0,1,1,1,0,0,0,1,0,0,0,1,1,2,0,1,1,2,0,0,1,2,3,1,3,2,0,4,1,2,2,2,2,0,1,1,6,0,1,1,0,0,2,0,0,1,0,0,3,1,0,2,1,3,1,0,1,1,1,1,1,1,1,1,1,1,1,0,0,1,0,1,1,1,1,1,0,1,0,0,0,0,1,0,0,1,1,1
Call_squa,1,0,1,0,1,1,1,1,1,1,1,1,1,1,1,0,1,1,1,1,1,1,1,1,1,1,0,0,1,1,1,1,1,1,1,1,1,1,1,1,1,0,2,0,0,1,0,0,1,0,0,0,1,0,0,0,1,1,0,0,1,1,0,1,1,0,2,1,2,1,1,1,1,1,0,2,1,0,1,0,1,1,0,1,1,1,1,1,1,1,1,1,1,1,1,1,1,0,1,1,1,1,0,0,0,0,1,0,0,1,1,0,0,0,0,1,1,1,1,1,1,1,0,0,1,1,1,1,0,0,1,1,1,1,1,1,1,1,1,1,1,2,1,1,1,1,2,0,0,1,0,1,0,2,1,2,1,0,0,1,1,1,1,0,1,2,0,0,1,1,1,1,1,1,1,1,0,1,0,1,0,3,1,1,1,1,1,1,1,1,0,1,0,0,1,0,2,1,1,1,1,1,1,0,1,1,0,1,0,1,2,0,0,1,1,1
Call_ursi,1,1,1,1,1,1,1,1,1,1,1,1,1,1,1,1,1,1,1,1,1,1,1,1,1,1,1,3,1,1,1,1,1,1,1,2,2,2,1,1,1,1,1,1,1,2,2,1,1,2,1,1,3,3,3,3,1,1,2,0,1,1,1,1,1,1,1,1,1,1,1,1,1,1,1,1,1,1,2,1,1,1,1,1,1,1,1,1,1,1,1,1,1,1,1,1,1,1,1,1,1,1,1,1,1,1,1,2,1,1,1,1,1,1,1,1,1,1,1,1,1,1,1,2,3,1,1,2,1,0,2,1,1,1,1,1,1,1,1,1,1,1,1,1,1,1,1,1,1,2,2,2,2,2,1,1,1,2,2,2,1,2,1,1,1,1,1,1,1,1,1,1,1,1,1,3,3,3,3,1,1,3,1,1,2,1,1,1,1,1,1,1,1,1,1,1,1,1,1,1,1,1,1,1,1,1,2,1,1,1,1,1,1,1,1,1
Call_wils,1,0,1,1,0,1,1,1,1,1,1,1,1,0,0,0,0,1,0,1,0,0,0,1,1,1,0,0,1,1,1,1,1,0,0,1,1,1,1,1,1,0,1,0,0,0,1,0,0,0,1,0,1,1,1,0,1,1,1,0,0,0,1,1,1,0,0,1,2,1,1,1,1,1,0,0,1,1,0,0,1,1,1,1,1,1,1,1,1,0,1,1,1,1,1,1,1,1,1,1,1,1,1,0,1,0,0,1,0,0,0,0,1,0,1,1,1,1,1,1,1,1,0,1,1,1,1,1,0,1,1,2,2,1,1,1,1,2,2,1,2,1,1,1,1,1,1,1,1,0,1,0,0,0,0,1,2,0,0,0,1,0,0,0,0,2,1,1,0,1,1,1,1,1,1,1,1,1,0,0,1,0,1,1,0,1,0,1,0,1,0,1,1,0,1,0,0,1,1,1,0,1,1,1,0,1,0,1,0,1,0,1,1,0,0,0
Calo_bore,1,0,1,0,0,0,0,0,0,0,1,1,1,1,1,1,1,1,1,1,1,1,1,1,1,2,1,0,1,1,1,1,1,1,0,1,1,1,1,1,1,0,0,0,0,0,0,1,1,0,0,0,0,0,0,0,0,0,1,0,0,1,1,1,1,0,0,1,2,1,1,1,1,1,0,0,1,1,1,0,0,0,0,0,0,0,1,1,1,1,1,1,1,1,1,0,0,0,1,1,1,1,1,0,0,0,0,0,1,0,1,0,0,0,1,1,1,1,1,1,1,1,0,1,1,0,0,0,0,0,0,2,1,1,1,1,1,1,1,1,1,1,1,1,1,1,1,1,1,1,0,1,0,0,1,0,0,0,0,0,0,0,0,1,0,1,1,1,0,1,1,1,1,1,1,0,0,0,0,1,2,0,1,1,1,1,1,1,1,1,1,1,1,0,1,2,1,1,1,1,0,1,1,1,1,1,0,1,1,1,0,1,1,0,1,1
Calo_nico,1,0,1,1,1,1,1,1,1,1,1,1,1,1,1,1,1,1,1,1,1,1,1,1,1,0,0,2,1,1,1,1,1,1,0,0,0,0,1,1,1,0,0,0,0,0,0,0,0,1,0,0,0,0,0,0,0,0,1,0,0,1,1,1,1,1,1,1,1,1,1,1,1,1,1,1,1,1,0,0,1,1,1,1,1,1,1,1,1,1,1,1,1,1,1,1,1,1,1,1,1,1,1,1,0,0,0,1,1,0,1,0,0,0,1,1,1,1,1,1,1,1,0,0,1,0,0,0,0,0,0,1,1,1,1,1,1,1,1,1,1,1,1,1,1,1,1,1,1,0,0,0,0,0,1,0,1,0,0,1,0,0,0,1,0,1,1,1,1,1,1,1,1,1,1,0,0,0,0,1,1,2,1,1,1,1,1,1,1,1,1,1,1,0,1,2,1,1,1,1,0,1,1,0,1,1,0,0,0,0,2,1,1,1,1,1
Caly_anna,0,0,0,1,0,1,1,1,1,1,1,1,1,0,0,0,0,0,0,0,0,0,0,0,0,1,0,0,1,1,0,1,1,0,0,1,1,1,1,0,1,0,0,0,0,0,0,1,0,0,0,0,1,0,0,1,0,1,1,0,0,0,0,1,1,1,1,1,0,0,1,1,1,1,1,1,1,1,0,0,1,1,1,1,1,2,1,1,1,1,1,1,1,1,1,1,1,2,1,1,1,1,1,0,0,0,0,0,0,0,0,0,0,0,1,1,0,1,1,1,1,1,0,0,1,1,1,1,0,1,1,1,1,1,1,1,1,1,1,0,0,0,0,0,0,0,0,0,0,1,1,0,1,1,1,1,1,1,1,0,0,1,1,0,2,0,0,0,1,1,1,1,1,0,1,1,1,0,1,1,1,1,1,1,1,1,1,1,1,0,1,0,0,0,0,1,1,1,1,1,0,1,1,1,2,1,0,1,1,1,2,1,1,1,1,1
Caly_viri,1,0,1,1,0,1,1,1,1,1,1,1,1,1,1,1,0,1,1,1,1,1,1,1,1,0,0,0,1,1,1,1,1,1,0,1,1,1,1,0,1,0,0,1,0,1,0,0,1,0,0,0,1,1,0,1,1,1,0,0,0,0,0,0,1,0,1,0,0,1,0,0,0,1,0,1,1,1,0,0,1,1,2,1,1,1,1,1,1,1,1,0,0,0,0,1,1,1,0,0,0,0,0,0,0,0,1,0,1,1,0,1,0,0,1,1,1,1,1,1,1,1,0,1,0,1,1,1,0,1,1,1,1,1,1,1,1,1,1,1,1,0,1,1,1,1,1,1,1,1,1,0,1,1,1,2,1,1,1,0,1,1,1,1,0,0,1,1,1,1,1,1,1,1,1,1,1,0,1,1,1,2,1,1,0,1,0,1,1,1,1,1,1,0,1,2,1,0,0,0,0,0,0,0,0,1,0,0,0,0,0,1,1,1,1,1
Came_drom,0,0,0,1,1,1,1,1,1,1,1,1,1,1,1,1,1,1,1,1,1,1,1,1,1,1,1,4,1,1,1,1,1,0,0,0,1,0,0,1,0,1,1,1,1,2,1,1,1,2,1,2,2,1,4,2,1,1,2,0,0,0,0,0,1,0,0,1,1,1,1,1,0,1,0,0,0,1,1,0,1,1,0,1,1,1,1,1,1,0,1,1,0,1,1,1,1,1,1,1,1,1,1,1,1,1,2,1,1,1,1,1,1,2,1,1,1,1,0,1,0,1,1,1,2,0,0,0,0,1,0,1,0,1,0,0,0,0,0,1,0,3,1,1,1,1,1,1,1,2,0,4,1,1,1,1,0,1,1,1,0,3,1,0,2,0,0,0,1,1,1,1,1,1,1,2,3,4,2,1,1,1,1,1,1,1,1,1,0,1,1,1,1,1,1,1,1,1,1,1,0,1,1,1,0,1,1,1,1,1,1,1,0,1,2,1
Came_feru,1,1,1,0,1,0,1,1,1,1,0,0,0,0,0,0,0,0,0,0,0,0,0,0,0,0,0,0,0,0,1,0,0,0,0,0,2,1,1,1,1,2,3,2,1,1,2,2,1,2,2,2,2,5,3,2,1,1,1,0,1,1,1,0,0,0,0,0,3,0,0,0,0,0,0,0,1,0,0,0,1,1,0,1,1,2,1,1,1,0,0,1,0,1,1,0,0,0,1,1,0,0,1,2,3,1,1,2,2,1,2,2,2,2,0,1,0,1,0,0,0,0,1,1,3,1,1,2,1,1,1,0,1,1,1,2,1,1,1,0,1,3,0,0,0,1,2,0,0,0,1,3,1,0,0,2,1,0,0,1,0,4,1,1,2,1,0,0,1,1,2,1,1,0,1,2,5,4,2,1,0,2,1,1,1,1,1,1,0,1,0,1,1,0,1,1,1,1,0,1,1,0,1,1,1,1,0,2,1,1,1,0,0,0,1,1
Camp_flor,0,0,0,0,0,0,0,0,0,0,0,0,0,0,0,0,0,0,0,0,0,0,0,0,0,0,1,0,0,0,0,0,0,0,0,0,0,0,0,0,0,1,1,0,0,0,0,0,0,0,0,1,0,0,0,0,0,0,0,0,0,0,0,0,0,0,0,0,0,0,0,0,0,0,0,0,0,0,0,0,0,0,0,0,0,0,0,0,0,0,0,0,0,0,0,0,0,0,0,0,0,0,0,1,1,0,0,0,0,0,0,0,0,1,0,0,0,0,0,0,0,0,0,1,0,0,0,0,0,0,0,0,0,0,0,0,0,0,0,0,0,0,0,0,0,0,0,0,0,0,0,0,0,0,0,0,0,0,0,0,0,0,0,0,0,0,0,0,0,0,0,0,0,0,0,0,0,0,0,0,0,0,0,0,0,0,0,0,0,0,0,0,0,0,0,0,0,0,0,0,0,0,0,0,0,0,0,0,0,0,0,0,0,0,0,0
Camp_proc,1,0,1,1,1,1,1,1,1,1,1,1,1,0,0,0,0,0,0,0,0,0,0,0,0,1,0,0,1,1,0,1,1,1,0,1,1,1,1,0,1,0,0,0,0,0,0,0,0,0,0,0,0,0,0,0,1,1,0,0,1,1,1,1,1,0,0,0,0,1,0,0,1,1,0,0,1,1,0,0,1,1,1,1,1,1,1,1,1,0,1,1,1,1,1,1,1,1,1,1,1,1,1,0,0,0,0,0,0,0,0,0,0,0,1,1,1,1,1,1,1,1,0,1,2,1,1,1,1,1,1,1,1,1,1,1,1,1,1,1,1,0,1,1,1,1,1,1,1,0,0,0,0,0,1,0,0,0,0,0,2,0,0,1,0,1,1,0,1,1,1,1,1,1,1,0,0,0,0,1,1,2,1,1,1,1,1,1,1,1,1,0,0,0,1,2,2,1,1,1,1,1,1,1,1,2,1,1,1,1,0,1,1,1,1,1
Cand_Phyc,0,0,0,0,0,0,0,0,0,0,0,0,0,0,0,0,0,0,0,0,0,0,0,0,0,0,0,0,0,0,0,0,0,0,0,0,0,0,0,0,0,0,0,0,0,0,0,0,0,0,0,0,0,0,0,0,0,0,0,0,0,0,0,0,0,0,0,0,0,0,0,0,0,0,0,0,0,0,0,0,0,0,0,0,0,0,0,0,0,0,0,0,0,0,0,0,0,0,0,0,0,0,0,0,0,0,0,0,0,0,0,0,0,0,0,0,0,0,0,0,0,0,0,0,0,0,0,0,0,0,0,0,0,0,0,0,0,0,0,0,0,0,0,0,0,0,0,0,0,0,0,0,0,0,0,0,0,0,0,0,0,0,0,0,0,0,0,0,0,0,0,0,0,0,0,0,0,0,0,0,0,0,0,0,0,0,0,0,0,1,0,0,0,0,0,0,0,0,0,0,0,0,0,0,0,0,0,0,0,0,0,0,0,0,0,0
Cani_lupu,2,2,2,2,2,2,2,2,2,2,1,1,1,2,2,2,2,2,2,2,2,2,2,2,2,3,3,7,2,2,2,2,2,2,2,3,3,3,2,2,2,4,4,4,4,6,6,4,4,4,4,6,8,6,7,6,3,2,3,1,6,2,2,3,3,3,4,2,2,2,2,2,3,3,3,4,2,2,2,1,2,2,2,2,2,2,2,2,2,1,2,2,2,2,2,2,2,2,2,2,2,2,2,4,4,4,4,6,4,4,4,4,4,6,2,1,2,2,2,2,2,2,3,4,7,3,2,4,4,4,4,2,2,2,2,3,2,2,2,2,2,4,2,2,2,2,2,2,2,5,3,5,4,5,3,4,3,5,5,4,2,5,2,2,8,2,2,3,1,3,3,1,2,2,2,8,5,8,6,2,4,8,2,2,2,2,2,3,3,3,3,1,3,3,3,4,3,2,2,1,6,2,2,2,1,1,4,2,2,2,2,2,2,3,5,3
Cann_sati,0,0,0,0,0,0,0,0,0,0,0,0,0,0,0,0,0,0,0,0,0,0,0,0,0,0,0,0,0,0,0,0,0,0,0,0,0,0,0,0,0,0,0,0,0,0,0,0,0,0,0,0,0,0,0,0,0,0,0,0,0,0,0,0,0,0,0,0,0,0,0,0,0,0,0,0,0,0,0,0,0,0,0,0,0,0,0,0,0,0,0,0,0,0,0,0,0,0,0,0,1,0,0,0,0,0,0,0,0,0,0,0,0,0,0,0,0,0,0,0,0,0,0,0,0,0,0,0,0,0,0,0,0,0,0,0,0,0,0,0,0,0,0,0,0,0,0,0,0,0,0,0,0,0,0,0,0,0,0,0,0,0,0,0,0,0,0,0,0,0,0,0,0,0,0,0,0,0,0,0,0,0,0,0,0,0,0,0,0,0,0,0,0,0,0,0,0,0,0,0,0,0,0,0,0,0,0,0,0,0,0,0,0,0,0,0
Capi_tele,1,0,1,0,0,0,0,0,0,0,0,0,0,0,0,0,0,0,0,0,0,0,0,0,0,0,0,0,0,0,0,0,0,1,0,0,0,0,0,0,0,0,0,0,0,0,0,0,0,1,1,1,0,0,0,0,0,0,1,0,0,0,0,0,0,0,0,0,0,0,0,0,0,0,0,0,0,0,0,0,0,0,0,0,0,0,0,0,0,0,0,0,0,0,0,0,1,0,0,0,0,0,0,0,0,0,0,0,0,0,0,0,1,1,0,0,0,0,0,0,0,0,0,0,0,0,0,0,0,0,0,0,0,0,0,0,0,0,0,0,0,0,0,0,0,0,0,0,0,0,0,0,0,0,0,0,0,0,0,0,0,0,0,0,0,0,0,0,0,0,0,0,0,0,0,0,0,0,0,0,0,0,0,0,0,0,0,0,0,0,0,1,0,0,0,0,0,0,0,0,0,0,0,0,0,0,0,0,0,0,0,0,0,0,0,0
Capr_hirc,1,1,1,1,1,1,1,1,1,1,1,1,1,1,1,1,1,1,1,1,1,1,1,1,1,1,1,3,1,1,1,1,1,1,1,1,1,1,1,1,1,1,1,1,1,2,1,1,1,1,1,1,3,3,4,3,1,1,2,0,3,1,1,2,2,2,2,1,1,1,1,1,2,2,2,2,1,1,1,1,1,1,0,1,1,1,1,1,1,1,1,1,1,1,1,1,1,1,1,1,1,1,1,1,1,1,2,1,1,1,1,1,1,1,1,1,1,1,1,1,1,1,1,2,1,1,1,1,3,2,1,1,1,1,1,1,1,1,1,1,1,1,1,1,1,1,1,1,1,2,2,1,1,1,1,1,1,2,2,2,1,2,2,1,3,1,1,1,1,1,1,1,1,1,1,3,2,3,3,1,1,3,1,1,1,1,1,1,1,1,1,1,1,1,1,1,1,1,1,1,3,1,1,1,1,2,2,1,1,1,2,1,1,1,1,1
Cara_aura,1,0,1,2,2,0,1,0,0,0,2,3,3,0,1,1,3,0,1,0,0,0,1,1,0,5,6,8,1,0,1,1,0,1,0,2,4,2,1,1,1,3,4,2,3,1,2,3,2,2,3,3,0,0,6,1,3,4,2,0,4,2,4,0,0,4,6,2,5,0,2,0,2,0,4,5,1,0,8,0,0,0,0,0,0,0,0,2,2,5,0,1,0,1,1,0,0,0,0,0,0,0,0,3,3,3,2,2,2,2,2,3,3,3,0,0,0,0,2,2,1,0,0,0,2,5,4,2,4,2,2,0,0,2,3,1,0,0,0,2,0,4,1,2,2,2,1,1,1,0,1,4,3,0,0,4,2,2,4,2,1,2,3,4,4,0,1,2,2,1,0,1,0,2,0,0,0,4,2,2,0,0,1,1,1,1,1,0,0,0,0,3,3,0,1,2,0,4,0,2,4,2,2,6,3,0,2,2,2,0,4,0,1,2,4,2
Card_card,1,0,1,1,1,1,1,1,1,1,1,1,1,0,1,0,0,1,0,1,0,0,0,0,0,1,0,0,0,0,0,0,0,0,0,1,1,1,1,0,1,0,0,0,0,0,1,0,0,0,0,0,0,0,0,0,0,0,0,0,0,1,1,1,1,0,0,0,0,1,0,0,1,1,0,0,1,1,0,0,1,1,1,1,1,1,1,1,1,1,1,1,1,1,1,1,1,1,1,1,1,1,1,0,0,0,0,1,0,0,0,0,0,0,1,1,1,1,1,1,1,1,0,1,1,0,0,0,0,0,0,1,1,1,1,1,1,1,1,1,1,0,1,1,1,1,1,1,1,0,0,0,0,0,0,0,0,0,0,0,1,0,0,1,0,0,0,0,1,1,1,1,1,1,1,0,0,0,0,1,1,2,1,1,1,1,1,1,1,1,1,1,1,0,1,0,0,1,1,1,0,1,1,1,1,1,1,1,2,1,0,1,1,0,0,0
Care_litt,0,0,0,0,0,0,0,0,0,0,0,0,0,0,0,0,0,0,0,0,0,0,0,0,0,0,0,0,0,0,0,0,0,0,0,0,0,0,0,0,0,0,0,0,0,0,0,0,0,0,0,0,0,0,0,0,0,0,0,0,0,0,0,0,0,0,0,0,0,0,0,0,0,0,0,0,0,0,0,0,0,0,0,0,0,0,0,0,0,0,0,0,0,0,0,1,1,1,0,0,1,0,0,0,0,0,0,0,0,0,0,0,0,0,0,0,0,0,0,0,0,0,0,0,0,0,0,0,0,0,0,0,0,0,0,0,0,0,0,0,0,0,0,0,0,0,0,0,0,0,0,0,0,0,0,0,0,0,0,0,0,0,0,0,0,0,0,0,0,0,0,0,0,0,0,0,0,0,0,0,0,0,0,0,0,0,0,0,0,0,0,0,0,0,0,0,0,0,0,0,0,0,0,0,0,0,0,0,0,0,0,0,0,0,0,0
Cari_cris,0,0,0,0,0,0,0,0,0,0,0,0,0,1,1,1,0,1,1,1,1,1,1,1,1,0,0,0,1,1,1,1,1,1,0,1,1,1,1,0,1,0,2,0,0,1,0,1,1,0,1,0,1,1,0,1,0,1,0,0,0,0,1,1,1,0,1,0,0,0,0,0,1,1,0,1,1,1,0,0,1,1,1,1,1,2,1,1,1,1,1,1,1,1,1,0,0,0,1,1,1,1,1,0,2,0,1,1,1,1,0,0,1,0,1,1,0,1,1,1,1,1,0,1,0,1,1,1,0,1,1,1,0,0,0,0,0,0,0,0,0,0,0,0,0,0,0,0,0,1,1,1,1,1,1,1,1,1,1,0,0,1,1,0,0,0,0,1,1,1,0,0,0,0,0,1,1,1,1,1,1,0,1,1,1,1,1,0,0,0,0,0,0,0,0,0,0,0,0,0,0,0,0,1,0,0,0,1,0,1,1,1,1,0,1,1
Carl_syri,0,1,0,1,1,1,1,1,1,1,1,1,1,1,1,1,1,1,1,1,2,1,1,1,1,0,1,5,1,1,1,1,1,1,1,1,1,1,1,1,1,1,1,1,1,1,1,1,1,2,1,1,2,3,3,3,1,1,1,0,1,1,3,1,1,0,1,1,1,0,1,1,1,1,0,1,0,1,0,0,1,1,1,1,1,1,1,1,1,0,1,1,1,1,1,1,1,1,1,1,1,1,1,1,1,1,1,1,1,1,1,1,1,1,1,1,1,1,1,1,1,1,1,2,1,2,1,1,0,0,1,1,1,1,1,2,1,1,1,1,1,1,1,1,1,1,1,1,1,2,1,3,0,0,1,2,1,0,0,2,1,2,0,1,1,1,0,0,1,1,1,1,1,1,1,2,2,3,3,1,1,2,1,1,1,1,1,1,1,1,1,1,1,0,1,2,1,1,1,1,0,1,1,1,1,1,2,1,1,1,1,1,1,1,1,1
Carp_fang,0,0,0,0,0,0,0,0,0,0,0,0,0,0,0,0,0,0,0,0,0,0,0,0,0,0,0,0,0,0,0,0,0,0,0,0,0,0,0,1,0,0,0,0,0,0,0,0,0,0,0,0,0,0,0,0,0,0,0,0,0,0,0,0,0,0,0,0,0,0,0,0,0,0,0,0,0,0,0,0,0,0,0,0,0,0,0,0,0,0,0,0,0,0,0,0,0,0,0,0,0,0,0,0,0,0,0,0,0,0,0,0,0,0,0,0,0,0,0,0,0,0,0,0,0,0,0,0,0,0,0,0,0,0,0,0,0,0,0,0,0,0,0,0,0,0,0,0,0,0,0,0,0,0,0,0,0,0,0,0,0,0,0,0,0,0,0,0,0,0,0,0,0,0,0,0,0,0,0,0,0,0,0,0,0,0,0,0,0,0,0,0,0,0,0,0,0,0,0,0,0,0,0,0,0,0,0,0,0,0,0,0,0,0,0,0
Cast_cana,1,1,1,0,1,1,0,1,1,1,1,1,1,1,0,1,1,0,1,0,1,1,1,1,1,1,1,3,1,1,1,1,1,2,2,2,2,2,2,2,2,3,3,3,4,3,3,3,3,5,3,3,3,2,5,3,2,1,2,0,2,1,2,1,1,1,2,3,2,3,3,3,1,1,1,2,1,1,1,1,2,1,1,2,2,2,1,1,1,1,1,2,2,2,2,0,0,0,2,2,2,2,2,3,3,4,3,3,3,3,4,3,3,3,2,1,2,2,2,2,2,2,1,2,1,1,1,2,1,1,2,1,1,2,2,2,2,1,1,1,1,2,1,1,1,1,1,1,1,2,0,3,3,2,1,3,1,2,2,2,1,3,1,1,3,0,1,2,1,1,1,1,1,1,1,3,2,3,3,1,1,3,2,2,2,2,2,2,2,2,2,1,1,1,1,1,1,2,2,2,2,2,2,1,2,2,3,1,1,1,1,1,1,2,3,2
Cata_wagn,1,1,1,1,1,1,1,1,1,1,1,1,1,1,1,1,1,1,1,1,1,1,1,1,1,1,1,3,1,1,1,1,1,1,1,1,1,1,1,1,1,1,1,1,1,2,1,1,1,2,1,1,2,1,3,2,1,1,2,1,2,1,1,1,1,1,1,1,1,1,1,1,1,1,1,1,1,1,1,1,1,1,0,1,1,1,1,1,1,1,1,1,1,1,1,1,1,1,1,1,1,1,1,1,1,1,2,2,1,2,1,1,1,1,1,1,1,1,1,1,1,1,1,2,2,1,1,1,2,2,2,1,1,1,1,1,1,1,1,1,1,1,1,1,1,1,1,1,1,2,2,1,1,2,1,1,1,2,1,2,1,2,2,1,3,1,1,2,1,1,1,1,1,1,1,2,0,3,2,1,1,3,1,1,1,1,1,1,1,1,1,1,1,1,1,2,1,1,1,1,3,1,1,1,1,1,2,1,1,1,1,1,1,1,2,1
Cath_aura,0,0,0,1,0,1,1,1,1,1,1,1,1,0,1,1,0,1,1,1,0,1,0,1,1,0,0,1,0,0,0,0,0,0,0,0,0,0,1,0,1,0,0,1,0,0,0,0,1,0,0,0,1,0,0,0,0,0,1,0,0,0,0,1,1,0,1,0,1,0,0,0,1,1,0,1,0,0,0,0,0,0,0,0,0,0,0,0,0,0,0,1,0,0,0,1,1,1,0,1,0,0,0,0,0,0,0,1,0,1,0,1,0,0,0,0,0,0,0,0,0,0,0,0,0,0,0,0,0,0,0,0,0,0,0,0,0,0,0,0,0,0,0,0,0,0,0,0,0,0,0,0,1,0,0,1,0,0,0,0,0,0,0,0,2,0,0,0,0,0,0,0,0,0,0,1,0,0,0,0,0,0,1,1,1,1,1,1,1,0,1,0,0,0,0,1,1,1,1,1,0,1,1,0,0,0,0,0,0,0,0,0,0,1,1,0
Cath_fusc,1,0,1,1,1,1,1,1,1,1,1,1,1,0,1,0,0,1,0,1,0,0,0,0,0,1,0,0,1,1,1,1,1,1,0,1,1,1,1,0,1,0,0,0,0,0,1,0,0,0,0,0,0,0,0,0,0,0,0,0,0,1,1,1,1,0,0,0,0,1,1,0,1,1,0,0,1,1,0,0,1,1,1,1,1,1,1,1,1,1,1,1,1,1,1,1,1,1,1,1,1,1,1,0,2,0,0,1,0,0,0,0,0,0,1,1,1,1,1,1,1,1,0,1,1,0,0,0,0,0,0,1,1,1,1,1,1,1,1,0,0,0,0,0,0,0,0,0,0,1,0,0,0,0,1,0,0,0,0,0,0,0,0,0,0,0,0,0,1,1,1,1,1,1,1,0,0,0,0,1,1,0,1,1,0,1,0,1,1,1,1,0,0,0,1,2,1,1,1,1,0,1,1,1,1,2,1,1,1,1,0,1,1,0,1,1
Cath_ustu,1,0,1,1,1,1,1,1,1,1,1,1,1,1,1,1,1,1,1,1,2,1,1,1,1,1,1,0,1,1,1,1,1,1,1,1,1,1,1,1,1,1,1,2,1,2,2,1,1,1,1,2,0,1,1,1,1,1,0,0,3,2,1,1,1,1,1,1,2,2,1,1,1,1,1,1,1,1,1,0,1,1,1,1,1,1,1,1,1,1,1,1,1,1,1,1,1,1,1,1,1,1,1,1,1,1,2,1,1,2,2,2,1,2,1,1,1,1,1,1,1,1,0,0,1,1,1,1,3,1,1,1,1,1,1,1,1,1,1,1,1,1,1,1,1,1,1,1,1,1,1,0,0,3,2,4,1,2,2,1,0,1,1,2,1,3,2,1,1,1,1,0,1,1,1,0,0,1,1,1,1,1,1,1,1,1,1,1,1,1,1,1,1,0,1,0,3,1,1,1,1,1,1,1,1,1,1,1,1,1,1,1,1,1,1,1
Cavi_porc,1,1,1,1,1,1,1,1,1,1,1,1,1,1,1,0,0,1,1,1,1,0,0,1,1,0,1,4,1,1,1,1,1,0,0,1,1,1,1,1,1,1,1,1,1,2,1,1,1,1,1,0,2,2,1,2,1,1,2,0,1,1,2,1,1,1,2,1,1,0,1,1,1,1,1,2,1,1,0,1,1,1,1,1,1,1,1,1,1,1,1,1,1,1,1,0,0,1,1,1,1,1,1,1,1,1,2,1,1,1,1,1,1,0,1,1,1,1,1,1,1,1,1,2,1,2,1,2,1,2,1,1,1,1,1,1,1,1,1,2,1,0,2,2,2,2,0,2,2,3,3,1,2,1,1,3,1,2,2,3,2,2,1,1,1,1,1,1,1,1,1,1,1,0,1,2,2,2,2,1,1,1,1,1,1,1,1,1,1,1,1,1,1,2,1,1,2,1,1,1,1,1,1,1,1,1,1,1,1,1,1,1,1,1,1,1
Cebu_imit,1,1,1,1,1,1,1,1,1,1,1,1,1,0,1,1,1,1,1,1,1,1,1,1,1,1,1,4,1,1,1,1,1,1,1,1,1,1,1,1,1,2,2,2,2,2,3,2,2,2,2,2,2,1,3,2,1,1,0,0,2,1,0,2,2,2,3,1,1,1,1,1,1,2,2,3,1,1,1,1,1,1,1,1,1,1,1,1,0,1,1,1,1,1,1,0,0,1,1,1,1,1,1,2,2,2,2,3,2,2,2,2,2,2,1,1,1,1,1,1,1,1,1,2,2,1,1,1,1,1,1,1,1,1,1,1,1,1,1,1,0,1,1,1,1,1,0,1,1,2,1,1,2,2,1,1,1,2,2,2,0,2,1,1,1,0,1,2,1,1,1,1,1,1,1,2,1,2,2,2,3,3,1,1,1,1,1,1,1,1,1,1,1,1,1,1,1,1,1,1,2,1,1,1,1,1,2,1,1,1,2,0,1,1,1,1
Cent_unir,1,0,1,1,0,1,1,1,1,1,1,1,1,1,1,1,1,1,1,1,1,1,1,1,1,0,0,0,0,1,1,0,1,1,0,1,1,1,1,0,1,0,2,0,0,1,0,0,1,0,1,1,1,0,1,1,0,0,0,0,0,0,1,1,1,0,0,1,1,1,1,1,1,1,0,0,1,1,0,0,1,1,2,1,1,1,1,1,1,1,1,1,1,1,1,1,1,1,1,1,1,1,1,0,2,0,1,0,1,1,1,0,1,1,1,1,1,1,1,1,1,1,0,0,1,0,0,0,0,1,0,0,0,0,0,0,0,0,0,1,1,0,1,1,1,1,1,1,1,1,1,1,1,1,1,1,1,2,2,2,1,1,2,1,1,1,2,1,1,1,1,0,0,0,0,1,1,1,1,1,1,0,1,1,1,1,1,1,1,1,1,1,1,0,1,2,1,1,1,1,0,1,1,0,0,0,0,0,0,0,1,1,1,1,1,1
Ceph_orna,1,0,1,0,0,0,0,0,0,0,1,1,1,0,1,1,0,1,0,1,0,1,0,1,1,1,0,0,1,1,1,1,1,1,0,0,0,0,1,0,1,0,0,1,0,0,1,0,1,0,0,0,0,0,0,0,1,1,0,0,0,1,1,1,1,0,0,0,0,0,0,0,1,1,0,0,1,1,0,0,1,1,1,1,1,1,1,1,1,1,1,1,1,1,1,0,0,0,1,1,1,1,1,0,0,0,0,1,0,1,0,1,0,0,1,1,1,1,1,1,1,1,0,1,1,1,1,1,0,1,1,1,1,1,1,1,1,1,1,1,1,0,1,1,1,1,1,1,1,0,1,0,0,0,0,0,0,0,0,0,1,0,0,1,0,0,1,0,1,1,1,1,1,0,1,0,0,0,0,1,1,2,0,0,1,0,0,1,1,1,1,0,0,0,0,0,0,1,1,1,0,1,1,1,1,2,1,1,1,1,0,1,1,1,1,1
Cerc_atys,1,1,1,1,1,1,1,1,1,1,1,1,1,1,1,1,1,1,1,1,1,1,1,1,1,1,2,3,0,1,1,0,1,1,1,1,1,1,1,1,1,1,1,1,1,2,2,1,1,2,1,1,2,2,2,2,1,1,1,1,2,1,1,1,1,1,1,1,1,1,1,1,1,1,1,1,1,1,2,1,1,1,1,1,1,1,1,0,1,1,1,1,1,1,1,1,1,1,1,1,1,1,1,1,1,1,2,2,1,1,1,1,1,1,1,1,1,1,1,1,1,1,1,2,1,1,1,1,2,1,1,1,1,1,1,1,1,1,1,1,1,1,1,1,1,1,1,1,1,2,2,1,2,2,1,1,1,2,2,2,1,2,1,1,3,1,1,2,1,1,1,1,1,1,1,2,2,2,2,1,2,3,1,1,1,1,1,1,1,1,1,1,1,1,1,1,1,1,1,1,2,1,1,1,1,1,2,1,1,1,2,1,1,1,1,1
Cert_brac,1,0,1,1,1,1,1,1,1,1,1,1,1,1,1,1,1,1,1,1,1,1,1,1,1,1,1,0,1,1,1,1,1,0,0,0,0,0,0,0,0,0,0,1,0,0,1,0,1,1,0,0,0,0,0,0,0,0,0,0,0,0,0,1,1,0,0,1,1,1,1,1,1,1,0,0,1,1,0,0,1,1,1,1,1,1,1,1,1,0,1,1,1,1,1,1,1,1,1,1,1,1,1,0,0,0,1,1,1,1,1,1,0,0,1,1,1,1,1,1,1,1,0,1,1,0,0,0,0,0,0,1,1,1,1,1,1,1,1,1,1,0,1,1,1,1,1,1,1,0,0,0,0,1,2,2,0,1,1,1,2,0,1,1,1,1,2,2,1,1,1,1,1,1,1,0,0,0,0,1,1,0,0,0,1,0,0,1,1,1,1,0,0,0,1,2,1,0,0,0,0,0,0,1,1,1,1,1,1,1,0,1,1,0,0,0
Cert_fami,1,0,1,1,0,1,1,1,1,1,1,1,1,0,0,0,0,0,0,0,0,0,0,0,0,1,0,0,0,0,0,0,0,0,0,1,1,1,0,0,0,0,0,0,0,0,0,0,0,0,0,0,1,1,0,1,1,1,0,0,0,1,1,1,1,0,0,1,0,2,1,1,1,1,0,0,1,1,0,0,1,1,1,1,1,1,1,1,1,0,1,1,1,1,1,1,1,1,1,1,1,1,1,0,0,0,0,0,0,0,0,0,0,0,0,0,0,0,0,0,0,0,0,0,0,1,1,1,0,1,1,1,1,1,1,1,1,1,1,1,1,0,1,1,1,1,1,1,1,1,1,0,1,2,3,3,1,2,2,1,2,0,1,1,3,1,2,2,1,1,1,1,1,1,1,1,1,0,1,0,0,0,1,1,0,1,0,1,1,1,1,1,1,0,1,2,3,1,1,1,0,1,1,1,1,2,0,1,1,1,0,1,1,0,0,0
Cerv_elap,1,0,1,1,1,1,1,1,1,1,1,1,1,1,0,0,0,0,1,0,0,0,1,0,0,1,1,4,1,1,1,1,1,1,1,0,1,0,1,1,1,2,1,1,1,2,1,1,1,0,1,1,0,0,3,0,1,0,1,0,0,1,1,0,0,0,2,0,0,0,0,0,0,0,0,2,1,1,0,0,1,1,1,1,1,1,1,1,1,1,1,1,0,0,0,1,1,1,1,1,1,1,1,2,1,1,1,1,1,1,0,1,1,1,1,1,1,1,1,1,1,1,1,2,3,1,1,1,0,0,2,1,1,1,1,2,1,1,1,1,1,2,1,1,1,1,1,1,1,2,0,2,1,1,1,1,0,1,1,1,0,2,1,0,1,0,0,0,1,0,2,1,0,1,0,0,0,1,0,1,0,1,1,1,1,1,1,0,0,0,0,0,0,0,1,0,1,1,1,1,0,1,1,1,1,1,1,1,2,1,2,1,1,0,0,1
Cett_cett,1,0,1,1,0,1,1,1,1,1,1,1,1,1,1,1,1,1,1,1,1,1,1,1,1,1,1,2,1,1,1,1,1,0,0,1,1,1,1,1,1,0,0,1,0,0,0,0,0,1,0,0,0,0,0,0,0,0,0,0,0,0,1,1,1,1,1,1,1,1,1,1,1,1,1,1,1,1,0,0,1,1,1,1,1,1,1,1,1,0,1,1,1,1,1,1,1,1,1,1,1,1,1,0,0,0,0,0,0,0,0,0,0,0,1,1,1,1,1,1,1,1,0,1,1,1,1,1,0,1,1,2,2,1,1,1,1,1,1,1,1,1,1,1,1,1,1,1,1,0,0,0,0,0,1,0,0,0,0,0,1,0,0,0,0,1,1,1,1,1,1,1,1,1,1,0,0,0,0,2,2,0,1,1,1,1,1,1,1,1,1,1,1,0,1,1,3,1,1,1,0,0,1,1,0,1,0,1,1,1,0,1,1,0,0,0
Ceut_aere,0,0,0,0,1,1,1,1,1,1,1,1,1,1,1,1,1,1,1,1,1,1,1,1,1,0,0,0,1,1,0,1,1,1,0,1,1,1,1,0,1,0,0,0,0,1,0,1,1,0,0,1,0,0,0,0,0,0,0,0,0,0,1,1,1,0,0,0,0,1,0,0,1,1,0,0,1,1,0,0,1,0,2,1,1,1,1,1,1,0,1,1,1,1,1,1,1,1,1,1,1,1,1,0,0,0,1,0,0,1,1,0,1,1,1,1,1,1,1,1,1,1,0,0,0,0,0,0,0,1,0,0,0,0,0,0,0,0,0,1,1,0,1,1,1,1,1,1,1,0,0,0,0,0,1,0,0,0,0,1,0,0,0,1,1,0,0,0,1,1,1,1,1,1,1,0,0,0,0,1,1,2,1,1,1,1,1,1,1,1,1,1,1,0,1,1,1,1,1,1,0,1,1,0,0,0,0,0,0,0,1,0,1,1,1,1
Ceyx_cyan,1,0,0,0,0,0,0,0,0,0,1,1,1,1,1,1,1,1,1,1,1,1,1,1,1,0,0,0,1,1,1,1,1,1,0,1,1,1,0,1,0,0,2,0,0,0,0,1,0,0,0,1,0,0,0,0,0,1,0,0,1,1,1,1,1,0,0,0,0,2,0,0,1,1,0,0,0,0,0,0,0,0,0,0,0,0,0,0,0,0,0,1,1,1,1,0,0,0,1,1,1,1,1,0,0,0,1,0,1,0,1,0,0,0,0,1,1,0,0,1,1,1,1,0,0,1,1,1,1,1,1,1,0,0,0,0,0,0,0,1,1,1,1,1,1,1,1,1,1,2,0,1,0,1,2,0,1,0,0,0,0,0,0,1,0,1,0,0,1,0,1,1,1,1,1,0,0,0,0,1,0,2,1,1,1,1,1,1,1,1,1,0,0,0,1,2,1,0,0,0,0,0,0,1,0,0,0,1,0,1,1,1,1,1,1,0
Chae_fren,0,0,1,1,0,1,1,1,1,1,1,1,1,1,1,1,1,1,1,1,1,1,1,1,1,1,0,0,0,0,0,0,0,0,0,1,1,1,1,1,1,0,0,1,0,0,1,0,0,0,1,0,1,0,0,1,0,0,0,0,0,1,1,1,1,0,0,1,0,1,2,1,1,1,0,0,1,1,0,0,1,1,1,1,1,1,1,1,1,0,1,1,0,0,0,1,1,1,0,1,0,0,0,0,0,0,0,0,1,1,1,1,1,0,1,1,1,1,1,1,1,1,0,0,1,0,0,0,0,0,0,1,1,1,1,1,1,1,1,1,1,0,1,1,1,1,1,1,1,1,2,0,1,1,1,1,1,1,1,0,1,0,1,0,0,0,1,0,1,1,1,1,1,1,1,1,1,0,1,0,0,0,0,0,0,0,0,1,1,1,1,1,1,0,1,2,1,1,1,1,0,1,1,0,0,1,0,0,0,0,0,1,1,1,1,1
Chae_papu,1,0,1,1,1,1,1,1,1,1,1,1,1,1,1,1,1,1,1,1,1,1,1,1,1,1,0,0,1,1,1,1,1,1,0,1,1,1,1,0,1,0,0,1,0,0,1,0,0,0,0,0,0,0,0,0,1,1,1,0,1,1,1,1,1,0,0,1,1,1,1,1,1,1,0,0,1,1,0,0,1,1,1,1,1,1,1,1,1,0,1,1,1,1,1,1,1,1,1,1,1,1,1,0,0,0,0,0,1,0,1,1,0,0,1,1,1,1,1,1,1,1,0,0,1,1,1,1,1,1,1,1,2,1,1,1,1,1,1,1,1,1,1,1,1,1,1,1,1,0,0,1,0,1,1,0,1,0,0,0,0,0,0,1,0,2,1,1,1,1,1,1,1,1,1,0,0,0,0,1,0,2,0,0,0,0,0,1,1,1,1,1,1,0,1,2,1,1,1,1,1,1,1,1,1,1,1,1,1,1,1,1,1,0,0,0
Chan_argu,1,0,1,1,1,1,1,1,1,1,0,1,1,1,1,1,2,1,1,1,1,1,1,0,1,1,3,4,0,0,1,0,0,1,1,1,0,0,1,1,1,2,3,1,3,1,2,2,1,1,2,2,0,0,1,0,1,2,1,0,2,1,1,0,0,2,2,1,3,0,0,0,0,0,2,2,1,1,3,0,0,1,0,1,0,1,1,0,0,2,1,1,1,1,0,1,1,0,0,1,0,0,0,3,3,3,1,1,1,1,1,1,2,2,0,0,0,0,0,0,0,0,0,1,0,1,2,1,2,1,1,0,0,1,1,0,1,0,2,1,0,2,0,1,0,0,0,1,0,1,0,2,2,0,0,2,1,0,1,2,0,2,0,1,2,0,0,0,0,0,0,1,1,1,1,0,0,1,0,0,0,0,0,0,0,0,0,0,0,0,0,1,1,1,0,1,0,0,1,1,2,1,1,1,1,0,1,1,1,2,1,0,0,1,1,1
Chan_chan,1,0,1,1,1,1,1,1,1,1,1,1,1,1,1,1,3,0,1,1,1,1,1,1,0,2,2,4,1,0,1,1,1,1,1,0,0,0,1,1,1,3,3,1,2,1,2,2,1,2,2,1,0,0,1,1,2,2,2,0,2,2,2,1,0,2,2,1,3,1,1,0,1,0,2,2,0,1,3,0,1,0,0,1,1,1,2,2,1,1,0,1,1,1,1,1,1,0,1,1,0,1,1,3,3,2,1,1,1,1,1,2,2,1,2,1,0,1,1,0,0,1,0,0,1,2,2,1,2,1,1,0,0,1,1,0,0,0,0,1,0,1,0,1,1,2,1,0,0,0,1,1,2,0,0,2,1,1,1,1,1,1,1,1,2,0,0,1,1,1,2,1,1,0,1,0,2,1,1,0,0,0,1,1,1,1,1,0,1,0,1,1,1,1,1,0,0,1,1,2,3,2,2,2,1,0,2,2,1,0,3,1,1,1,2,1
Char_voci,0,0,0,1,0,1,1,1,1,1,1,1,1,1,1,1,0,1,1,1,1,1,1,1,1,0,0,0,1,1,1,1,1,0,0,1,1,1,1,0,1,0,2,0,0,1,0,0,1,0,0,0,1,0,0,1,0,0,1,0,0,0,1,1,1,1,1,0,0,0,0,0,1,1,1,1,1,1,0,0,1,1,2,1,1,2,1,1,1,1,1,1,1,1,1,1,1,1,1,1,1,1,1,0,0,0,1,1,0,1,0,0,0,0,0,0,0,0,0,0,0,0,0,0,1,0,0,0,0,0,0,1,1,1,1,1,1,1,1,0,1,0,2,1,1,1,1,1,1,1,0,1,1,2,3,3,1,2,2,1,0,1,2,1,1,1,2,2,1,1,1,1,1,0,1,1,0,1,1,0,0,0,1,1,1,1,1,1,1,0,1,1,1,0,0,0,0,1,1,1,0,1,1,1,2,2,0,1,1,1,1,1,1,1,1,1
Chau_torq,1,0,1,1,0,1,1,1,1,1,1,1,1,1,1,1,0,1,1,1,1,1,1,1,1,1,0,2,1,1,0,1,1,1,0,1,1,1,1,0,1,1,2,0,0,1,0,1,1,0,0,0,0,0,0,0,0,0,0,0,0,0,0,0,0,0,1,1,0,1,1,1,0,0,0,1,1,1,0,0,1,1,2,1,1,1,1,1,1,1,1,0,0,0,0,1,1,1,0,0,0,0,0,0,2,0,1,1,0,1,0,0,0,0,1,1,1,1,1,1,1,1,1,0,0,0,0,0,0,0,0,1,1,1,1,1,1,1,1,1,1,0,1,1,1,1,1,1,1,0,0,0,0,0,1,0,0,0,0,0,1,0,0,1,0,1,1,0,1,1,1,1,1,1,1,0,0,0,0,1,1,2,1,1,1,1,1,1,1,1,1,0,0,0,1,2,1,0,0,0,0,0,0,1,1,1,1,1,1,1,0,1,1,1,1,1
Chel_abin,1,0,1,1,1,1,1,1,1,1,1,0,0,1,1,1,1,1,1,1,1,1,1,1,1,1,1,0,1,1,1,1,1,1,1,1,1,1,1,1,1,1,0,1,0,0,0,0,1,0,2,0,1,2,0,1,1,2,1,0,1,2,1,1,1,1,1,0,0,1,1,0,1,1,1,1,0,1,1,0,1,1,1,1,1,1,1,1,1,1,1,1,1,1,0,0,0,0,1,1,1,1,1,1,2,0,0,0,0,1,0,1,2,0,1,1,1,1,1,1,1,1,0,2,4,1,1,0,1,1,0,2,1,1,1,1,1,1,1,1,1,1,1,1,1,1,1,1,1,1,3,0,2,1,1,1,1,2,2,2,1,1,2,1,3,2,1,1,1,1,1,1,1,1,1,1,2,0,1,1,1,3,1,1,1,1,1,1,1,1,1,0,0,0,1,2,1,1,1,1,1,1,1,1,0,0,1,1,2,1,2,1,1,1,1,1
Chel_myda,1,0,1,0,1,0,0,0,0,0,0,1,1,1,1,1,0,1,0,1,1,1,1,1,1,1,1,0,0,0,0,0,0,0,0,1,2,1,0,1,0,1,2,1,0,0,0,1,2,1,2,1,0,0,0,1,1,1,1,0,0,0,1,1,1,0,2,2,0,0,1,1,1,1,0,2,1,1,0,0,1,1,1,1,1,0,0,1,1,0,1,1,1,1,1,0,0,0,1,1,0,0,1,1,2,0,0,0,1,2,1,1,2,1,1,1,1,1,1,1,1,1,1,2,2,1,1,1,0,1,1,2,1,1,1,1,1,1,1,1,0,0,1,1,1,1,1,1,1,1,0,1,1,1,1,2,1,2,1,1,0,0,1,0,1,0,2,2,1,1,1,1,1,1,1,0,0,0,1,2,2,1,1,1,1,1,1,1,1,1,1,1,1,1,1,2,0,1,1,1,0,1,1,1,0,1,0,1,1,1,2,1,1,1,1,1
Chel_serp,1,1,1,1,1,1,0,0,0,0,1,0,0,1,1,1,1,1,1,1,1,1,1,1,1,0,1,0,1,1,1,1,1,1,0,1,1,1,1,1,1,1,2,1,0,1,0,2,1,1,2,0,1,2,0,1,1,1,0,0,1,1,0,1,1,1,1,0,0,1,1,0,1,1,1,1,1,1,1,0,1,1,1,1,1,1,1,1,1,1,1,1,1,1,1,0,0,0,1,1,1,1,1,1,2,0,1,0,1,1,1,1,2,0,1,1,1,1,1,1,1,1,1,2,1,1,1,1,1,1,1,2,1,1,1,1,1,1,1,1,1,0,1,1,1,1,1,1,1,1,3,1,2,2,2,1,1,2,2,2,1,1,2,1,3,2,2,2,1,1,1,1,1,1,1,1,2,0,1,2,2,3,1,1,1,1,1,1,1,1,1,1,1,0,1,2,1,1,1,1,2,1,1,1,0,0,0,1,1,1,2,1,1,1,1,1
Chil_punc,0,0,0,0,0,0,0,0,0,0,0,0,0,0,0,0,0,0,0,0,0,0,0,0,0,0,0,0,1,0,1,1,0,0,0,0,0,0,0,1,0,0,0,0,0,0,0,0,0,0,0,0,0,0,0,0,0,1,0,0,0,0,0,0,0,0,0,1,3,0,1,1,0,0,0,0,0,0,0,0,0,0,0,0,0,0,0,0,0,0,0,0,0,0,0,0,0,0,0,0,0,0,0,0,0,0,0,0,0,0,0,0,0,0,0,0,0,0,0,0,0,0,0,0,0,2,1,1,0,1,1,1,1,0,0,0,0,0,1,0,0,0,0,0,0,0,0,0,0,0,0,0,0,0,0,0,0,0,0,0,0,0,0,0,0,0,0,0,0,0,0,0,0,0,0,0,0,0,0,0,0,0,0,0,0,0,0,0,0,0,0,1,1,0,0,0,0,0,0,0,0,0,0,1,1,1,1,0,1,0,0,0,0,0,0,0
Chin_lani,1,1,1,1,1,1,1,1,1,1,1,1,1,1,1,1,1,1,1,1,1,1,1,1,1,1,2,4,1,1,1,1,1,1,1,1,1,1,1,1,1,1,1,1,1,2,2,1,1,2,1,1,2,2,1,2,1,1,2,0,1,1,1,1,1,1,1,1,1,1,1,1,1,1,1,1,1,1,1,1,1,1,1,1,1,1,1,1,1,1,1,1,1,1,1,0,0,1,1,1,1,1,1,1,1,1,1,2,1,1,1,1,1,1,1,1,1,1,1,1,1,1,1,2,2,1,1,2,1,1,1,1,1,1,1,1,1,1,1,1,1,1,1,1,1,1,1,1,1,2,2,1,1,2,1,3,1,2,2,2,1,2,1,1,1,1,1,1,1,1,1,1,1,1,1,2,1,2,2,1,1,3,1,1,1,1,1,1,1,1,1,1,1,1,0,0,0,1,1,1,1,1,1,1,1,1,2,1,1,1,2,1,1,1,1,1
Chio_mino,1,0,1,1,0,1,1,1,1,1,1,1,1,0,1,1,0,1,1,1,1,1,0,1,1,1,0,0,1,1,1,1,1,1,0,1,1,1,0,0,0,0,0,0,0,1,0,0,0,0,0,0,0,0,0,0,1,0,1,0,0,1,1,1,1,0,0,1,2,0,1,1,1,1,0,0,1,1,0,0,1,1,2,1,1,1,1,1,1,1,1,1,1,1,1,1,1,1,1,1,1,1,1,0,0,0,1,1,1,1,0,0,0,0,1,1,1,1,1,1,1,1,0,0,1,1,1,1,0,1,1,1,1,1,1,1,1,1,1,1,1,0,1,1,1,1,1,1,1,1,0,0,0,0,1,2,0,1,1,1,1,0,1,1,1,0,2,2,1,1,1,1,1,1,1,0,0,0,0,1,1,2,1,1,1,1,1,1,1,1,1,1,1,0,1,2,1,1,1,1,0,1,1,0,1,1,0,0,0,0,0,1,1,0,0,0
Chio_opil,0,0,0,0,0,0,0,0,0,0,0,0,0,0,0,0,0,0,0,0,0,0,0,0,0,0,0,0,0,0,0,0,0,1,0,0,0,0,0,0,0,0,0,0,0,0,0,0,0,1,0,0,0,0,0,0,0,0,0,0,0,0,0,0,0,0,0,0,0,0,0,0,0,0,0,0,0,0,0,0,0,0,0,0,0,0,0,0,0,0,0,0,0,0,0,0,0,0,0,0,0,0,0,0,0,0,0,0,0,0,1,0,0,0,0,0,0,0,0,0,0,0,0,0,0,0,0,0,0,0,0,0,0,0,0,0,0,0,0,0,0,0,0,0,0,0,0,0,0,0,0,0,0,0,0,0,0,0,0,0,0,0,0,0,0,0,0,0,0,0,0,0,0,0,0,0,0,0,0,0,0,0,0,1,0,0,0,0,0,0,0,1,0,0,0,0,0,0,0,0,0,0,0,0,0,0,0,0,0,0,0,0,0,1,0,0
Chla_macq,0,0,0,1,0,1,1,1,1,1,1,1,1,0,0,0,0,0,0,0,0,0,0,0,0,1,0,0,0,0,0,0,0,1,0,1,1,1,0,0,0,0,0,0,0,0,0,0,0,0,0,0,1,0,0,0,0,0,1,0,0,1,1,1,1,0,0,0,1,0,0,0,1,1,0,0,0,0,0,0,0,0,0,0,0,0,0,0,0,0,0,0,0,0,0,1,1,1,0,0,0,0,0,0,0,0,0,0,0,0,0,0,0,0,1,1,1,1,1,1,1,1,0,0,0,0,0,0,0,0,0,1,0,0,0,0,0,0,0,0,1,0,1,1,0,1,1,1,1,1,1,0,1,1,1,2,0,1,1,0,1,0,1,0,0,0,1,1,0,0,1,1,1,0,1,1,0,0,0,1,1,1,1,1,1,1,1,1,1,0,1,0,0,0,0,1,1,1,1,1,0,1,1,1,0,0,0,1,0,1,1,1,1,0,0,0
Chlo_aene,0,0,0,1,1,1,1,1,1,1,1,1,1,1,1,1,0,1,1,1,1,1,1,1,1,0,0,0,1,1,1,1,1,1,0,1,1,1,1,0,1,0,2,0,0,1,0,1,1,0,0,0,0,0,0,0,0,0,1,0,0,0,0,1,1,0,0,0,0,1,0,0,1,1,0,0,1,1,0,0,1,1,2,1,1,1,1,1,1,1,1,1,1,1,1,1,1,1,1,1,1,1,1,0,2,0,1,1,1,1,0,0,0,0,1,1,1,1,1,1,1,1,0,0,0,0,0,0,0,0,0,0,0,0,0,0,0,0,0,1,1,0,1,1,1,1,1,1,1,0,0,0,0,1,1,0,0,0,0,0,1,0,0,0,0,1,1,0,1,1,1,1,1,0,1,0,0,0,0,1,1,2,0,0,1,0,0,1,1,1,1,0,0,0,1,2,1,1,1,1,0,1,1,1,1,1,1,1,1,1,1,1,1,1,1,1
Chlo_cyan,1,0,1,1,0,1,1,1,1,1,0,0,0,1,1,1,0,1,1,1,1,1,1,1,1,0,1,0,1,1,0,1,1,1,0,0,0,0,1,0,1,0,0,1,0,1,1,0,1,0,0,0,1,0,0,1,1,1,0,0,0,0,1,0,1,0,0,0,0,1,0,0,0,1,0,0,1,1,0,0,1,1,2,1,1,1,1,1,1,0,1,0,0,0,0,1,1,1,0,0,0,0,0,0,0,0,1,0,1,1,0,1,0,0,1,1,1,1,1,1,1,1,0,0,1,1,1,1,0,1,1,1,1,1,1,1,1,2,1,1,1,0,0,1,1,1,1,1,1,1,1,0,1,1,1,2,1,1,1,0,0,0,1,0,0,0,1,0,0,0,1,0,0,0,0,1,1,0,1,1,1,0,0,0,0,0,0,1,0,1,1,0,0,0,1,2,1,1,0,1,0,1,1,0,0,1,0,0,0,0,0,1,1,0,0,0
Chlo_goul,0,0,0,1,1,1,1,1,1,1,1,1,1,1,1,1,1,1,1,1,1,1,1,1,1,0,1,0,1,1,1,1,1,0,0,1,1,1,1,0,1,0,1,1,0,0,1,0,0,1,0,0,0,1,0,1,1,1,0,0,0,0,0,1,1,0,2,1,1,0,1,1,1,1,0,2,1,1,1,0,1,1,1,1,1,1,1,1,0,0,1,1,1,1,1,1,1,1,1,1,1,1,1,0,0,0,0,0,0,0,1,1,0,0,0,1,1,1,1,0,1,1,0,1,2,1,1,1,0,1,1,1,1,1,1,1,1,1,1,1,1,0,1,0,1,1,0,1,1,1,1,0,1,1,1,1,1,1,1,1,1,1,2,1,0,2,1,0,1,1,1,1,1,1,1,0,1,0,1,2,1,1,1,1,0,1,1,1,1,1,1,0,1,0,0,0,0,1,1,1,0,1,1,1,0,1,1,1,0,1,2,1,1,1,1,1
Chlo_hard,1,0,1,1,1,1,1,1,1,1,1,1,1,0,0,0,0,0,0,0,0,0,0,0,0,0,0,0,1,1,1,1,1,0,0,1,1,1,1,0,1,0,0,0,0,0,0,0,0,0,0,0,1,1,0,1,1,0,0,0,0,1,0,1,1,0,0,1,0,1,1,1,1,1,0,0,1,1,0,0,1,1,1,1,1,1,0,1,1,0,1,1,1,1,1,1,1,1,1,1,1,1,1,0,0,0,0,0,0,0,0,0,0,0,1,1,1,1,1,1,1,1,0,0,1,1,1,1,0,1,1,0,0,0,0,0,0,0,0,1,1,1,0,1,1,1,1,1,1,1,1,1,1,1,2,1,1,0,0,0,0,0,1,0,0,2,1,1,1,1,1,1,1,1,1,1,1,0,1,0,0,0,1,1,0,1,1,1,1,1,1,1,1,0,1,2,1,1,1,1,0,1,1,1,1,1,1,1,1,1,1,1,1,0,0,0
Chlo_saba,1,1,1,1,1,1,1,1,1,1,1,1,1,1,1,1,1,1,1,1,1,1,1,1,1,1,1,5,1,1,1,1,1,1,1,1,1,1,1,1,1,2,2,3,2,3,3,2,2,3,2,2,3,3,3,3,1,1,1,0,2,1,2,2,2,2,2,1,1,1,1,1,2,2,2,2,1,1,2,1,1,1,1,1,1,1,1,1,1,1,1,1,1,1,1,1,1,1,1,1,1,1,1,2,2,2,3,3,2,2,2,2,2,3,1,1,1,1,1,1,1,1,1,2,1,1,1,2,2,0,1,1,1,1,1,1,1,1,1,0,1,2,1,1,1,1,1,1,1,1,2,2,2,2,1,1,1,2,2,1,1,2,1,1,3,1,1,2,1,1,1,1,1,1,1,3,3,3,3,1,2,2,1,1,1,1,1,1,1,1,1,0,0,0,1,1,1,1,1,1,2,1,1,1,1,1,2,1,1,1,0,0,1,1,1,1
Chor_acut,0,0,0,0,1,1,1,1,1,1,1,1,1,1,1,1,1,1,1,1,1,1,1,1,1,2,0,0,1,1,1,1,1,1,0,1,1,1,1,1,1,0,0,1,0,1,1,2,1,0,1,0,0,0,0,0,0,0,1,0,0,1,1,1,1,0,0,1,1,1,1,1,1,1,0,0,1,1,0,0,1,1,1,1,1,1,1,1,1,1,1,1,1,1,1,1,0,0,1,1,1,1,1,0,0,0,1,1,1,2,1,1,2,0,1,1,1,1,1,1,1,1,0,0,1,0,0,0,0,0,0,1,1,1,1,1,1,1,1,1,1,0,1,1,1,1,1,1,1,0,0,0,0,0,0,0,0,0,0,0,1,0,0,1,1,1,1,1,0,0,0,1,1,1,1,0,0,0,0,1,1,0,1,1,1,1,1,1,1,1,1,0,0,0,1,2,1,1,1,1,0,1,1,0,0,0,0,0,0,0,0,1,1,1,1,1
Chro_macu,0,0,0,1,0,1,1,1,1,1,1,1,1,1,1,1,1,1,1,1,1,1,1,1,1,1,0,0,1,1,1,1,1,1,0,1,1,1,1,1,1,0,0,0,0,0,0,0,1,0,0,0,0,0,0,0,1,1,0,0,0,1,0,1,1,0,0,1,1,1,1,1,1,1,0,0,1,1,0,0,1,1,1,1,1,1,1,1,1,1,1,0,1,1,1,1,1,1,1,1,1,1,1,0,0,0,1,0,0,0,1,0,0,0,1,1,1,1,1,1,1,1,0,0,1,1,1,1,0,1,1,1,1,1,1,1,1,1,1,1,1,0,1,0,1,1,1,1,1,0,0,0,0,0,0,0,0,0,0,0,1,0,0,1,0,0,1,0,1,1,1,1,1,1,1,0,0,0,0,1,1,0,1,1,1,1,1,1,1,1,1,1,1,0,1,2,1,1,0,0,0,0,0,0,1,0,0,0,0,0,2,1,1,0,0,0
Chro_spXL,0,0,0,0,0,0,0,0,0,0,0,0,0,0,0,0,0,0,0,0,0,0,0,0,0,0,0,0,0,0,0,0,0,0,0,0,0,0,0,0,0,0,0,0,0,0,0,0,0,0,0,0,0,0,0,0,0,0,0,0,0,0,0,0,0,0,0,0,0,0,0,0,0,0,0,0,0,0,0,0,0,0,0,0,0,0,0,0,0,0,0,0,0,0,0,0,0,0,0,0,0,0,0,0,0,0,0,0,0,0,0,0,0,0,0,0,0,0,0,0,0,0,0,0,0,0,0,0,0,0,0,0,0,0,0,0,0,0,0,0,0,0,0,0,0,0,0,0,0,0,0,0,0,0,0,0,0,0,0,0,0,0,0,0,0,0,0,0,0,0,0,0,0,0,0,0,0,0,0,0,0,0,0,0,0,0,0,0,0,1,0,0,0,0,0,0,0,0,0,0,0,0,0,0,0,0,0,0,0,0,0,0,0,0,0,0
Chry_asia,1,0,1,1,1,1,1,1,1,1,1,1,1,1,1,1,1,1,1,1,1,1,1,1,1,1,1,3,1,1,1,1,1,1,1,1,1,1,1,1,1,1,1,1,1,1,1,1,1,1,1,1,3,4,2,4,1,1,1,0,1,1,1,1,1,1,1,1,1,1,1,1,1,1,1,1,1,1,1,1,1,1,1,1,1,1,1,1,1,1,1,0,1,0,0,1,1,1,1,0,1,1,1,1,1,1,1,1,1,1,1,1,1,1,1,1,1,1,1,1,1,1,1,2,1,2,1,2,1,1,1,1,1,1,1,2,1,1,1,1,1,1,1,1,1,1,1,1,1,2,2,2,1,2,1,1,1,2,2,2,1,1,1,1,3,1,2,2,1,1,1,1,1,1,1,3,4,3,4,1,1,1,1,1,1,1,1,1,1,1,1,1,1,1,1,1,1,1,1,1,2,1,1,1,1,1,2,1,1,1,2,1,1,1,1,1
Chry_pict,2,1,1,2,1,2,2,2,2,2,1,2,1,2,2,2,2,2,2,2,2,2,1,2,2,1,2,1,2,2,1,2,1,2,0,2,2,2,1,1,1,2,5,3,0,3,1,3,3,1,2,2,2,4,0,2,2,2,1,0,2,1,1,2,2,2,2,2,4,2,2,2,2,2,2,2,1,1,1,0,2,2,3,2,2,2,2,2,2,2,2,2,2,2,2,1,1,1,2,2,2,2,2,2,5,0,3,2,2,3,1,4,2,2,2,1,1,2,2,2,2,1,1,2,4,2,3,2,2,2,2,2,3,2,2,2,2,3,2,2,2,2,2,2,2,2,1,2,2,2,5,2,3,3,3,3,2,4,4,3,2,2,4,3,6,3,5,4,2,2,2,1,2,2,2,2,4,0,2,3,2,6,2,2,2,2,2,2,2,2,2,1,1,1,2,4,2,2,2,2,1,2,2,2,3,2,2,2,3,2,3,2,2,1,2,2
Chun_burm,1,0,1,1,1,1,1,1,1,1,1,1,1,1,1,1,1,1,1,1,1,1,1,1,1,1,1,0,1,1,1,1,1,1,0,0,0,0,1,0,1,0,2,0,0,0,0,1,1,0,0,0,0,0,0,0,0,0,0,0,0,1,1,1,1,0,0,1,3,1,1,1,1,1,0,0,1,1,0,0,1,1,1,1,1,1,1,1,1,1,1,1,1,1,1,1,1,1,1,1,1,1,1,0,0,0,0,0,1,1,1,0,0,0,1,1,1,1,1,1,1,1,1,0,0,0,0,0,0,0,0,1,1,1,1,1,1,1,1,1,1,1,1,1,1,1,1,1,1,0,0,1,0,0,1,0,0,0,0,1,1,0,0,1,1,1,1,1,1,1,1,1,1,1,1,0,0,0,0,1,1,2,1,1,1,1,1,1,0,1,1,0,0,0,1,2,1,1,1,1,0,1,1,0,1,1,0,0,0,0,0,1,1,1,1,1
Cicc_nigr,0,0,1,1,1,1,1,1,1,1,1,1,1,1,1,1,1,1,1,1,1,1,1,1,1,1,0,0,1,1,1,1,1,1,0,1,1,1,1,0,1,0,0,0,0,0,0,1,1,0,0,0,0,0,0,0,0,0,1,0,0,1,1,1,1,0,0,2,1,1,1,1,1,1,0,0,1,1,0,0,1,1,1,1,1,1,1,1,1,1,1,1,1,1,1,1,1,1,1,1,1,1,1,0,2,0,1,0,1,1,1,0,0,0,1,1,1,1,1,1,1,1,1,1,1,0,0,0,0,0,0,1,1,1,1,1,1,1,1,1,1,0,1,1,1,1,0,1,1,1,0,0,0,0,1,1,0,0,0,0,1,0,0,1,1,1,1,0,1,1,1,1,1,1,1,0,0,0,0,1,1,2,1,1,1,1,1,1,1,1,1,1,1,0,1,2,3,1,1,1,0,1,1,1,2,1,0,1,1,1,0,1,1,1,1,1
Cico_magu,0,0,0,1,1,1,1,1,1,1,1,1,1,1,1,1,0,1,1,1,1,1,1,1,1,1,0,0,1,1,1,1,1,1,0,0,0,0,1,0,1,1,0,0,0,1,0,1,1,0,1,0,0,0,0,0,0,0,1,0,0,1,0,1,1,0,0,0,0,1,0,0,1,1,0,0,1,1,0,0,1,1,2,1,1,1,1,1,1,1,1,1,1,1,1,1,1,1,1,1,1,1,1,0,0,0,1,1,1,1,0,0,0,0,1,1,1,1,1,1,1,1,0,0,1,0,0,0,0,0,0,1,1,1,1,1,1,1,1,1,1,0,1,1,1,1,1,1,1,1,0,0,0,0,0,0,0,0,0,0,1,0,0,1,0,0,1,0,1,1,1,1,1,0,1,0,0,0,0,1,1,2,1,1,1,1,1,1,1,1,1,0,0,0,1,2,0,1,1,1,0,1,1,0,1,0,0,0,0,0,0,1,1,0,0,0
Cime_lect,0,0,0,0,0,0,0,0,0,0,0,0,0,0,0,0,0,0,0,0,0,0,0,0,0,0,0,0,0,0,0,0,0,0,0,0,0,0,0,1,0,0,0,0,0,1,0,0,0,2,0,1,0,0,0,0,0,0,0,0,0,0,0,0,0,1,0,0,0,0,0,0,0,0,1,0,0,0,0,0,0,0,0,0,0,0,0,0,0,0,0,0,0,0,0,0,0,0,0,0,0,0,0,0,0,0,0,0,0,0,1,0,0,1,0,0,0,0,0,0,0,0,0,0,0,0,0,0,0,0,0,0,0,0,0,0,0,0,0,0,0,0,0,0,0,0,0,0,0,0,0,0,0,0,0,0,0,0,0,0,0,0,0,0,0,0,0,0,0,0,0,0,0,0,0,0,0,0,0,0,0,0,0,0,0,0,0,0,0,0,0,0,0,0,0,0,0,0,0,0,0,0,0,0,0,0,0,0,0,0,0,0,0,0,0,0
Cina_cedr,0,0,0,0,0,0,0,0,0,0,0,0,0,0,0,0,0,0,0,0,0,0,0,0,0,0,0,0,0,0,0,0,0,0,0,0,0,0,0,0,0,0,0,0,0,0,0,0,0,0,0,0,0,0,0,0,0,0,0,0,0,0,0,0,0,1,0,0,0,0,0,0,0,0,1,0,0,0,0,0,0,0,0,0,0,0,0,0,0,0,0,0,0,0,0,0,0,0,0,0,0,0,0,0,0,0,0,0,0,0,0,0,0,0,0,0,0,0,0,0,0,0,0,0,0,0,0,0,0,0,0,0,0,0,0,0,0,0,0,0,0,0,0,0,0,0,0,0,0,0,0,0,0,0,0,0,0,0,0,0,0,0,0,0,0,0,0,0,0,0,0,0,0,0,0,0,0,0,0,0,0,0,0,0,0,0,0,0,0,0,0,0,0,0,0,0,0,0,0,0,0,0,0,0,0,0,0,0,0,0,0,0,0,0,0,0
Cinc_mexi,1,0,1,1,0,1,1,1,1,1,0,0,0,0,1,1,0,1,1,1,1,1,0,1,1,2,1,0,1,1,0,1,1,0,0,1,1,1,1,0,1,0,0,1,0,0,1,0,1,0,0,0,0,0,0,0,1,1,0,0,0,0,0,1,1,0,0,1,2,1,1,1,1,1,0,0,1,1,0,0,1,1,1,1,1,1,1,1,1,0,1,0,1,1,1,1,1,1,1,0,1,1,1,0,0,0,0,0,0,1,0,1,0,0,1,1,1,1,1,1,1,1,0,0,1,1,1,1,0,1,1,0,0,0,0,0,0,0,0,1,1,0,1,0,1,1,1,1,1,0,0,0,0,0,0,0,0,0,0,0,1,0,0,0,0,0,1,1,1,1,1,1,1,1,1,0,0,0,0,0,0,2,1,1,1,1,1,1,0,1,0,0,0,0,1,2,1,0,0,0,0,0,0,1,1,1,1,1,1,1,0,1,1,0,0,0
Cion_inte,0,0,0,0,0,0,0,0,0,0,0,0,0,0,0,0,0,0,0,0,0,0,0,0,0,0,0,0,0,0,0,0,0,1,0,0,0,0,0,1,0,0,0,0,0,0,0,0,0,0,1,0,0,0,0,0,0,0,0,0,0,0,0,0,0,0,0,0,0,0,0,0,0,0,0,0,0,0,0,0,0,0,0,0,0,0,0,0,0,0,0,0,0,0,0,0,0,0,0,0,0,0,0,0,0,0,0,0,0,0,0,0,1,0,0,0,0,0,0,0,0,0,0,0,0,0,0,0,0,0,0,0,0,0,0,0,0,0,0,0,0,0,0,0,0,0,0,0,0,0,0,0,0,0,0,0,0,0,0,0,0,0,0,0,0,0,0,0,0,0,0,0,0,0,0,0,0,0,0,0,0,0,0,0,0,0,0,0,0,0,0,1,0,0,0,0,0,0,0,0,0,0,0,0,0,0,0,0,0,0,0,0,0,1,1,0
Cion_savi,0,0,0,0,0,0,0,0,0,0,0,0,0,0,0,0,0,0,0,0,0,0,0,0,0,0,0,0,0,0,0,0,0,0,0,0,0,0,0,0,0,0,0,0,0,0,0,0,0,0,1,0,0,0,0,0,0,0,0,0,0,0,0,0,0,0,0,0,0,0,0,0,0,0,0,0,0,0,0,0,0,0,0,0,0,0,0,0,0,0,0,0,0,0,0,0,0,0,0,0,0,0,0,0,0,0,0,0,0,0,0,0,1,0,0,0,0,0,0,0,0,0,0,0,0,0,0,0,0,0,0,0,0,0,0,0,0,0,0,0,0,0,0,0,0,0,0,0,0,0,0,0,0,0,0,0,0,0,0,0,0,0,0,0,0,0,0,0,0,0,0,0,0,0,0,0,0,1,0,0,0,0,0,0,0,0,0,0,0,0,0,0,0,0,0,0,0,0,0,0,0,0,0,0,0,0,0,0,0,0,0,0,0,1,1,0
Circ_pect,1,0,1,1,0,1,1,1,1,1,1,1,1,1,1,0,0,1,1,1,1,1,1,1,1,2,0,0,1,1,1,1,1,1,0,1,1,1,1,1,1,1,1,1,0,2,1,1,2,0,1,1,0,0,0,0,0,0,1,0,0,0,0,1,1,0,0,1,2,0,1,1,1,1,0,0,0,0,0,0,0,0,0,0,0,0,0,0,0,0,0,1,1,1,1,1,1,1,1,1,0,0,1,1,0,0,2,1,2,2,0,1,1,1,1,1,1,1,1,1,1,1,0,0,1,0,0,0,0,0,0,1,1,1,1,1,1,1,1,1,1,0,1,1,1,1,1,1,1,1,0,0,0,0,1,0,0,0,0,0,2,0,0,1,1,1,1,0,0,0,0,1,1,1,1,0,0,0,0,1,1,0,1,1,1,1,1,1,1,1,1,0,0,0,1,2,1,1,1,1,0,1,1,1,2,2,0,1,1,1,0,1,1,0,0,0
Cist_junc,1,0,1,1,1,1,1,1,1,1,1,1,1,1,1,1,0,1,1,1,1,1,1,1,1,1,0,0,1,1,0,1,1,0,0,1,1,1,1,0,1,0,0,1,0,0,1,0,1,0,0,1,1,1,0,0,0,0,0,0,0,1,1,1,1,0,0,0,0,1,0,0,1,1,0,0,0,0,0,0,0,0,0,0,0,0,0,0,0,0,0,1,1,1,1,1,1,1,1,1,1,1,1,0,0,0,0,1,1,0,1,1,0,0,1,1,1,1,1,1,1,1,0,1,1,0,0,0,0,0,0,1,1,1,1,1,1,1,1,1,1,0,1,1,1,1,1,1,1,1,2,0,1,1,1,2,1,1,1,0,2,0,0,1,1,1,1,0,1,1,1,1,1,1,1,1,0,0,0,1,1,2,0,0,0,0,0,1,1,1,1,1,1,0,1,2,0,1,1,1,0,1,1,1,1,1,1,1,1,1,0,1,1,0,0,0
Clar_magu,0,0,0,0,1,1,1,1,1,1,0,0,0,0,0,0,1,0,0,0,0,0,0,0,0,2,2,4,0,0,1,0,1,1,1,0,1,1,0,1,0,1,1,1,1,1,1,1,1,2,1,1,0,0,1,0,1,2,1,0,1,1,1,0,0,2,1,0,2,0,1,0,0,0,2,1,0,0,2,0,0,0,3,0,0,0,0,1,2,2,0,1,0,1,1,1,1,0,1,0,0,1,0,1,1,1,1,1,1,1,2,1,1,1,0,0,1,0,0,0,0,1,0,0,1,1,2,1,2,1,1,0,0,1,0,0,0,0,1,0,0,1,1,0,1,0,0,1,1,0,1,2,1,0,0,2,1,1,2,0,1,2,1,1,2,0,0,0,0,0,0,1,0,1,0,0,1,3,1,0,0,0,0,0,1,0,0,0,1,0,0,1,1,1,0,0,0,0,0,0,2,1,0,0,0,0,0,0,0,0,1,0,0,1,1,1
Clim_rufu,1,0,1,1,0,1,1,1,1,1,1,1,1,1,1,1,1,1,1,1,1,1,1,1,1,2,0,0,1,1,1,1,1,0,0,1,1,1,1,0,1,0,0,1,0,0,1,0,1,0,0,0,0,0,0,0,1,0,1,0,0,1,1,1,1,0,0,0,0,1,1,0,1,1,0,0,0,0,0,0,0,0,0,0,0,0,0,0,0,0,0,1,1,1,1,1,1,1,1,1,1,1,1,0,0,0,0,0,0,1,1,1,0,1,1,1,1,1,1,1,1,1,0,0,1,1,1,1,0,1,1,1,1,1,1,1,1,2,1,1,1,0,1,1,1,1,1,1,1,0,0,0,0,0,0,0,0,0,0,0,0,0,0,1,0,2,1,1,1,1,1,1,1,1,1,0,0,0,0,1,1,2,1,1,1,1,1,1,1,1,1,0,0,0,1,2,1,1,1,1,0,1,1,1,1,2,1,1,2,1,0,1,1,0,0,0
Clon_sine,0,0,0,0,0,0,0,0,0,0,0,0,0,0,0,0,0,0,0,0,0,0,0,0,0,0,0,0,0,0,0,0,0,0,0,0,0,0,0,1,0,0,0,0,0,0,0,0,0,0,0,0,0,0,0,0,0,0,0,0,0,0,0,0,0,0,0,0,0,0,0,0,0,0,0,0,0,0,0,0,0,0,0,0,0,0,0,0,0,0,0,0,0,0,0,1,0,1,0,0,1,0,0,0,0,0,0,0,0,0,0,0,0,0,0,0,0,0,0,0,0,0,0,0,0,0,0,0,0,0,0,0,0,0,0,0,0,0,0,0,0,0,0,0,0,0,0,0,0,0,0,0,0,0,0,0,0,0,0,0,0,0,0,0,0,0,0,0,0,0,0,0,0,0,0,0,0,0,0,0,0,0,0,0,0,0,0,0,0,0,0,0,0,0,0,0,0,0,0,0,0,0,0,0,0,0,0,0,0,0,0,0,0,0,0,0
Clun_mari,0,0,0,0,0,0,0,0,0,0,0,0,0,0,0,0,0,0,0,0,0,0,0,0,0,0,0,0,0,0,0,0,0,0,0,0,0,0,0,0,0,0,0,0,0,0,0,0,0,0,0,1,0,0,0,0,0,0,0,0,0,0,0,0,0,0,0,0,0,0,0,0,0,0,0,0,0,0,0,0,0,0,0,0,0,0,0,0,0,0,0,0,0,0,0,0,0,0,0,0,0,0,0,0,0,0,0,0,0,0,0,0,0,1,0,0,0,0,0,0,0,0,0,0,0,0,0,0,0,0,0,0,0,0,0,0,0,0,0,0,0,0,0,0,0,0,0,0,0,0,0,0,0,0,0,0,0,0,0,0,0,0,0,0,0,0,0,0,0,0,0,0,0,0,0,0,0,0,0,0,0,0,0,0,0,0,0,0,0,0,0,0,0,0,0,0,0,0,0,0,0,0,0,0,0,0,0,0,0,0,0,0,0,0,0,0
Clyt_hemi,0,0,0,0,0,0,0,0,0,0,0,0,0,0,0,0,0,0,0,0,0,0,0,0,0,0,0,0,0,0,0,0,0,0,0,0,0,0,0,0,0,0,0,0,0,0,0,0,0,1,0,0,0,0,0,0,0,0,0,0,0,0,0,0,0,1,0,0,0,0,0,0,0,0,1,0,0,0,0,0,0,0,0,0,0,0,0,0,0,0,0,0,0,0,0,0,0,0,0,0,0,0,0,0,0,0,0,0,0,0,1,0,0,0,0,0,0,0,0,0,0,0,0,0,0,0,0,0,0,0,0,0,0,0,0,0,0,0,0,0,0,0,0,0,0,0,0,0,0,0,0,0,0,0,0,0,0,0,0,0,0,0,0,0,0,0,0,0,0,0,0,0,0,0,0,0,0,0,0,0,0,0,0,0,0,0,0,0,0,0,0,0,0,0,0,0,0,0,0,0,0,0,0,0,0,0,0,0,0,0,0,0,0,0,0,0
Cnem_lori,1,0,1,1,1,1,1,1,1,1,1,1,1,1,1,1,1,1,1,1,1,1,1,1,1,1,0,0,1,1,1,1,1,1,0,1,1,1,1,1,1,0,0,1,0,0,1,0,0,0,0,0,1,1,0,1,0,0,1,0,0,1,1,1,1,0,0,0,0,1,0,0,1,1,0,0,1,1,0,0,1,1,1,1,1,1,1,1,1,0,1,1,1,1,1,1,1,1,1,1,1,1,1,0,0,0,0,1,1,0,1,1,0,0,0,0,0,0,0,0,0,0,0,1,1,0,0,0,0,1,0,1,1,1,1,1,1,1,1,0,0,0,0,0,0,0,0,0,0,1,1,0,1,1,1,2,1,1,1,0,1,0,1,0,0,1,0,0,1,1,1,1,1,1,1,1,1,0,1,2,1,0,0,0,1,0,0,1,1,1,1,0,0,0,1,2,1,1,1,1,0,1,1,1,1,1,1,1,2,1,1,1,1,0,0,0
Coch_coch,0,0,0,0,1,1,1,1,1,1,1,1,1,1,1,1,1,1,1,1,1,1,1,1,1,1,0,0,1,1,1,1,1,0,0,1,1,1,1,0,1,0,0,0,0,0,0,1,1,0,0,0,0,0,0,0,0,0,1,0,0,1,1,1,1,0,0,1,2,1,1,1,1,1,0,0,1,1,0,0,1,1,1,1,1,1,1,1,1,1,1,1,1,1,1,1,1,1,1,1,1,1,1,0,0,0,0,0,0,1,1,0,0,0,1,1,1,1,1,1,1,1,0,0,0,0,0,0,0,0,0,1,1,1,1,1,1,1,1,1,1,1,1,1,1,1,1,1,1,1,0,1,0,0,1,0,0,0,0,0,1,0,0,1,1,2,1,1,1,1,1,1,1,1,1,0,0,0,0,2,1,0,1,1,1,1,1,1,1,1,1,1,1,0,1,2,3,1,1,1,0,1,1,1,2,2,0,1,1,1,1,1,1,1,1,1
Coli_stri,0,0,0,1,0,1,1,1,1,1,1,1,1,0,0,0,0,0,0,0,0,0,0,0,0,0,0,0,0,0,0,0,0,0,0,1,1,1,0,0,0,0,0,0,0,0,0,1,0,0,1,0,1,1,0,1,0,0,1,0,0,0,1,1,1,1,1,0,0,0,0,0,1,1,1,1,1,1,0,0,1,0,1,1,1,0,1,1,1,1,1,0,0,0,0,1,1,1,0,0,0,0,0,0,0,0,0,0,0,0,0,1,1,0,1,0,1,1,1,0,1,0,0,0,0,0,0,0,0,0,0,0,0,0,0,0,0,0,0,0,0,0,0,0,0,0,0,0,0,1,1,0,1,1,1,2,1,1,1,0,1,1,1,0,1,0,0,0,0,0,0,0,0,0,0,1,1,0,1,0,0,0,0,0,0,0,0,0,1,0,0,0,0,0,0,1,1,1,1,1,0,1,1,0,0,0,0,0,0,0,0,0,0,1,1,1
Coli_virg,1,0,1,1,1,1,1,1,1,1,1,1,1,1,1,1,1,1,1,1,1,1,1,1,1,0,0,0,1,1,1,1,1,1,1,1,1,2,1,1,1,0,0,0,0,1,0,0,0,1,0,0,1,0,0,0,1,0,0,0,1,1,0,1,0,0,2,1,2,1,1,1,1,0,0,2,1,0,1,0,0,1,1,1,1,1,1,1,1,1,1,1,1,1,1,1,1,1,1,1,1,1,1,0,0,0,1,0,0,1,1,0,0,0,0,1,1,1,1,1,1,1,0,0,1,1,1,1,1,0,1,0,2,1,0,1,1,3,2,1,2,1,1,1,1,2,2,0,0,1,1,0,0,2,1,2,1,0,0,1,1,0,1,0,1,2,0,0,1,1,1,1,1,1,1,1,0,0,0,1,1,2,1,1,1,1,1,1,1,1,1,1,0,0,1,2,2,1,1,1,2,1,1,0,0,0,0,1,0,1,2,1,0,1,1,1
Coll_luci,0,0,0,1,0,1,1,1,1,1,0,1,1,1,0,1,3,0,1,0,1,0,1,0,1,1,1,1,0,0,2,0,1,0,0,1,0,1,0,1,0,2,2,1,2,1,1,1,1,1,1,2,1,0,3,1,1,2,1,0,1,1,1,0,0,2,3,1,1,0,1,0,0,0,2,2,0,2,3,0,2,2,0,2,0,1,0,0,0,2,2,1,1,1,1,1,1,1,0,0,0,0,1,2,2,3,1,1,1,1,1,1,1,2,0,0,0,0,0,0,0,1,0,0,0,1,2,1,1,1,1,0,0,1,2,0,1,0,0,0,0,1,1,1,0,0,1,0,0,0,1,3,1,0,0,2,1,0,0,3,0,2,2,1,0,0,0,0,0,0,0,0,1,1,1,0,1,0,0,0,0,0,1,1,1,1,1,0,0,2,0,2,2,0,0,4,0,0,1,0,2,0,0,2,0,0,1,1,1,2,0,0,0,1,1,1
Coll_sali,0,0,0,0,0,0,0,0,0,0,0,0,0,0,0,0,0,0,0,0,0,0,0,0,0,0,0,0,0,0,0,0,0,0,0,0,0,0,0,0,0,0,0,0,0,0,0,0,0,0,0,0,0,0,0,0,0,0,0,0,0,0,0,0,0,0,0,0,0,0,0,0,0,0,0,0,0,0,0,0,0,0,0,0,0,0,0,0,0,0,0,0,0,0,0,0,0,0,0,0,0,0,0,0,0,0,0,0,0,0,0,0,0,0,0,0,0,0,0,0,0,0,0,0,0,0,0,0,0,0,0,0,0,0,0,0,0,0,0,0,0,0,0,0,0,0,0,0,0,0,0,0,0,0,0,0,0,0,0,0,0,0,0,0,0,0,0,0,0,0,0,0,0,0,0,0,0,0,0,0,0,0,0,0,0,0,0,0,0,1,0,0,0,0,0,0,0,0,0,0,0,0,0,0,0,0,0,0,0,0,0,0,0,0,0,0
Colo_ango,1,1,1,1,1,1,1,1,1,1,1,1,1,1,1,1,1,1,1,1,1,1,1,1,1,1,1,3,0,1,1,0,1,1,1,1,1,1,1,1,1,1,1,1,1,2,1,1,2,2,1,1,3,3,3,3,1,1,1,1,0,0,1,1,1,1,1,1,1,1,1,1,1,1,1,1,1,1,1,0,1,1,1,1,1,1,1,1,1,1,1,1,1,1,1,1,1,1,1,1,1,1,1,1,1,1,2,2,1,1,1,1,1,1,1,1,1,1,1,1,1,1,1,2,1,1,1,2,0,2,2,1,1,1,1,1,1,1,1,1,1,1,1,1,1,1,1,1,1,2,2,1,2,2,1,1,1,2,2,2,1,2,1,1,3,1,1,2,1,1,1,1,1,1,1,3,3,3,3,1,2,3,1,1,1,1,1,1,1,1,1,0,0,0,1,1,1,1,1,1,0,1,1,1,1,1,2,1,1,1,1,1,1,1,1,1
Colo_escu,0,0,0,0,0,0,0,0,0,0,0,0,0,0,0,0,0,0,0,0,0,0,0,0,0,0,0,0,0,0,0,0,0,0,0,0,0,0,0,0,0,0,0,0,0,0,0,0,0,0,0,0,0,0,0,0,0,0,0,0,0,0,0,0,0,0,0,0,0,0,0,0,0,0,0,0,0,0,0,0,0,0,0,0,0,0,0,0,0,0,0,0,0,0,0,0,0,0,0,0,1,0,0,0,0,0,0,0,0,0,0,0,0,0,0,0,0,0,0,0,0,0,0,0,0,0,0,0,0,0,0,0,0,0,0,0,0,0,0,0,0,0,0,0,0,0,0,0,0,0,0,0,0,0,0,0,0,0,0,0,0,0,0,0,0,0,0,0,0,0,0,0,0,0,0,0,0,0,0,0,0,0,0,0,0,0,0,0,0,0,0,0,0,0,0,0,0,0,0,0,0,0,0,0,0,0,0,0,0,0,0,0,0,0,0,0
Colu_livi,0,0,1,1,1,1,1,1,1,1,1,1,1,1,1,1,0,1,1,1,1,1,0,1,1,0,0,0,1,1,0,1,1,1,0,1,1,1,1,0,1,1,2,0,0,1,1,0,1,0,0,0,1,1,0,0,0,1,0,0,0,2,0,1,1,1,1,0,4,1,1,0,1,1,1,1,1,1,0,0,1,1,2,1,1,1,1,1,1,1,1,1,1,1,1,1,1,1,1,1,1,1,1,1,2,0,1,1,1,1,0,0,0,0,1,0,0,1,1,0,1,0,0,1,1,1,1,1,0,1,1,0,1,1,1,1,1,1,1,1,1,0,1,1,1,1,1,1,1,1,1,0,1,3,2,3,0,2,2,2,1,1,2,2,3,2,2,1,1,1,1,1,1,0,1,1,0,0,0,1,1,3,1,1,1,1,1,1,1,1,1,1,1,0,1,2,1,1,1,1,0,1,1,1,1,2,1,1,1,1,2,1,1,1,1,1
Colu_picu,1,0,1,1,0,1,1,1,1,1,1,1,1,0,0,0,0,0,0,0,0,0,0,0,0,0,0,2,1,1,1,1,1,1,0,0,0,0,1,0,1,0,0,0,0,0,0,0,0,0,0,0,1,0,0,0,0,0,1,0,0,1,1,1,1,1,1,0,0,1,0,0,1,1,1,1,0,0,0,0,0,0,0,0,0,0,0,0,0,0,0,1,1,1,1,1,1,1,1,1,1,1,1,0,0,0,0,0,0,0,0,0,0,0,0,0,0,0,0,0,0,0,0,0,0,0,0,0,0,0,0,0,1,1,1,1,1,1,1,1,1,1,1,1,1,1,1,1,1,1,0,0,1,0,2,3,1,0,0,1,0,0,0,1,1,2,1,1,1,1,1,1,1,1,1,1,0,0,0,1,1,2,1,1,1,1,1,1,1,1,1,1,1,0,1,2,1,1,1,1,0,1,1,1,2,1,1,1,1,1,0,1,1,1,1,1
Cops_sech,1,0,1,1,0,1,1,1,1,1,1,1,1,1,1,1,1,1,1,1,1,1,1,1,1,0,1,2,1,1,1,1,1,0,0,1,1,1,1,1,1,0,0,1,0,0,1,0,0,0,0,0,1,1,0,0,1,0,0,0,1,1,1,1,1,1,1,1,2,1,1,1,1,1,1,1,1,1,0,0,1,1,1,1,1,1,1,1,1,1,1,1,1,1,1,1,1,1,1,1,1,1,1,0,0,0,0,0,0,0,1,0,0,0,1,1,1,1,1,1,1,1,0,0,1,1,1,1,1,1,1,1,1,1,1,1,1,1,1,1,1,1,1,1,1,1,1,1,1,1,1,1,1,2,1,1,2,1,1,0,1,0,0,1,2,1,1,0,1,1,1,1,1,1,1,1,1,0,1,0,0,0,1,1,1,1,1,1,1,1,1,1,1,0,1,2,3,1,1,1,1,1,1,1,1,2,1,1,1,1,0,1,1,1,1,1
Copt_form,0,0,0,0,0,0,0,0,0,0,0,0,0,0,0,0,0,0,0,0,0,0,0,0,0,0,0,0,0,0,0,0,0,0,0,0,0,0,0,0,0,0,1,0,0,0,0,1,0,1,0,1,0,0,0,0,0,0,0,0,0,0,0,0,0,0,0,0,0,0,0,0,0,0,0,0,0,0,0,0,0,0,0,0,0,0,0,0,0,0,0,0,0,0,0,0,0,0,0,0,0,0,0,0,1,0,0,0,1,0,1,0,0,1,0,0,0,0,0,0,0,0,0,0,0,0,0,0,0,0,0,0,0,0,0,0,0,0,0,0,0,0,0,0,0,0,0,0,0,0,0,0,0,0,0,0,0,0,0,0,0,0,0,0,0,0,0,0,0,0,0,0,0,0,0,0,0,0,0,0,0,0,0,1,0,0,1,0,0,0,0,0,1,0,0,0,0,0,0,0,0,0,0,0,0,0,0,0,0,0,0,0,0,0,0,0
Core_spXX,2,0,1,0,0,2,1,1,1,1,0,0,0,1,0,0,2,1,0,1,2,2,1,1,0,1,3,8,0,0,1,0,0,0,0,1,0,1,0,0,0,4,3,1,6,0,3,4,2,1,3,2,0,0,1,1,1,2,3,0,1,1,2,1,0,1,2,1,0,0,0,0,1,0,1,2,0,1,5,0,2,2,0,0,1,1,0,2,2,2,2,1,0,1,1,1,1,0,1,0,0,1,1,4,2,6,0,2,2,2,1,1,3,2,1,2,1,1,0,1,1,0,0,0,0,0,0,0,1,0,0,0,0,1,1,0,1,0,0,2,0,2,1,0,2,0,2,1,1,1,0,2,0,1,0,1,3,1,1,1,0,1,0,0,0,0,0,0,1,0,0,0,0,0,1,0,0,4,2,0,0,0,1,0,0,1,0,0,0,0,0,1,1,1,0,0,0,2,3,1,2,3,0,6,2,0,2,2,1,4,1,0,0,1,1,1
Corv_brac,0,0,0,1,0,1,1,1,1,1,1,1,1,1,1,1,0,1,1,1,1,1,1,1,1,0,0,0,1,1,1,1,1,1,0,1,1,1,1,0,1,0,0,1,0,1,1,1,1,1,0,1,0,0,0,0,1,0,0,0,0,1,1,1,1,1,1,0,2,0,1,0,1,1,1,1,0,0,0,0,0,0,0,0,0,0,0,0,0,0,0,1,1,1,1,2,1,2,1,1,1,1,1,0,0,0,1,1,2,1,1,1,0,1,0,0,0,0,0,0,0,0,0,0,0,1,1,1,0,1,1,1,1,1,1,1,2,1,1,1,1,0,1,1,1,1,1,1,1,0,1,0,0,0,1,0,0,0,0,0,1,0,0,1,0,0,1,1,0,0,0,1,1,0,1,0,0,0,0,0,0,0,0,1,1,0,1,0,1,0,1,1,1,0,0,1,1,1,1,1,0,1,1,1,1,1,0,1,1,1,0,0,0,0,0,0
Corv_mone,1,0,1,1,0,1,1,1,1,1,1,1,1,0,0,0,0,0,0,0,0,0,0,0,0,1,0,0,1,1,1,1,1,0,0,1,1,1,1,1,1,0,0,0,0,0,0,0,0,0,0,0,0,0,0,0,1,1,0,0,1,1,1,1,1,0,0,1,2,2,1,1,1,1,0,0,1,1,0,0,1,1,1,1,1,1,1,1,1,0,1,1,1,1,1,1,1,1,1,1,1,1,1,0,0,0,0,0,0,0,0,0,0,0,1,1,1,1,1,1,1,1,0,1,0,1,1,1,1,1,1,1,1,1,1,1,1,1,1,0,0,0,0,0,0,0,0,0,0,0,0,0,0,0,0,0,0,0,0,0,0,0,0,0,1,1,0,0,0,1,0,1,1,1,1,0,0,0,0,0,1,0,0,0,0,0,0,1,1,1,1,1,1,0,1,2,1,1,1,1,1,1,1,1,1,2,1,1,1,1,0,1,1,0,0,0
Cory_conc,1,0,1,1,0,1,1,1,1,1,1,1,1,0,0,0,0,0,0,0,0,0,0,0,0,1,0,0,1,1,1,1,1,1,0,1,1,1,1,0,1,0,0,0,0,0,0,1,0,0,0,0,0,0,0,0,0,0,1,0,0,1,0,1,1,0,0,2,3,2,1,1,1,1,0,0,1,1,0,0,1,1,1,1,1,1,1,1,1,1,1,1,1,1,1,1,1,1,1,1,1,1,1,0,0,0,0,0,0,0,0,0,0,0,1,1,1,1,1,1,1,1,1,0,1,0,0,0,0,0,0,1,1,1,1,1,1,1,1,1,1,0,1,1,1,1,1,1,1,0,0,0,0,0,2,2,0,1,1,1,2,0,1,1,1,1,2,1,1,1,1,1,1,1,1,0,0,0,0,2,1,2,1,1,1,1,1,1,1,1,1,1,1,0,1,2,1,1,1,1,0,1,1,1,2,2,0,1,1,1,1,1,1,0,0,0
Cory_cris,0,0,0,1,1,1,1,1,1,1,1,1,1,0,0,0,0,0,0,0,0,0,0,0,0,0,0,0,1,1,1,1,1,1,0,1,1,1,0,0,0,0,0,1,0,0,0,0,0,0,0,0,0,0,0,0,0,0,0,0,0,0,0,0,0,0,0,0,0,0,0,0,0,0,0,0,1,1,0,0,0,0,1,0,0,0,1,1,1,0,1,0,0,0,0,1,1,1,0,0,0,0,0,0,0,0,0,0,0,0,0,1,0,0,1,1,1,1,1,1,1,1,0,0,1,0,0,0,0,0,0,1,1,1,1,1,1,1,1,0,1,0,1,1,0,1,1,1,1,0,0,0,0,0,0,0,0,0,0,0,0,0,0,0,0,0,0,0,1,1,1,1,1,1,1,0,0,0,0,1,1,0,1,1,1,1,1,1,1,1,1,1,1,0,1,1,1,0,0,0,0,0,0,1,1,2,1,1,1,1,0,1,1,1,1,1
Cote_cong,0,0,0,0,0,0,0,0,0,0,0,0,0,0,0,0,0,0,0,0,0,0,0,0,0,0,0,0,0,0,0,0,0,0,0,0,0,0,0,1,0,0,1,0,1,0,0,0,0,0,0,1,0,0,0,0,0,0,1,0,0,0,0,0,0,0,0,0,0,0,0,0,0,0,0,0,0,0,0,0,0,0,0,0,0,0,0,0,0,0,0,0,0,0,0,0,0,0,0,0,0,0,0,0,1,1,0,0,0,0,0,0,0,1,0,0,0,0,0,0,0,0,0,0,0,0,0,0,0,0,0,0,0,0,0,0,0,0,0,0,0,0,0,0,0,0,0,0,0,0,0,0,0,0,0,0,0,0,0,0,0,0,0,0,0,0,0,0,0,0,0,0,0,0,0,0,0,0,0,0,0,0,0,0,0,0,0,0,0,0,0,0,0,0,0,0,0,0,0,0,0,0,0,0,0,0,0,0,0,0,0,0,0,0,0,0
Cote_typh,0,0,0,0,0,0,0,0,0,0,0,0,0,0,0,0,0,0,0,0,0,0,0,0,0,0,0,0,0,0,0,0,0,0,0,0,0,0,0,0,0,0,1,0,1,0,0,0,0,0,0,1,0,0,0,0,0,0,1,0,0,0,0,0,0,0,0,0,0,0,0,0,0,0,0,0,0,0,0,0,0,0,0,0,0,0,0,0,0,0,0,0,0,0,0,0,0,0,0,0,0,0,0,0,1,1,0,0,0,0,1,0,0,1,0,0,0,0,0,0,0,0,0,0,0,0,0,0,0,0,0,0,0,0,0,0,0,0,0,0,0,0,0,0,0,0,0,0,0,0,0,0,0,0,0,0,0,0,0,0,0,0,0,0,0,0,0,0,0,0,0,0,0,0,0,0,0,0,0,0,0,0,0,0,0,0,0,0,0,0,0,0,0,0,0,0,0,0,0,0,0,0,0,0,0,0,0,0,0,0,0,0,0,0,0,0
Cott_gobi,0,0,0,1,1,1,0,1,1,1,0,0,0,1,0,1,2,1,1,0,0,1,1,0,1,2,3,4,0,0,0,0,0,1,0,1,0,1,1,1,1,2,0,0,3,0,0,0,0,1,0,1,0,0,0,0,1,2,1,0,1,1,2,0,0,2,2,1,2,0,1,0,0,1,2,2,0,0,2,0,0,0,0,0,1,0,1,0,0,0,0,1,1,1,1,1,1,1,1,1,0,1,1,2,2,3,1,0,0,0,1,0,0,1,0,0,0,0,0,0,0,1,0,0,0,1,1,1,2,1,1,0,0,0,1,0,1,1,0,0,0,1,0,1,0,0,0,0,0,0,0,0,2,0,0,2,1,0,0,1,0,0,1,1,0,0,0,1,0,1,0,0,1,1,0,0,0,0,0,0,0,0,1,1,1,1,1,0,1,0,0,0,0,0,1,0,0,0,1,0,2,0,1,1,0,0,1,1,1,2,1,0,0,1,1,1
Cotu_japo,1,0,1,1,1,1,1,1,1,1,1,0,0,1,1,1,1,1,1,1,1,1,1,1,1,0,1,2,1,1,1,1,1,1,1,1,1,1,1,1,1,0,0,0,0,1,0,1,1,1,1,0,1,1,0,1,1,0,0,0,2,1,0,1,1,1,1,1,2,0,1,1,1,1,1,1,1,1,1,1,1,1,1,1,1,1,1,1,1,1,1,1,1,1,1,1,1,1,1,1,1,1,1,0,0,0,1,0,0,1,1,0,1,0,1,1,1,1,1,1,1,1,0,1,1,1,1,1,2,1,1,1,2,1,1,1,1,1,1,1,1,2,1,1,1,1,1,1,1,1,1,1,1,2,3,2,1,2,2,1,0,1,2,2,3,1,1,2,1,1,1,1,1,1,1,1,1,0,1,1,1,1,1,1,1,1,1,1,1,1,1,1,1,0,1,0,1,1,1,1,1,1,1,1,2,1,1,1,1,1,2,1,1,1,1,1
Cras_giga,1,0,1,0,0,0,0,0,0,0,0,0,0,0,0,0,0,0,0,0,0,0,0,0,0,0,1,0,0,0,0,0,0,1,0,0,0,0,0,0,0,1,1,0,0,0,1,0,0,1,1,1,0,0,0,0,0,0,0,0,0,0,0,0,0,0,0,0,0,0,0,0,0,0,0,0,0,0,0,0,0,0,0,0,0,0,0,0,0,0,1,0,0,0,0,0,0,0,0,0,0,0,0,1,1,0,0,1,0,0,1,0,1,1,0,0,0,0,0,0,0,0,0,0,0,0,0,0,0,0,0,0,0,0,0,0,0,0,0,0,0,0,0,0,0,0,0,0,0,0,0,0,0,0,0,0,0,0,0,0,0,0,0,0,0,0,0,0,0,0,0,0,0,0,0,0,0,0,0,0,0,0,0,1,0,0,0,0,0,0,0,0,1,0,0,0,0,0,0,0,0,0,0,0,0,0,0,0,0,0,0,0,0,0,0,0
Cras_virg,1,0,1,0,0,0,0,0,0,0,0,0,0,0,0,0,0,0,0,0,0,0,0,0,0,0,1,0,0,0,0,0,0,1,0,0,0,0,0,1,0,1,1,0,0,0,1,0,0,1,1,1,0,0,0,0,0,0,0,0,0,0,0,0,0,1,0,0,0,0,0,0,0,0,0,0,0,0,0,0,0,0,0,0,0,0,0,0,0,0,0,0,0,0,0,0,0,0,0,0,0,0,0,1,1,0,0,1,0,0,1,0,1,1,0,0,0,0,0,0,0,0,0,0,0,0,0,0,0,0,0,0,0,0,0,0,0,0,0,0,0,0,0,0,0,0,0,0,0,0,0,0,0,0,0,0,0,0,0,0,0,0,0,0,0,0,0,0,0,0,0,0,0,0,0,0,0,0,0,0,0,0,0,2,1,0,2,0,0,0,0,0,1,0,0,0,0,0,0,0,0,0,0,0,0,0,0,0,0,0,0,0,0,0,0,0
Cric_gris,1,1,1,1,1,1,1,1,1,1,1,1,1,1,1,1,0,1,1,1,1,1,0,1,1,0,1,3,1,1,0,1,0,1,1,3,0,0,1,1,1,1,1,2,1,2,1,1,1,1,2,1,1,2,0,1,3,1,1,0,2,2,1,1,1,1,2,1,1,1,1,1,1,1,1,2,0,1,0,0,0,0,0,1,1,0,0,0,1,0,1,1,1,1,1,0,0,0,1,1,1,1,1,1,1,1,2,1,1,1,1,3,2,1,1,1,1,1,1,1,1,1,0,1,0,1,1,1,1,1,1,0,1,1,1,2,1,1,1,0,1,0,0,0,0,1,1,0,0,1,1,0,1,2,1,1,2,1,1,1,0,1,2,1,1,1,0,1,0,0,3,1,1,0,1,1,2,1,1,1,1,2,1,0,0,1,0,2,1,1,1,1,1,0,1,1,0,0,0,0,1,0,0,2,2,1,1,1,1,1,1,1,2,1,2,1
Croc_croc,0,0,0,0,0,0,0,0,0,0,1,1,1,0,0,0,0,0,0,0,0,0,0,0,0,0,0,0,1,1,1,1,1,0,0,1,1,1,1,1,1,1,1,1,1,1,1,1,1,1,1,1,2,1,3,2,1,1,2,0,0,1,1,0,0,1,1,1,1,1,1,1,0,0,1,1,1,1,1,1,1,0,1,1,1,0,1,1,1,1,1,1,1,1,1,1,1,1,1,1,1,1,1,1,1,1,1,1,1,1,1,1,1,1,0,0,0,0,0,0,0,0,1,1,1,1,1,2,0,1,2,0,0,0,0,1,0,0,0,1,1,1,1,1,1,1,2,1,1,2,1,1,1,2,1,1,2,2,2,2,1,2,1,1,3,1,1,1,1,1,1,0,1,1,1,2,1,2,2,0,1,3,1,1,1,1,1,1,1,1,1,1,1,1,1,1,1,1,1,1,0,1,1,1,1,1,0,1,1,1,1,1,1,1,1,1
Croc_poro,1,0,1,1,1,1,1,1,1,1,1,1,1,1,1,1,1,1,1,1,1,1,1,1,1,0,0,0,1,1,1,1,1,1,0,1,1,1,1,0,1,0,2,1,0,0,1,0,1,0,2,0,1,2,0,1,1,1,0,0,0,1,0,1,1,1,1,1,2,2,1,1,1,1,1,1,1,1,1,0,1,1,2,1,1,1,1,1,1,1,1,1,1,1,1,1,1,1,1,1,1,1,1,0,0,0,0,1,0,1,0,1,2,0,1,1,1,1,1,1,1,1,1,1,2,1,1,1,1,1,1,1,1,1,1,1,1,1,1,1,1,0,0,1,1,1,1,1,1,1,3,1,2,1,1,4,1,2,2,2,2,1,2,2,3,2,3,2,1,1,1,1,1,1,1,1,2,0,0,1,1,3,1,1,1,1,1,1,1,1,1,1,1,0,1,2,0,1,1,1,0,1,1,1,1,1,1,1,1,1,2,1,2,1,1,1
Crot_sulc,1,0,1,1,0,1,1,1,1,1,1,1,1,1,1,1,0,1,1,1,1,1,1,1,1,0,0,0,1,1,1,1,1,1,0,1,1,1,1,0,1,0,2,0,0,2,1,2,2,0,2,2,1,1,0,1,0,0,1,0,0,0,0,1,1,0,0,1,4,2,1,1,1,1,0,0,1,1,0,0,1,1,2,1,1,1,1,1,1,1,1,1,1,1,1,1,1,1,1,1,1,1,1,0,0,0,2,1,2,2,0,0,2,1,1,1,1,1,1,1,1,1,0,0,1,0,0,0,0,1,0,1,1,1,1,1,1,1,1,1,1,0,1,1,1,1,1,1,1,2,1,1,1,1,2,1,1,1,1,0,1,1,1,1,1,1,0,0,1,1,1,1,1,1,1,1,1,1,1,1,1,2,1,1,1,1,1,1,1,1,1,1,1,0,1,2,1,1,1,1,0,1,1,1,2,1,1,1,1,1,0,1,1,1,1,1
Cryp_secu,0,0,0,0,0,0,0,0,0,0,0,0,0,0,0,0,0,0,0,0,0,0,0,0,0,0,1,0,0,0,0,0,0,0,0,0,0,0,0,0,0,0,0,0,1,0,0,1,0,1,0,1,0,0,0,0,0,0,0,0,0,0,0,0,0,0,0,0,0,0,0,0,0,0,0,0,0,0,0,0,0,0,0,0,0,0,0,0,0,0,0,0,0,0,0,0,0,0,0,0,0,0,0,0,0,0,0,0,1,0,1,0,0,1,0,0,0,0,0,0,0,0,0,0,0,0,0,0,0,0,0,0,0,0,0,0,0,0,0,0,0,0,0,0,0,0,0,0,0,0,0,0,0,0,0,0,0,0,0,0,0,0,0,0,0,0,0,0,0,0,0,0,0,0,0,0,0,0,0,0,0,0,1,1,0,0,0,0,0,0,0,1,1,0,0,0,0,0,0,0,0,0,0,0,0,0,0,0,0,0,0,0,0,0,0,0
Cryp_soui,1,0,1,1,0,1,1,1,1,1,1,1,1,1,1,1,1,1,1,1,1,1,1,1,1,0,0,2,1,1,1,1,1,1,0,1,1,1,1,0,1,0,0,0,0,1,0,0,0,0,0,0,1,0,0,1,1,0,1,0,1,1,1,1,1,1,1,0,2,1,0,0,1,1,1,1,1,1,0,0,1,1,1,1,1,1,1,1,1,1,1,1,1,1,1,1,1,1,1,1,1,1,1,0,0,0,1,0,0,1,1,0,0,0,1,1,1,1,1,1,1,1,0,1,0,1,1,1,1,1,1,1,1,1,1,1,1,1,1,1,1,0,1,1,1,1,1,1,1,1,1,1,1,1,2,1,1,1,1,0,2,0,1,0,3,1,1,0,1,1,1,1,1,0,1,1,1,0,1,1,1,0,1,1,1,1,1,1,1,1,1,1,1,0,1,2,0,1,1,1,1,1,1,0,0,0,0,0,0,0,0,1,1,0,0,0
Cryp_undu,1,0,1,1,0,1,1,1,1,1,1,1,1,1,1,1,1,1,1,1,1,1,1,1,1,1,0,0,1,1,1,1,1,1,0,1,1,1,1,0,1,0,0,0,0,1,0,0,0,0,0,0,0,1,0,0,1,1,1,0,1,0,1,1,1,0,0,1,2,2,1,0,1,1,0,0,1,1,0,0,1,1,2,1,1,1,1,1,1,1,1,1,1,1,1,1,1,1,1,1,1,1,1,0,0,0,1,0,0,1,1,0,0,0,1,1,1,1,1,1,1,1,0,1,0,1,1,1,1,1,1,1,1,1,1,1,1,1,1,1,1,0,1,1,1,1,1,1,1,0,0,0,0,0,1,0,0,0,0,0,2,0,0,0,1,1,1,0,1,1,1,1,1,0,1,0,0,0,0,1,1,0,1,1,1,1,1,1,1,1,1,1,1,0,1,2,2,1,1,1,1,1,1,0,0,0,0,0,0,0,0,1,1,0,0,0
Cucu_cano,1,0,1,1,0,1,1,1,1,1,0,0,0,1,1,1,0,1,1,1,1,1,1,1,1,0,0,0,1,1,0,1,1,1,0,1,1,1,1,0,1,0,2,0,0,1,0,0,1,0,0,1,1,0,0,1,1,1,1,0,0,0,1,0,0,0,0,1,2,0,1,1,0,0,0,0,0,0,0,0,0,0,1,0,0,0,0,0,0,0,0,1,1,1,1,1,1,1,1,1,1,1,1,0,2,0,1,0,0,1,0,0,1,1,1,1,1,1,1,1,1,1,0,0,1,2,1,1,0,2,1,0,0,0,0,0,0,0,0,0,1,1,1,1,0,1,1,1,1,1,0,1,1,1,1,3,2,2,2,1,0,0,2,1,1,1,1,2,1,1,1,1,1,0,1,1,0,0,1,0,0,0,1,1,1,1,1,0,0,0,0,1,1,0,0,1,1,1,1,1,0,1,1,1,1,1,0,1,1,1,2,1,1,1,1,1
Cule_quin,0,0,0,0,0,0,0,0,0,0,0,0,0,0,0,0,0,0,0,0,0,0,0,0,0,0,1,0,0,0,0,0,0,0,0,0,0,0,0,0,0,0,0,0,0,0,0,0,0,0,0,1,0,0,0,0,0,0,0,0,0,0,0,0,0,0,0,0,0,0,0,0,0,0,0,0,0,0,0,0,0,0,0,0,0,0,0,0,0,0,0,0,0,0,0,0,0,0,0,0,0,0,0,0,0,0,0,0,0,0,0,0,0,1,0,0,0,0,0,0,0,0,0,0,0,0,0,0,0,0,0,0,0,0,0,0,0,0,0,0,0,0,0,0,0,0,0,0,0,0,0,0,0,0,0,0,0,0,0,0,0,0,0,0,0,0,0,0,0,0,0,0,0,0,0,0,0,0,0,0,0,0,0,0,0,0,0,0,0,0,0,0,1,0,0,0,0,0,0,0,0,0,0,0,0,0,0,0,0,0,0,0,0,0,0,0
Cusc_aust,0,0,0,0,0,0,0,0,0,0,0,0,0,0,0,0,0,0,0,0,0,0,0,0,0,0,0,0,0,0,0,0,0,0,0,0,0,0,0,0,0,0,0,0,0,0,0,0,0,0,0,0,0,0,0,0,0,0,0,0,0,0,0,0,0,0,0,0,0,0,0,0,0,0,0,0,0,0,0,0,0,0,0,0,0,0,0,0,0,0,0,0,0,0,0,0,1,1,0,0,1,0,0,0,0,0,0,0,0,0,0,0,0,0,0,0,0,0,0,0,0,0,0,0,0,0,0,0,0,0,0,0,0,0,0,0,0,0,0,0,0,0,0,0,0,0,0,0,0,0,0,0,0,0,0,0,0,0,0,0,0,0,0,0,0,0,0,0,0,0,0,0,0,0,0,0,0,0,0,0,0,0,0,0,0,0,0,0,0,0,0,0,0,0,0,0,0,0,0,0,0,0,0,0,0,0,0,0,0,0,0,0,0,0,0,0
Cusc_camp,0,0,0,0,0,0,0,0,0,0,0,0,0,0,0,0,0,0,0,0,0,0,0,0,0,0,0,0,0,0,0,0,0,0,0,0,0,0,0,0,0,0,0,0,0,0,0,0,0,0,0,0,0,0,0,0,0,0,0,0,0,0,0,0,0,0,0,0,0,0,0,0,0,0,0,0,0,0,0,0,0,0,0,0,0,0,0,0,0,0,0,0,0,0,0,0,1,1,0,0,1,0,0,0,0,0,0,0,0,0,0,0,0,0,0,0,0,0,0,0,0,0,0,0,0,0,0,0,0,0,0,0,0,0,0,0,0,0,0,0,0,0,0,0,0,0,0,0,0,0,0,0,0,0,0,0,0,0,0,0,0,0,0,0,0,0,0,0,0,0,0,0,0,0,0,0,0,0,0,0,0,0,0,0,0,0,0,0,0,0,0,0,0,0,0,0,0,0,0,0,0,0,0,0,0,0,0,0,0,0,0,0,0,0,0,0
Cyan_caer,1,0,1,1,1,1,1,1,1,1,1,1,1,1,1,1,0,1,1,1,1,1,0,1,1,0,0,2,1,1,0,1,1,0,0,1,1,1,1,0,1,0,0,1,0,1,1,0,1,0,0,0,0,1,0,1,1,1,1,0,0,0,1,1,1,1,1,0,0,1,0,0,1,1,1,1,1,1,0,0,1,1,1,1,1,1,1,1,0,0,1,1,1,1,1,1,1,1,1,1,1,1,1,0,0,0,1,0,0,1,0,1,0,0,1,1,1,1,1,1,1,1,0,1,2,1,1,1,0,1,1,1,0,1,1,1,1,1,0,1,1,0,1,1,1,1,1,1,1,1,1,0,0,2,3,2,1,1,1,1,1,1,2,1,1,1,2,1,1,1,1,0,1,1,1,0,1,0,1,1,2,1,0,1,1,0,1,1,1,1,1,0,0,0,1,2,3,1,1,1,0,1,1,1,2,1,1,1,1,1,1,1,2,1,1,1
Cyan_rufi,1,0,1,1,1,1,1,1,1,1,1,1,1,1,1,1,1,1,1,1,1,1,1,1,1,0,0,0,1,1,1,1,1,1,1,1,1,1,1,1,1,1,0,2,1,0,1,0,0,1,1,1,1,0,0,1,1,0,0,0,1,1,0,1,1,1,1,1,1,1,1,1,1,1,1,1,1,1,1,0,1,1,1,1,1,1,1,1,1,1,1,1,1,1,1,1,1,1,1,1,1,1,1,1,0,1,0,0,1,0,2,2,1,1,1,1,1,1,1,1,1,1,0,1,2,1,1,1,1,1,1,1,1,1,1,1,1,1,1,1,1,1,1,1,1,1,1,1,1,1,1,0,1,2,2,1,3,1,1,0,0,1,1,1,0,2,1,1,1,0,1,1,1,1,1,1,1,1,1,1,1,3,0,0,0,0,0,1,1,1,1,1,1,0,1,2,1,1,1,1,1,1,1,1,1,2,1,1,1,1,1,1,1,1,1,1
Cycl_lump,0,0,0,1,1,1,0,1,1,1,0,0,0,0,0,0,3,0,0,0,0,0,0,0,1,2,3,3,0,0,1,0,0,1,0,1,0,1,1,1,1,2,1,1,3,0,1,1,0,1,2,1,0,0,1,0,1,2,1,0,1,1,1,0,0,2,2,1,2,0,1,0,0,0,2,2,1,0,3,0,0,1,0,1,1,1,0,0,0,2,1,1,1,1,1,1,1,0,0,0,0,0,0,2,1,4,1,1,1,0,1,1,2,1,0,0,0,0,0,1,0,0,0,0,0,1,1,1,2,1,1,0,0,0,0,0,0,0,0,0,0,1,0,1,0,0,0,0,1,1,0,2,2,1,0,2,1,0,0,2,0,1,1,1,2,0,0,1,0,1,0,0,0,1,0,0,0,1,0,1,0,0,1,1,1,1,1,0,1,0,0,1,1,0,1,0,0,0,1,0,2,0,1,3,0,0,1,1,0,0,1,0,0,1,1,1
Cyna_card,0,0,0,0,0,0,0,0,0,0,0,0,0,0,0,0,0,0,0,0,0,0,0,0,0,0,0,0,0,0,0,0,0,0,0,0,0,0,0,0,0,0,0,0,0,0,0,0,0,0,0,0,0,0,0,0,0,0,0,0,0,0,0,0,0,0,0,0,0,0,0,0,0,0,0,0,0,0,0,0,0,0,0,0,0,0,0,0,0,0,0,0,0,0,0,0,1,1,0,0,0,0,0,0,0,0,0,0,0,0,0,0,0,0,0,0,0,0,0,0,0,0,0,0,0,0,0,0,0,0,0,0,0,0,0,0,0,0,0,0,0,0,0,0,0,0,0,0,0,0,0,0,0,0,0,0,0,0,0,0,0,0,0,0,0,0,0,0,0,0,0,0,0,0,0,0,0,0,0,0,0,0,0,0,0,0,0,0,0,0,0,0,0,0,0,0,0,0,0,0,0,0,0,0,0,0,0,0,0,0,0,0,0,0,0,0
Cyno_semi,0,0,0,1,1,1,1,0,1,0,0,1,1,0,0,1,1,1,0,1,0,1,1,1,1,2,2,2,0,0,0,0,0,1,0,1,0,0,0,1,0,2,3,1,2,1,1,2,1,1,2,2,0,1,2,0,1,2,1,0,2,1,1,0,0,2,0,2,0,0,2,0,0,0,2,1,0,0,3,0,0,1,0,0,1,0,1,0,0,2,0,1,1,0,0,0,0,0,0,0,0,0,1,2,3,3,1,1,1,1,1,1,2,2,0,0,0,0,0,0,0,1,0,0,0,2,2,1,2,1,1,0,0,0,0,0,0,0,0,1,0,1,0,0,0,0,0,1,1,0,0,1,1,0,0,2,1,0,0,3,0,1,1,1,2,0,0,1,0,0,0,0,0,1,0,0,0,1,0,0,0,0,1,1,1,1,1,0,1,0,0,0,1,1,1,2,0,0,1,1,1,0,1,0,0,0,1,1,1,1,1,0,0,1,2,1
Cypr_carp,1,0,1,0,2,0,0,0,0,0,1,0,0,0,0,0,2,0,0,0,0,0,0,0,0,4,6,6,1,0,2,1,0,1,1,1,2,2,1,2,1,1,1,1,2,0,1,1,1,1,1,2,0,0,6,0,4,3,1,0,1,1,1,1,0,4,7,1,3,0,1,0,1,0,4,4,0,1,3,0,0,0,0,0,0,0,0,2,1,2,0,0,0,0,1,0,0,0,0,0,0,0,0,1,1,2,0,1,1,1,1,1,1,2,0,0,0,0,0,2,0,0,0,2,1,3,2,2,1,2,2,0,0,1,2,0,0,0,0,1,0,2,1,1,1,2,1,0,0,0,0,4,1,0,0,4,1,1,1,1,0,3,3,2,2,0,0,1,1,0,0,1,0,1,0,0,0,3,0,0,0,0,3,2,1,3,1,0,2,0,1,1,1,0,0,1,0,2,0,0,2,1,0,0,0,0,2,2,1,1,2,0,2,0,0,0
Cypr_vari,1,0,1,1,1,1,1,1,1,1,0,1,0,1,1,0,2,0,1,0,0,1,1,0,1,2,2,2,0,0,1,0,0,1,0,0,0,0,1,1,1,3,3,1,3,1,1,1,0,1,2,2,0,0,1,0,1,1,1,0,1,1,1,1,0,2,1,1,0,0,1,0,0,0,2,1,2,1,3,0,1,1,0,0,0,0,1,0,0,2,0,1,0,0,1,1,1,1,1,1,0,1,1,3,2,3,0,1,1,0,1,1,2,2,0,0,0,0,0,0,0,1,0,1,0,1,0,1,2,1,1,0,0,1,1,0,0,0,0,1,0,0,0,0,0,0,1,0,0,1,0,1,2,0,0,2,2,0,0,2,0,1,1,1,0,0,0,1,0,1,2,0,0,1,0,0,1,0,0,0,0,0,1,1,1,1,1,0,1,0,1,1,1,1,0,2,0,0,0,1,1,1,1,1,1,0,1,1,1,2,0,0,0,0,0,0
Dana_plex,0,0,0,0,0,0,0,0,0,0,0,0,0,0,0,0,0,0,0,0,0,0,0,0,0,0,0,0,0,0,0,0,0,0,0,0,0,0,0,0,0,0,0,0,0,0,0,0,0,0,0,0,0,0,0,0,0,0,0,0,0,0,0,0,0,0,0,0,0,0,0,0,0,0,0,0,0,0,0,0,0,0,0,0,0,0,0,0,0,0,0,0,0,0,0,0,0,0,0,0,0,0,0,0,0,0,0,0,0,0,0,0,0,1,0,0,0,0,0,0,0,0,0,0,0,0,0,0,0,0,0,0,0,0,0,0,0,0,0,0,0,0,0,0,0,0,0,0,0,0,0,0,0,0,0,0,0,0,0,0,0,0,0,0,0,0,0,0,0,0,0,0,0,0,0,0,0,0,0,0,0,0,0,0,0,0,0,0,0,0,0,0,0,0,0,0,0,0,0,0,0,0,0,0,0,0,0,0,0,0,0,0,0,0,0,0
Dani_reri,1,0,1,0,0,0,0,0,0,0,1,1,1,0,0,0,1,0,0,0,0,0,1,0,0,2,2,3,1,1,1,1,0,0,0,0,0,0,1,1,1,1,1,1,2,0,2,2,1,1,1,1,0,0,1,0,2,2,2,0,2,2,3,0,0,2,1,1,3,0,1,0,1,0,2,1,1,1,4,0,0,0,0,0,0,0,0,1,1,2,0,0,0,0,0,0,0,0,0,0,0,0,0,1,2,2,1,2,1,1,1,1,1,1,0,0,0,0,1,1,1,0,0,0,1,2,2,1,2,1,1,0,0,1,2,0,0,0,0,1,1,2,0,1,1,0,1,1,1,1,0,0,0,0,0,0,0,1,0,0,0,0,0,0,0,0,0,0,1,0,0,1,0,1,0,0,0,2,0,1,0,0,1,1,1,1,1,0,1,0,0,1,1,0,0,0,0,2,0,2,4,2,2,0,1,0,1,0,1,0,2,0,1,0,0,0
Dani_tran,1,0,1,1,1,0,1,1,1,1,1,0,0,0,0,0,2,0,0,0,0,0,0,0,0,1,2,3,0,0,1,0,0,1,1,0,4,0,0,1,0,0,1,1,3,1,0,2,1,0,1,0,0,0,2,1,1,2,1,0,1,1,1,0,0,1,1,1,0,0,1,0,0,0,1,1,0,0,2,0,0,0,2,0,0,0,0,0,1,2,1,0,0,0,0,1,1,1,0,0,1,0,0,0,1,2,1,0,1,1,0,1,1,0,0,0,0,0,0,0,0,0,0,1,1,1,1,1,2,1,2,0,0,0,1,1,0,0,0,1,0,1,1,0,1,0,0,0,0,0,0,2,1,0,0,4,1,0,0,1,0,1,1,1,2,0,0,1,0,0,0,1,0,1,0,0,0,0,1,0,0,0,1,0,1,1,1,0,1,0,1,1,0,0,1,0,0,0,0,0,2,1,1,0,0,0,0,1,0,0,1,0,1,1,1,0
Daph_chry,1,0,1,1,1,1,1,1,1,1,1,1,1,0,0,0,0,0,0,0,0,0,0,0,0,1,0,0,1,1,1,1,1,0,0,1,1,1,1,0,1,0,0,0,0,0,0,0,0,0,0,0,0,0,0,0,1,1,1,0,1,1,0,1,1,0,0,1,2,1,1,1,1,1,0,0,1,1,0,0,1,1,1,1,1,1,1,1,1,1,1,1,1,1,1,1,1,1,1,1,1,1,1,0,0,0,0,0,0,0,0,0,0,0,0,0,0,0,0,0,0,0,0,1,1,1,1,1,1,1,1,1,1,1,1,1,1,1,1,1,1,0,1,1,1,1,1,1,1,0,1,0,0,0,1,0,0,0,0,0,2,0,0,1,0,1,1,0,1,1,1,1,1,1,1,0,0,0,0,1,1,0,1,1,1,1,1,1,1,1,1,1,1,0,1,1,1,1,1,1,1,1,1,1,1,1,1,1,1,1,1,1,1,0,0,0
Daph_gale,0,0,0,0,0,0,0,0,0,0,0,0,0,0,0,0,0,0,0,0,0,0,0,0,0,0,0,0,0,0,0,0,0,0,0,0,0,0,0,1,0,0,0,0,0,0,0,0,0,0,0,0,0,0,0,0,0,0,0,0,0,0,0,0,0,1,0,0,0,0,0,0,0,0,1,0,0,0,0,0,0,0,0,0,0,0,0,0,0,0,0,0,0,0,0,0,1,0,0,0,0,0,0,0,0,0,0,0,0,0,0,0,0,0,0,0,0,0,0,0,0,0,0,0,0,0,0,0,0,0,0,0,0,0,0,0,0,0,0,0,0,0,0,0,0,0,0,0,0,0,0,0,0,0,0,0,0,0,0,0,0,0,0,0,0,0,0,0,0,0,0,0,0,0,0,0,0,0,0,0,0,0,0,0,0,0,0,0,0,0,0,0,0,0,0,0,0,0,0,0,0,0,0,0,0,0,0,0,0,0,0,0,0,0,0,0
Daph_magn,0,0,0,0,0,0,0,0,0,0,0,0,0,0,0,0,0,0,0,0,0,0,0,0,0,0,0,0,0,0,0,0,0,1,0,0,0,0,0,1,0,0,0,0,0,0,0,0,0,0,0,0,0,0,0,0,0,0,0,0,0,0,0,0,0,1,0,0,0,0,0,0,0,0,1,0,0,0,0,0,0,0,0,0,0,0,0,0,0,0,0,0,0,0,0,0,0,0,0,0,0,0,0,0,0,0,0,0,0,0,0,0,0,0,0,0,0,0,0,0,0,0,0,0,0,0,0,0,0,0,0,0,0,0,0,0,0,0,0,0,0,0,0,0,0,0,0,0,0,0,0,0,0,0,0,0,0,0,0,0,0,0,0,0,0,0,0,0,0,0,0,0,0,0,0,0,0,0,0,0,0,0,0,0,0,0,0,0,0,0,0,0,0,0,0,0,0,0,0,0,0,0,0,0,0,0,0,0,0,0,0,0,0,0,0,0
Daph_pule,0,0,0,0,0,0,0,0,0,0,0,0,0,0,0,0,0,0,0,0,0,0,0,0,0,0,0,0,0,0,0,0,0,1,0,0,0,0,0,1,0,0,0,0,0,0,0,0,0,1,0,0,0,0,0,0,0,0,0,0,0,0,0,0,0,1,0,0,0,0,0,0,0,0,1,0,0,0,0,0,0,0,0,0,0,0,0,0,0,0,0,0,0,0,0,0,0,0,0,0,0,0,0,0,0,0,0,0,0,0,1,0,0,0,0,0,0,0,0,0,0,0,0,1,0,0,0,0,0,0,0,0,0,0,0,0,0,0,0,0,0,0,0,0,0,0,0,0,0,0,0,0,0,0,0,0,0,0,0,0,0,0,0,0,0,0,0,0,0,0,0,0,0,0,0,0,0,0,0,0,0,0,0,0,0,0,0,0,0,0,0,0,0,0,0,0,0,0,0,0,0,0,0,0,0,0,0,0,0,0,0,0,0,0,0,0
Dasy_broa,1,0,1,1,1,1,1,1,1,1,1,1,1,0,0,0,0,0,0,0,0,0,0,0,0,2,1,0,1,1,1,1,1,1,0,1,1,1,1,0,1,0,1,1,0,1,1,0,1,0,1,1,0,0,0,0,1,1,0,0,1,0,1,1,1,0,0,1,1,1,1,1,1,1,0,0,1,1,0,0,1,1,1,1,1,1,1,1,1,0,1,1,1,1,1,1,1,1,1,1,1,1,1,0,1,0,1,1,1,1,0,1,1,1,1,1,1,1,1,1,1,1,0,0,1,1,1,1,1,1,1,1,1,1,1,1,1,1,1,1,1,0,1,1,1,1,1,1,1,0,0,0,0,0,0,0,0,0,0,0,2,0,0,1,0,1,1,0,1,1,1,1,1,1,1,0,0,0,0,0,0,2,1,1,1,1,1,0,0,0,0,1,1,0,1,2,3,1,1,1,1,1,1,1,1,1,1,1,1,1,0,1,1,0,0,0
Delp_leuc,1,1,1,1,1,1,1,1,1,1,1,1,1,1,1,1,1,1,1,1,1,1,1,1,1,1,1,3,1,1,1,1,1,1,1,1,1,1,1,1,1,1,1,1,1,1,1,1,1,2,1,1,2,3,2,8,1,1,2,0,3,1,1,1,1,1,1,1,1,1,1,1,1,1,1,1,1,1,1,1,1,1,1,1,1,1,1,1,1,1,1,1,1,1,1,1,1,1,1,1,1,1,1,1,1,1,1,1,1,1,1,1,1,1,1,0,1,1,2,1,1,1,0,2,3,1,1,2,3,2,2,1,1,1,1,1,1,1,1,1,1,1,1,1,1,1,1,1,1,2,2,1,1,1,1,1,1,2,1,2,1,2,2,1,3,1,1,2,1,1,1,1,1,1,1,3,2,3,8,1,1,3,1,1,1,1,1,1,1,1,1,1,1,1,1,1,1,1,1,1,3,1,1,1,1,1,1,1,1,1,2,1,1,1,1,1
Dend_cate,0,0,0,0,0,0,0,0,0,0,0,0,0,0,0,0,0,0,0,0,0,0,0,0,0,0,0,0,0,0,0,0,0,0,0,0,0,0,0,1,0,0,0,0,0,0,0,0,0,0,0,0,0,0,0,0,0,0,0,0,0,0,0,0,0,0,0,0,0,0,0,0,0,0,0,0,0,0,0,0,0,0,0,0,0,0,0,0,0,0,0,0,0,0,0,0,0,0,0,0,0,0,0,0,0,0,0,0,0,0,0,0,0,0,0,0,0,0,0,0,0,0,0,0,0,0,0,0,0,0,0,0,0,0,0,0,0,0,0,0,0,0,0,0,0,0,0,0,0,0,0,0,0,0,0,0,0,0,0,0,0,0,0,0,0,0,0,0,0,0,0,0,0,0,0,0,0,0,0,0,0,0,0,0,0,0,0,0,0,0,0,0,0,0,0,0,0,0,0,0,0,0,0,0,0,0,0,0,0,0,0,0,0,0,0,0
Dend_pond,0,0,0,0,0,0,0,0,0,0,0,0,0,0,0,0,0,0,0,0,0,0,0,0,0,0,1,0,0,0,0,0,0,0,0,0,0,0,0,0,0,0,0,0,0,0,0,0,0,1,0,0,0,0,0,0,0,0,0,0,0,0,0,0,0,0,0,0,0,0,0,0,0,0,0,0,0,0,0,0,0,0,0,0,0,0,0,0,0,0,0,0,0,0,0,0,0,0,0,0,0,0,0,0,0,0,0,0,0,0,1,0,0,0,0,0,0,0,0,0,0,0,0,0,0,0,0,0,0,0,0,0,0,0,0,0,0,0,0,0,0,0,0,0,0,0,0,0,0,0,0,0,0,0,0,0,0,0,0,0,0,0,0,0,0,0,0,0,0,0,0,0,0,0,0,0,0,0,0,0,0,0,0,0,0,0,0,0,0,0,0,0,0,0,0,0,0,0,0,0,0,0,0,0,0,0,0,0,0,0,0,0,0,0,0,0
Dent_clup,2,0,2,1,1,0,1,1,1,1,1,1,1,1,1,1,1,1,0,1,1,1,1,1,0,2,2,3,1,1,1,1,1,1,1,1,2,1,1,1,1,2,3,1,2,1,1,2,1,1,2,1,1,1,0,1,1,2,1,0,2,2,1,0,0,2,2,1,3,0,1,0,0,0,2,2,1,0,4,0,0,1,0,1,1,0,2,1,1,2,0,1,1,0,0,1,1,1,1,0,0,1,0,2,2,2,1,1,1,1,1,1,2,1,0,1,2,0,0,0,1,0,0,0,1,1,2,1,2,1,1,0,0,0,2,0,1,0,1,0,1,1,0,1,1,0,1,1,1,0,1,1,1,1,0,2,1,1,1,1,2,1,1,1,0,0,0,0,2,0,0,1,0,1,0,1,1,0,1,0,0,0,1,1,1,1,1,0,1,0,0,1,1,0,0,0,0,2,1,1,3,2,1,0,0,0,1,0,1,1,2,1,1,1,2,1
Diab_virg,0,0,0,0,0,0,0,0,0,0,0,0,0,0,0,0,0,0,0,0,0,0,0,0,0,0,0,0,0,0,0,0,0,0,0,0,0,0,0,0,0,0,0,0,0,0,0,0,0,0,0,0,0,0,0,0,0,0,0,0,0,0,0,0,0,0,0,0,0,0,0,0,0,0,0,0,0,0,0,0,0,0,0,0,0,0,0,0,0,0,0,0,0,0,0,0,0,0,0,0,0,0,0,0,0,0,0,0,0,0,0,0,0,0,0,0,0,0,0,0,0,0,0,1,1,0,0,0,0,0,0,0,0,0,0,0,0,0,0,0,0,0,0,0,0,0,0,0,0,0,0,0,0,0,0,0,0,0,0,0,0,0,0,0,0,0,0,0,0,0,0,0,0,0,0,0,0,0,0,0,0,0,0,0,0,0,0,0,0,0,0,0,0,0,0,0,0,0,0,0,0,0,0,0,0,0,0,0,0,0,0,0,0,0,0,0
Diap_citr,0,0,0,0,0,0,0,0,0,0,0,0,0,0,0,0,0,0,0,0,0,0,0,0,0,0,0,0,0,0,0,0,0,0,0,0,0,0,0,0,0,0,0,0,0,0,0,0,0,0,0,0,0,0,0,0,0,0,0,0,0,0,0,0,0,0,0,0,0,0,0,0,0,0,0,0,0,0,0,0,0,0,0,0,0,0,0,0,0,0,0,0,0,0,0,0,0,0,0,0,0,0,0,0,0,0,0,0,0,0,0,0,0,0,0,0,0,0,0,0,0,0,0,0,0,0,0,0,0,0,0,0,0,0,0,0,0,0,0,0,0,0,0,0,0,0,0,0,0,0,0,0,0,0,0,0,0,0,0,0,0,0,0,0,0,0,0,0,0,0,0,0,0,0,0,0,0,1,0,0,0,0,0,0,0,0,0,0,0,0,0,0,0,0,0,0,0,0,0,0,0,0,0,0,0,0,0,0,0,0,0,0,0,0,0,0
Dica_exim,1,0,1,1,1,1,1,1,1,1,1,1,1,1,1,1,1,1,1,1,1,1,1,1,1,1,0,0,1,1,0,1,1,1,0,1,1,1,0,0,0,0,0,1,0,0,1,0,0,0,0,0,1,0,0,1,0,0,0,0,0,1,1,1,1,0,0,2,1,1,1,1,1,1,0,0,1,1,0,0,1,1,1,1,1,1,1,1,1,0,1,1,1,1,1,1,1,1,1,1,1,1,1,0,0,0,0,1,0,0,1,0,0,0,1,1,1,1,1,1,1,1,0,0,1,0,0,0,0,0,0,1,1,1,1,1,1,1,1,1,1,1,1,1,1,1,1,1,1,0,1,1,1,3,2,4,2,2,2,1,0,0,2,1,3,1,2,1,1,1,1,1,1,1,1,1,0,0,1,0,0,2,0,0,0,0,0,1,1,1,1,1,1,0,1,2,1,1,1,1,0,1,1,1,1,2,1,1,1,1,0,1,0,0,0,0
Dice_bico,1,0,1,1,1,1,1,1,1,1,1,0,1,0,1,0,0,1,0,1,0,0,0,0,1,1,1,2,0,1,1,0,1,1,1,0,1,0,1,1,1,0,1,0,0,0,0,0,0,0,0,0,0,0,3,1,0,0,0,0,1,0,0,0,0,0,0,1,0,1,1,1,0,0,0,0,1,1,0,0,1,1,1,1,1,1,1,1,1,1,1,1,1,1,1,1,1,1,1,1,1,1,1,0,1,0,0,0,0,0,0,0,0,0,1,1,1,1,1,1,1,1,1,1,5,3,1,1,1,2,1,1,2,1,1,2,1,1,2,1,0,2,1,1,1,1,2,1,1,2,0,2,0,1,1,1,1,1,1,1,0,2,0,0,0,0,0,0,0,0,1,0,0,1,0,0,0,1,1,0,0,0,1,1,1,1,1,1,0,0,1,0,0,0,0,1,0,1,1,1,1,1,1,1,0,0,1,1,0,1,1,1,2,1,1,1
Dice_labr,1,0,1,1,1,1,1,1,1,1,0,0,0,1,0,1,1,1,1,0,1,1,1,0,1,2,2,2,1,0,1,1,1,1,0,0,2,1,1,1,1,3,3,1,3,1,1,1,1,1,1,2,0,0,2,0,1,2,2,0,2,1,1,0,0,2,2,1,2,1,1,0,0,0,2,2,1,1,3,0,1,1,0,1,2,1,1,0,0,2,0,1,1,1,1,1,1,1,1,1,0,0,1,3,3,4,1,1,1,1,1,1,1,2,0,0,0,0,0,0,0,1,0,0,0,1,1,1,2,1,1,0,0,1,1,0,0,0,0,0,0,1,0,1,0,0,0,0,1,0,0,2,1,1,0,2,1,0,0,1,0,2,1,1,2,0,0,1,1,0,0,1,1,1,1,0,0,3,0,1,0,0,1,1,1,1,1,1,1,1,1,1,1,1,0,2,0,0,1,1,2,0,1,1,0,0,1,1,1,2,1,0,0,1,1,1
Dich_olig,0,0,0,0,0,0,0,0,0,0,0,0,0,0,0,0,0,0,0,0,0,0,0,0,0,0,0,0,0,0,0,0,0,0,0,0,0,0,0,0,0,0,0,0,0,0,0,0,0,0,0,0,0,0,0,0,0,0,0,0,0,0,0,0,0,0,0,0,0,0,0,0,0,0,0,0,0,0,0,0,0,0,0,0,0,0,0,0,0,0,0,0,0,0,0,0,0,1,0,0,1,0,0,0,0,0,0,0,0,0,0,0,0,0,0,0,0,0,0,0,0,0,0,0,0,0,0,0,0,0,0,0,0,0,0,0,0,0,0,0,0,0,0,0,0,0,0,0,0,0,0,0,0,0,0,0,0,0,0,0,0,0,0,0,0,0,0,0,0,0,0,0,0,0,0,0,0,0,0,0,0,0,0,0,0,0,0,0,0,0,0,0,0,0,0,0,0,0,0,0,0,0,0,0,0,0,0,0,0,0,0,0,0,0,0,0
Dicr_mega,1,0,1,1,1,1,1,1,1,1,1,1,1,0,0,0,0,0,0,0,0,0,0,0,0,1,1,2,1,1,1,1,1,1,0,1,1,1,1,0,1,0,0,0,0,0,0,0,0,0,0,0,0,0,0,0,1,1,0,0,1,1,1,1,1,1,1,0,2,1,0,0,1,1,1,1,1,1,0,0,1,1,0,1,1,1,1,1,1,1,1,1,1,1,1,1,1,1,1,1,1,1,1,0,0,0,0,0,0,0,0,0,0,0,1,1,1,1,1,1,1,1,0,1,0,1,1,1,1,1,1,1,1,1,1,1,1,2,1,1,1,1,1,1,1,1,1,1,1,0,0,1,0,0,1,0,1,0,0,0,1,0,0,1,0,2,1,1,1,1,1,1,1,1,1,0,0,0,0,1,1,2,0,0,0,0,0,1,1,1,1,1,1,0,1,2,1,1,1,1,1,1,1,1,1,1,1,1,1,1,1,1,1,0,0,0
Dict_disc,0,0,0,0,0,0,0,0,0,0,0,0,0,0,0,0,0,0,0,0,0,0,0,0,0,0,0,0,0,0,0,0,0,0,0,0,0,0,0,0,0,0,0,0,0,0,0,0,0,0,0,0,0,0,0,0,0,0,0,0,0,0,0,0,0,0,0,0,0,0,0,0,0,0,0,0,0,0,0,0,0,0,0,0,0,0,0,0,0,0,0,0,0,0,0,0,0,0,0,0,0,0,0,0,0,0,0,0,0,0,0,0,0,0,0,0,0,0,0,0,0,0,0,0,0,0,0,0,0,0,0,0,0,0,0,0,0,0,0,0,0,0,0,0,0,0,0,0,0,0,0,0,0,0,0,0,0,0,0,0,0,0,0,0,0,0,0,0,0,0,0,0,0,0,0,0,0,0,0,0,0,0,0,0,0,0,0,0,0,0,0,0,0,0,0,0,0,0,0,0,0,0,0,0,0,0,0,0,0,0,0,0,0,1,0,0
Dict_vivi,0,0,0,0,0,0,0,0,0,0,0,0,0,0,0,0,0,0,0,0,0,0,0,0,0,0,0,0,0,0,0,0,0,0,0,0,0,0,0,1,0,0,0,0,0,0,0,0,0,0,0,0,0,0,0,0,0,0,0,0,0,0,0,0,0,0,0,0,0,0,0,0,0,0,0,0,0,0,0,0,0,0,0,0,0,0,0,0,0,0,0,0,0,0,0,0,0,0,0,0,0,0,0,0,0,0,0,0,0,0,0,0,0,0,0,0,0,0,0,0,0,0,0,0,0,0,0,0,0,0,0,0,0,0,0,0,0,0,0,0,0,0,0,0,0,0,0,0,0,0,0,0,0,0,0,0,0,0,0,0,0,0,0,0,0,0,0,0,0,0,0,0,0,0,0,0,0,0,0,0,0,0,0,0,0,0,0,0,0,0,0,0,0,0,0,0,0,0,0,0,0,0,0,0,0,0,0,0,0,0,0,0,0,0,0,0
Didy_carn,0,0,0,0,0,0,0,0,0,0,0,0,0,0,0,0,0,0,0,0,0,0,0,0,0,0,2,0,0,0,0,0,0,0,0,0,0,0,0,1,0,0,0,0,0,0,0,0,0,0,0,0,0,0,0,0,0,0,0,0,0,0,0,0,0,0,0,0,0,0,0,0,0,0,0,0,0,0,0,0,0,0,0,0,0,0,0,0,0,0,0,0,0,0,0,0,0,0,0,0,0,0,0,0,0,0,0,0,0,0,0,0,0,0,0,0,0,0,0,0,0,0,0,0,0,0,0,0,0,0,0,0,0,0,0,0,0,0,0,0,0,0,0,0,0,0,0,0,0,0,0,0,0,0,0,0,0,0,0,0,0,0,0,0,0,0,0,0,0,0,0,0,0,0,0,0,0,0,0,0,0,0,0,0,0,0,0,0,0,0,0,0,0,0,0,0,0,0,0,0,0,0,0,0,0,0,0,0,0,0,0,0,0,0,0,0
Dimo_gyro,1,0,1,0,0,0,0,0,0,0,0,0,0,0,0,0,0,0,0,0,0,0,0,0,0,0,0,0,0,0,0,0,0,0,0,0,0,0,0,1,0,0,0,0,0,0,0,0,0,0,0,0,0,0,0,0,0,0,0,0,0,0,0,0,0,1,0,0,0,0,0,0,0,0,1,0,0,0,0,0,0,0,0,0,0,0,0,0,0,0,0,0,0,0,0,0,0,0,0,0,0,0,0,0,0,0,0,0,0,0,0,0,0,0,0,0,0,0,0,0,0,0,0,0,0,0,0,0,0,0,0,0,0,0,0,0,0,0,0,0,0,0,0,0,0,0,0,0,0,0,0,0,0,0,0,0,0,0,0,0,0,0,0,0,0,0,0,0,0,0,0,0,0,0,0,0,0,0,0,0,0,0,0,0,0,0,0,0,0,0,0,1,1,0,0,0,0,0,0,0,0,0,0,0,0,0,0,0,0,0,0,0,0,0,0,0
Dino_quad,0,0,0,0,0,0,0,0,0,0,0,0,0,0,0,0,0,0,0,0,0,0,0,0,0,0,1,0,0,0,0,0,0,1,0,0,0,0,0,0,0,0,1,0,1,0,0,0,0,0,0,1,0,0,0,0,0,0,0,0,0,0,0,0,0,1,0,0,0,0,0,0,0,0,1,0,0,0,0,0,0,0,0,0,0,0,0,0,0,0,0,0,0,0,0,0,0,0,0,0,0,0,0,0,1,0,0,0,0,0,0,0,0,1,0,0,0,0,0,0,0,0,0,1,0,0,0,0,0,0,0,0,0,0,0,0,0,0,0,0,0,0,0,0,0,0,0,0,0,0,0,0,0,0,0,0,0,0,0,0,0,0,0,0,0,0,0,0,0,0,0,0,0,0,0,0,0,0,0,0,0,0,0,0,0,0,0,0,0,0,0,0,0,0,0,0,0,0,0,0,0,0,0,0,0,0,0,0,0,0,0,0,0,0,0,0
Dino_tinc,0,0,0,0,0,0,0,0,0,0,0,0,0,0,0,0,0,0,0,0,0,0,0,0,0,0,0,0,0,0,0,0,0,0,0,0,0,0,0,1,0,0,0,0,0,0,0,0,0,0,0,0,0,0,0,0,0,0,0,0,0,0,0,0,0,0,0,0,0,0,0,0,0,0,0,0,0,0,0,0,0,0,0,0,0,0,0,0,0,0,0,0,0,0,0,0,0,0,0,0,0,0,0,0,0,0,0,0,0,0,0,0,0,0,0,0,0,0,0,0,0,0,0,1,0,0,0,0,0,0,0,0,0,0,0,0,0,0,0,0,0,0,0,0,0,0,0,0,0,0,0,0,0,0,0,0,0,0,0,0,0,0,0,0,0,0,0,0,0,0,0,0,0,0,0,0,0,0,0,0,0,0,0,0,0,0,0,0,0,0,0,0,1,0,0,0,0,0,0,0,0,0,0,0,0,0,0,0,0,0,0,0,0,0,0,0
Dipl_pach,0,0,0,0,0,0,0,0,0,0,0,0,0,0,0,0,0,0,0,0,0,0,0,0,0,0,0,0,0,0,0,0,0,0,0,0,0,0,0,2,0,0,0,0,0,0,0,0,0,0,0,0,0,0,0,0,0,0,0,0,0,0,0,0,0,0,0,0,0,0,0,0,0,0,0,0,0,0,0,0,0,0,0,0,0,0,0,0,0,0,0,0,0,0,0,0,0,0,0,0,0,0,0,0,0,0,0,0,0,0,0,0,0,0,0,0,0,0,0,0,0,0,0,0,0,0,0,0,0,0,0,0,0,0,0,0,0,0,0,0,0,0,0,0,0,0,0,0,0,0,0,0,0,0,0,0,0,0,0,0,0,0,0,0,0,0,0,0,0,0,0,0,0,0,0,0,0,0,0,0,0,0,0,0,0,0,0,0,0,0,0,0,0,1,0,0,0,0,0,0,0,0,0,0,0,0,0,0,0,0,0,0,0,0,0,0
Dipo_ordi,0,0,1,1,1,1,1,1,1,1,1,1,1,1,1,1,1,1,1,1,1,1,1,1,1,1,1,3,1,1,1,1,1,0,0,1,1,1,1,1,1,1,1,1,1,1,1,1,1,1,1,2,1,1,3,4,2,1,2,0,0,1,2,1,1,1,2,1,1,1,1,1,1,1,1,2,1,1,0,0,1,1,0,1,1,1,1,0,1,1,1,1,1,1,1,1,1,1,1,1,1,1,1,1,1,1,1,1,1,1,1,1,1,2,1,1,1,1,1,1,1,1,1,2,1,2,1,1,0,1,1,1,1,1,1,0,1,1,1,1,1,0,1,1,1,1,0,1,1,2,3,1,2,2,1,1,1,2,2,2,1,2,1,1,3,1,1,2,1,1,2,1,1,1,1,1,1,1,2,2,1,2,1,1,1,1,1,1,1,1,1,1,1,2,1,1,2,1,1,1,0,1,1,1,1,1,1,1,1,1,2,1,1,1,1,1
Diss_maws,1,0,1,0,0,0,0,0,0,0,0,0,0,0,0,0,1,0,0,0,0,0,1,1,0,1,1,3,0,0,1,0,0,1,0,1,0,0,0,1,0,2,1,0,3,0,0,1,0,0,1,1,0,0,1,1,1,1,1,0,1,1,0,0,0,2,2,0,0,0,0,0,0,0,2,1,1,0,3,0,0,0,0,0,1,0,0,0,0,1,0,1,0,1,0,0,0,0,0,0,0,0,1,2,1,2,0,0,1,0,0,0,1,1,0,0,0,0,0,0,0,0,0,0,0,1,0,1,2,0,0,0,0,0,1,0,0,0,1,0,0,0,0,0,0,0,0,0,0,0,1,1,1,0,0,2,1,0,0,0,0,1,1,1,0,0,0,0,0,0,0,0,0,1,0,0,1,0,0,0,0,0,0,1,1,0,1,0,0,1,0,1,1,0,0,0,0,0,0,0,1,0,1,0,0,0,1,0,1,0,0,0,0,1,1,0
Dona_atri,1,0,1,1,0,1,1,1,1,1,0,0,0,1,1,1,1,1,1,1,1,1,1,1,1,1,0,0,1,1,1,1,1,0,0,0,0,0,1,0,1,0,0,1,0,0,1,0,1,0,0,0,0,0,0,0,0,0,0,0,0,1,0,1,1,0,0,1,1,2,1,1,1,1,0,0,1,1,0,0,1,1,1,1,1,1,1,1,1,0,1,1,1,1,1,1,1,1,1,1,1,1,1,0,0,0,0,0,1,0,1,1,0,0,1,1,1,1,1,1,1,1,0,0,1,0,0,0,0,0,0,1,1,1,1,1,1,1,1,1,1,1,1,1,1,1,1,1,1,0,0,0,0,0,1,0,0,0,0,0,0,0,0,1,1,0,1,0,1,1,1,1,1,1,1,0,0,0,0,0,0,0,0,0,0,0,0,1,1,1,1,1,1,0,1,2,1,1,1,1,0,1,1,1,1,1,1,1,1,1,0,1,1,0,0,0
Drac_medi,0,0,0,0,0,0,0,0,0,0,0,0,0,0,0,0,0,0,0,0,0,0,0,0,0,0,0,0,0,0,0,0,0,0,0,0,0,0,0,1,0,0,0,0,0,0,0,0,0,0,0,0,0,0,0,0,0,0,0,0,0,0,0,0,0,0,0,0,0,0,0,0,0,0,0,0,0,0,0,0,0,0,0,0,0,0,0,0,0,0,0,0,0,0,0,0,0,0,0,0,0,0,0,0,0,0,0,0,0,0,0,0,0,0,0,0,0,0,0,0,0,0,1,0,0,0,0,0,0,0,0,0,0,0,0,0,0,0,0,0,0,0,0,0,0,0,0,0,0,0,0,0,0,0,0,0,0,0,0,0,0,0,0,0,0,0,0,0,0,0,0,0,0,0,0,0,0,0,0,0,0,0,0,0,0,0,0,0,0,0,0,0,0,0,0,0,0,0,0,0,0,0,0,0,0,0,0,0,0,0,0,0,0,0,0,0
Drom_arde,1,0,1,1,1,1,1,1,1,1,1,1,1,1,1,1,1,1,1,1,1,1,1,1,1,0,0,0,1,1,1,1,1,1,0,1,1,1,1,0,1,0,0,0,0,0,0,0,1,0,0,0,0,0,0,0,1,1,0,0,0,1,0,1,0,1,1,1,3,0,1,1,1,0,1,1,1,1,0,0,1,1,1,1,1,1,1,1,1,1,1,1,1,1,1,1,1,1,1,1,1,1,1,0,0,0,0,0,0,1,1,1,0,0,1,1,1,1,1,1,1,1,0,0,2,1,1,1,0,1,1,1,1,1,1,1,1,1,1,1,1,0,1,1,1,1,1,1,1,1,0,0,0,0,0,0,0,0,0,0,1,0,0,1,1,1,1,0,1,1,1,1,1,1,1,0,0,0,0,1,1,0,1,1,1,1,1,1,1,1,1,0,0,0,1,1,1,0,0,0,0,0,0,0,1,1,0,0,0,0,1,1,1,0,0,0
Drom_nova,1,0,1,1,0,1,1,1,1,1,1,1,1,0,0,0,0,0,0,0,0,0,0,0,0,0,0,2,1,1,1,1,1,1,0,1,1,1,1,0,1,0,0,0,0,0,0,1,0,0,0,0,0,0,0,0,1,1,1,0,0,0,0,1,1,1,1,0,2,1,0,0,1,1,1,1,1,1,0,0,1,1,1,1,1,1,1,1,1,1,1,1,1,1,1,1,1,1,1,1,1,1,1,0,0,0,0,0,0,0,0,0,0,0,1,1,1,1,1,1,1,1,0,1,1,1,1,1,0,1,1,1,2,1,1,1,1,1,1,1,1,0,1,1,1,1,0,1,1,0,0,0,0,0,1,0,0,0,0,0,2,0,0,1,1,1,1,0,1,1,1,1,1,0,1,0,0,0,0,1,1,0,1,1,1,1,1,1,1,1,1,1,1,0,1,2,1,1,1,1,0,1,1,1,1,2,1,1,1,1,0,1,1,1,1,1
Dros_albo,0,0,0,0,0,0,0,0,0,0,0,0,0,0,0,0,0,0,0,0,0,0,0,0,0,0,0,0,0,0,0,0,0,0,0,0,0,0,0,0,0,0,0,0,0,0,0,0,0,0,0,0,0,0,0,0,0,0,0,0,0,0,0,0,0,0,0,0,0,0,0,0,0,0,0,0,0,0,0,0,0,0,0,0,0,0,0,0,0,0,0,0,0,0,0,0,0,0,0,0,0,0,0,0,0,0,0,0,0,0,0,0,0,0,0,0,0,0,0,0,0,0,0,0,0,0,0,0,0,0,0,0,0,0,0,0,0,0,0,0,0,0,0,0,0,0,0,0,0,0,0,0,0,0,0,0,0,0,0,0,0,0,0,0,0,0,0,0,0,0,0,0,0,0,0,0,0,1,0,0,0,0,0,0,0,0,0,0,0,0,0,0,0,0,0,0,0,0,0,0,0,0,0,0,0,0,0,0,0,0,0,0,0,0,0,0
Dros_anan,0,0,0,0,0,0,0,0,0,0,0,0,0,0,0,0,0,0,0,0,0,0,0,0,0,0,0,0,0,0,0,0,0,0,0,0,0,0,0,0,0,0,0,0,0,0,0,0,0,0,0,0,0,0,0,0,0,0,0,0,0,0,0,0,0,0,0,0,0,0,0,0,0,0,0,0,0,0,0,0,0,0,0,0,0,0,0,0,0,0,0,0,0,0,0,0,0,0,0,0,0,0,0,0,0,0,0,0,0,0,0,0,0,0,0,0,0,0,0,0,0,0,0,0,0,0,0,0,0,0,0,0,0,0,0,0,0,0,0,0,0,0,0,0,0,0,0,0,0,0,0,0,0,0,0,0,0,0,0,0,0,0,0,0,0,0,0,0,0,0,0,0,0,0,0,0,0,0,0,0,0,0,0,0,0,0,0,0,0,0,0,1,0,0,0,0,0,0,0,0,0,0,0,0,0,0,0,0,0,0,0,0,0,0,0,0
Dros_leba,0,0,0,0,0,0,0,0,0,0,0,0,0,0,0,0,0,0,0,0,0,0,0,0,0,0,0,0,0,0,0,0,0,0,0,0,0,0,0,0,0,0,0,0,0,0,0,0,0,0,0,0,0,0,0,0,0,0,0,0,0,0,0,0,0,0,0,0,0,0,0,0,0,0,0,0,0,0,0,0,0,0,0,0,0,0,0,0,0,0,0,0,0,0,0,0,0,0,0,0,0,0,0,0,0,0,0,0,0,0,0,0,0,0,0,0,0,0,0,0,0,0,0,0,0,0,0,0,0,0,0,0,0,0,0,0,0,0,0,0,0,0,0,0,0,0,0,0,0,0,0,0,0,0,0,0,0,0,0,0,0,0,0,0,0,0,0,0,0,0,0,0,0,0,0,0,0,1,0,0,0,0,0,0,0,0,0,0,0,0,0,0,0,0,0,0,0,0,0,0,0,0,0,0,0,0,0,0,0,0,0,0,0,0,0,0
Dros_navo,0,0,0,0,0,0,0,0,0,0,0,0,0,0,0,0,0,0,0,0,0,0,0,0,0,0,0,0,0,0,0,0,0,0,0,0,0,0,0,0,0,0,0,0,0,0,0,0,0,0,0,0,0,0,0,0,0,0,0,0,0,0,0,0,0,0,0,0,0,0,0,0,0,0,0,0,0,0,0,0,0,0,0,0,0,0,0,0,0,0,0,0,0,0,0,0,0,0,0,0,0,0,0,0,0,0,0,0,0,0,0,0,0,0,0,0,0,0,0,0,0,0,0,0,0,0,0,0,0,0,0,0,0,0,0,0,0,0,0,0,0,0,0,0,0,0,0,0,0,0,0,0,0,0,0,0,0,0,0,0,0,0,0,0,0,0,0,0,0,0,0,0,0,0,0,0,0,1,0,0,0,0,0,0,0,0,0,0,0,0,0,1,0,0,0,0,0,0,0,0,0,0,0,0,0,0,0,0,0,0,0,0,0,0,0,0
Dros_viri,0,0,0,0,0,0,0,0,0,0,0,0,0,0,0,0,0,0,0,0,0,0,0,0,0,0,0,0,0,0,0,0,0,0,0,0,0,0,0,0,0,0,0,0,0,0,0,0,0,0,0,0,0,0,0,0,0,0,0,0,0,0,0,0,0,0,0,0,0,0,0,0,0,0,0,0,0,0,0,0,0,0,0,0,0,0,0,0,0,0,0,0,0,0,0,0,0,0,0,0,0,0,0,0,0,0,0,0,0,0,0,0,0,0,0,0,0,0,0,0,0,0,0,0,0,0,0,0,0,0,0,0,0,0,0,0,0,0,0,0,0,0,0,0,0,0,0,0,0,0,0,0,0,0,0,0,0,0,0,0,0,0,0,0,0,0,0,0,0,0,0,0,0,0,0,0,0,0,0,0,0,0,0,0,0,0,0,0,0,0,0,1,0,0,0,0,0,0,0,0,0,0,0,0,0,0,0,0,0,0,0,0,0,0,0,0
Drym_brun,1,0,1,1,0,1,1,1,1,1,1,1,1,1,1,1,1,1,1,1,1,1,1,1,1,1,0,0,1,1,1,1,1,0,0,1,1,1,1,0,1,0,0,1,0,0,0,0,0,0,0,0,1,1,0,0,1,1,0,0,0,0,0,1,1,0,0,2,1,1,1,1,1,1,0,0,1,1,0,0,1,1,1,1,1,1,1,1,1,1,1,1,1,1,1,1,1,1,1,1,1,1,1,0,0,0,0,0,0,1,1,1,0,0,1,1,1,1,1,1,1,1,0,0,1,1,1,1,0,1,1,1,1,1,1,1,1,1,1,1,2,0,1,1,1,1,1,1,1,1,1,0,0,1,1,1,1,0,0,0,2,0,0,1,0,1,1,0,1,1,1,0,0,0,0,1,1,0,0,0,0,2,0,0,0,0,0,1,1,1,1,0,0,0,1,2,1,0,0,0,0,0,0,1,1,2,1,1,1,1,0,1,1,1,1,1
Dryo_gamb,1,0,1,1,1,1,1,1,1,1,0,1,0,0,1,1,0,1,1,1,1,1,0,1,1,1,0,0,1,1,0,1,1,1,0,1,1,1,1,0,1,0,0,1,0,0,0,0,1,0,0,0,0,0,0,0,1,1,0,0,0,0,0,0,1,0,1,1,3,1,1,1,0,1,1,1,1,1,0,0,1,1,1,1,1,1,1,1,1,1,1,0,0,0,0,1,1,1,0,0,0,0,0,0,0,0,0,0,0,1,0,1,0,0,1,1,1,1,1,1,1,1,0,0,1,1,1,1,0,1,1,1,1,1,1,1,1,2,1,1,1,0,1,1,1,1,1,1,1,0,1,0,0,0,0,0,0,0,0,0,1,0,0,0,0,0,0,0,1,1,1,0,1,1,0,0,0,0,0,1,1,0,1,1,1,1,1,1,0,1,0,1,1,0,1,1,3,0,0,0,0,0,0,1,2,1,1,1,1,1,0,1,1,0,0,0
Dryo_pube,1,0,1,1,0,1,1,1,1,1,1,1,1,1,1,1,0,1,1,1,1,1,1,1,1,0,0,0,1,1,1,1,1,1,0,1,1,1,1,0,1,0,2,0,0,1,0,0,1,1,0,1,1,0,0,1,0,1,0,0,0,0,0,1,1,1,1,0,0,0,1,0,1,1,1,1,0,0,0,0,0,0,1,0,0,0,0,0,0,0,0,1,1,1,1,1,1,1,1,1,1,1,1,0,2,0,1,1,0,1,1,0,0,1,1,1,1,1,1,1,1,1,0,0,1,1,1,1,0,1,1,0,0,0,0,0,0,0,0,0,1,1,1,1,1,1,1,1,1,1,1,1,2,1,2,1,1,2,2,1,1,2,2,2,3,0,1,1,1,1,1,1,1,1,1,1,1,1,1,0,0,0,1,1,1,1,1,0,1,0,1,1,1,0,0,1,1,0,0,0,0,0,0,1,1,1,0,1,1,1,0,1,1,0,0,0
Dufo_nova,0,0,0,0,0,0,0,0,0,0,0,0,0,0,0,0,0,0,0,0,0,0,0,0,0,0,1,0,0,0,0,0,0,0,0,0,0,0,0,0,0,1,1,0,1,0,0,0,0,0,0,0,0,0,0,0,0,0,0,0,0,0,0,0,0,0,0,0,0,0,0,0,0,0,0,0,0,0,0,0,0,0,0,0,0,0,0,0,0,0,0,0,0,0,0,0,0,0,0,0,0,0,0,1,1,1,0,0,0,0,0,0,0,0,0,0,0,0,0,0,0,0,0,1,0,0,0,0,0,0,0,0,0,0,0,0,0,0,0,0,0,0,0,0,0,0,0,0,0,0,0,0,0,0,0,0,0,0,0,0,0,0,0,0,0,0,0,0,0,0,0,0,0,0,0,0,0,0,0,0,0,0,0,0,0,0,0,0,0,0,0,0,0,0,0,0,0,0,0,0,0,0,0,0,0,0,0,0,0,0,0,0,0,0,0,0
Eche_nauc,1,0,1,1,1,0,1,0,1,0,0,1,1,1,0,1,1,1,1,1,1,1,1,1,1,2,2,4,0,0,0,0,0,1,0,1,0,1,1,1,1,3,1,1,3,1,2,1,1,1,2,2,0,0,2,1,1,2,1,0,2,1,1,0,0,2,3,1,2,1,1,0,1,0,2,2,1,0,3,0,1,1,0,1,0,0,1,0,1,2,1,1,1,1,0,1,1,1,1,1,0,1,1,3,3,3,1,1,1,1,1,1,2,2,0,0,1,0,0,0,0,0,0,1,0,1,1,1,2,1,1,1,0,1,1,0,1,0,1,1,0,1,1,1,1,0,1,0,1,0,0,2,2,1,0,2,1,0,0,1,0,1,1,1,2,0,0,1,0,1,0,0,1,1,1,0,0,3,0,0,0,0,1,1,1,1,1,0,1,1,0,1,1,0,0,2,0,0,1,0,2,1,1,2,1,0,1,2,1,2,1,0,0,1,2,1
Echi_capr,0,0,0,0,0,0,0,0,0,0,0,0,0,0,0,0,0,0,0,0,0,0,0,0,0,0,0,0,0,0,0,0,0,0,0,0,0,0,0,0,0,0,0,0,0,0,0,0,0,0,0,0,0,0,0,0,0,0,0,0,0,0,0,0,0,0,0,0,0,0,0,0,0,0,0,0,0,0,0,0,0,0,0,0,0,0,0,0,0,0,0,0,0,0,0,1,0,0,0,0,0,0,0,0,0,0,0,0,0,0,0,0,0,0,0,0,0,0,0,0,0,0,0,0,0,0,0,0,0,0,0,0,0,0,0,0,0,0,0,0,0,0,0,0,0,0,0,0,0,0,0,0,0,0,0,0,0,0,0,0,0,0,0,0,0,0,0,0,0,0,0,0,0,0,0,0,0,0,0,0,0,0,0,0,0,0,0,0,0,0,0,0,0,0,0,0,0,0,0,0,0,0,0,0,0,0,0,0,0,0,0,0,0,0,0,0
Edol_coer,1,0,1,1,0,1,1,1,1,1,1,1,1,1,1,1,1,1,1,1,1,1,1,1,1,1,0,0,1,1,0,1,1,0,0,1,1,1,1,0,1,0,0,1,0,0,1,0,1,1,0,0,1,1,0,1,1,1,0,0,1,1,1,1,1,0,0,0,0,1,0,0,1,1,0,0,1,1,0,0,1,1,1,1,1,1,1,1,1,1,1,1,1,1,1,1,1,1,1,1,1,1,1,0,0,0,1,0,1,1,1,1,0,0,1,1,1,1,1,1,1,1,0,0,0,1,1,1,1,1,1,1,1,1,1,1,1,1,1,1,1,0,1,1,1,1,1,1,1,1,1,0,1,1,2,2,1,1,1,0,1,0,1,1,0,1,1,0,1,1,1,1,1,1,1,1,1,0,1,0,0,2,1,1,1,1,1,1,1,1,1,1,1,0,1,2,3,1,1,1,1,1,1,1,1,1,1,1,1,1,0,1,1,0,0,0
Egre_garz,0,0,0,1,0,1,1,1,1,1,1,1,1,1,1,1,0,1,1,1,1,1,1,1,1,0,0,2,1,1,0,1,1,0,0,1,1,1,1,0,1,1,0,0,0,1,0,1,1,0,0,0,1,1,0,1,0,0,1,0,0,1,1,1,1,1,1,0,2,0,1,0,1,1,1,1,1,1,0,0,1,1,2,1,1,1,1,1,1,1,1,1,1,1,1,1,1,1,1,1,1,1,1,0,0,0,1,1,1,1,0,0,0,0,1,1,1,1,1,1,1,1,0,0,0,0,0,0,0,0,0,0,0,0,0,0,0,0,0,0,0,1,0,0,0,0,0,0,0,1,1,1,1,1,1,2,1,1,1,0,0,0,1,0,0,0,0,1,0,0,0,1,0,0,0,1,1,0,1,0,0,0,1,1,1,1,1,1,1,0,1,1,1,0,0,1,1,1,1,1,0,1,1,1,1,1,0,1,1,1,0,0,0,1,1,1
Elac_form,1,0,1,1,0,1,1,1,1,1,1,1,1,1,1,1,1,1,1,1,1,1,1,1,1,0,0,0,1,1,1,1,1,0,0,1,1,1,1,1,1,0,0,1,0,0,1,0,0,0,0,0,1,0,0,0,1,0,1,0,0,1,2,1,1,0,0,1,1,2,1,1,1,1,0,0,1,1,0,0,1,1,1,1,1,1,1,1,1,1,1,1,1,1,1,1,1,1,1,1,1,1,1,0,0,0,0,0,0,1,1,0,0,0,1,1,1,1,1,1,1,1,0,0,0,1,1,1,0,2,1,1,1,1,1,1,1,1,1,1,1,1,1,1,1,1,1,1,1,1,1,1,1,3,2,3,1,2,2,1,1,0,1,2,1,2,2,2,1,1,1,1,1,1,1,1,1,0,1,0,0,0,1,1,1,1,1,1,1,1,1,1,1,0,1,2,1,1,1,1,0,1,1,1,1,2,1,1,1,1,0,1,1,1,1,1
Elae_guin,0,0,0,0,0,0,0,0,0,0,0,0,0,0,0,0,0,0,0,0,0,0,0,0,0,0,0,0,0,0,0,0,0,0,0,0,0,0,0,0,0,0,0,0,0,0,0,0,0,0,0,0,0,0,0,0,0,0,0,0,0,0,0,0,0,0,0,0,0,0,0,0,0,0,0,0,0,0,0,0,0,0,0,0,0,0,0,0,0,0,0,0,0,0,0,1,1,1,0,0,1,0,0,0,0,0,0,0,0,0,0,0,0,0,0,0,0,0,0,0,0,0,0,0,0,0,0,0,0,0,0,0,0,0,0,0,0,0,0,0,0,0,0,0,0,0,0,0,0,0,0,0,0,0,0,0,0,0,0,0,0,0,0,0,0,0,0,0,0,0,0,0,0,0,0,0,0,0,0,0,0,0,0,0,0,0,0,0,0,0,0,0,0,0,0,0,0,0,0,0,0,0,0,0,0,0,0,0,0,0,0,0,0,0,0,0
Elec_elec,1,0,1,1,1,1,1,1,1,1,0,0,0,0,1,1,1,0,0,1,0,1,1,1,0,1,2,3,1,0,1,1,0,1,1,1,1,0,1,1,1,2,1,1,3,0,2,1,1,1,2,1,0,1,1,0,2,1,2,0,2,1,2,0,0,2,3,1,2,0,1,0,0,0,2,0,0,0,3,0,0,0,0,0,0,1,0,0,1,2,0,1,0,1,0,1,1,1,1,0,0,1,0,2,1,2,0,1,1,1,1,1,2,1,0,0,1,0,0,0,0,1,0,1,1,1,2,1,2,1,1,0,0,1,1,0,0,0,0,1,1,1,0,0,1,0,1,0,0,0,0,0,1,0,0,0,0,1,1,0,0,1,1,1,0,0,0,1,1,0,0,0,0,0,1,0,1,0,0,0,0,0,1,1,1,1,1,0,0,1,0,1,1,0,0,0,0,0,0,1,3,2,1,0,1,0,1,0,1,0,2,1,1,1,1,1
Eleu_coqu,1,1,1,0,1,1,0,0,0,0,1,1,1,1,1,1,1,1,1,1,1,1,1,1,1,0,1,3,0,0,0,0,0,1,0,1,2,1,1,1,1,1,1,1,2,0,2,1,1,1,2,1,0,1,0,0,0,0,0,0,1,1,0,1,0,1,1,1,1,1,1,1,1,0,1,1,1,1,2,0,1,0,0,1,1,1,1,1,1,1,1,0,1,1,1,0,0,0,1,1,1,1,1,1,1,1,0,2,1,1,1,1,2,1,1,1,1,1,1,1,1,1,0,1,1,2,1,1,1,1,1,1,0,1,0,1,1,1,0,1,2,1,0,0,1,1,2,1,1,0,1,1,1,1,0,2,2,1,1,1,1,1,1,1,0,1,1,1,1,1,1,0,0,1,0,0,1,2,0,0,1,2,1,1,1,1,1,0,0,0,0,1,1,1,0,0,0,1,1,1,0,0,1,1,0,0,0,1,1,1,1,1,1,1,1,0
Elys_chlo,1,0,1,0,1,0,0,0,0,0,0,0,0,0,0,0,0,0,0,0,0,0,0,0,0,0,0,0,0,0,0,0,0,1,0,0,0,0,0,1,0,0,0,0,0,0,0,0,0,0,1,1,0,0,0,0,0,0,0,0,0,0,0,0,0,0,0,0,0,0,0,0,0,0,0,0,0,0,0,0,0,0,0,0,0,0,0,0,0,0,1,0,0,0,0,0,0,0,0,0,0,0,0,0,0,0,0,0,0,0,0,0,1,1,0,0,0,0,0,0,0,0,0,0,1,0,0,0,0,0,0,0,0,0,0,0,0,0,0,0,0,0,0,0,0,0,0,0,0,0,0,0,0,0,0,0,0,0,0,0,0,0,0,0,0,0,0,0,0,0,0,0,0,0,0,0,0,0,0,0,0,0,0,0,0,0,0,0,0,0,0,1,1,0,0,0,0,0,0,0,0,0,0,0,0,0,0,0,0,0,0,0,0,0,0,0
Embe_fuca,0,0,0,0,0,0,0,0,0,0,1,1,1,1,1,1,1,1,1,1,1,1,1,1,1,2,1,0,1,1,1,1,1,0,0,1,1,1,1,1,1,0,0,1,0,0,1,0,0,1,0,1,0,0,0,0,0,0,0,0,0,1,1,1,1,0,0,1,0,1,0,0,1,1,0,0,1,1,0,0,1,1,1,1,1,1,1,1,1,1,1,1,1,1,1,0,0,0,1,1,1,1,1,0,0,0,0,0,0,0,0,0,0,0,1,1,1,1,1,1,1,1,0,0,0,0,0,0,0,0,0,1,1,1,1,1,1,1,1,1,1,1,1,1,1,1,1,1,1,0,0,1,0,1,1,0,0,0,0,0,0,0,0,1,0,1,1,0,1,1,1,1,1,1,1,0,0,0,0,1,1,2,0,0,0,0,0,1,1,1,1,1,1,0,1,2,1,1,1,1,0,1,1,0,0,1,0,0,0,0,0,1,1,0,0,0
Enhy_lutr,1,1,1,1,1,1,1,1,1,1,1,1,1,1,1,1,1,1,1,1,1,1,1,1,1,1,1,5,0,1,1,0,1,1,1,1,1,1,0,1,0,3,2,2,3,3,2,4,2,3,2,2,3,3,3,3,1,1,2,0,2,1,1,1,2,2,2,1,1,1,1,1,1,2,2,2,1,1,2,1,1,1,1,1,1,1,1,1,1,1,1,1,1,1,1,1,1,1,1,1,1,1,1,3,2,3,3,3,4,2,3,2,2,2,1,1,1,1,1,1,1,1,1,2,3,1,1,2,2,2,2,1,1,1,1,1,1,1,1,1,1,1,1,1,1,1,1,1,1,2,2,2,2,2,1,1,1,2,2,2,1,3,2,1,1,1,1,1,1,1,1,1,1,1,1,3,3,3,3,1,2,3,1,1,1,1,1,1,1,1,1,1,1,1,1,1,1,1,1,1,2,1,1,1,1,1,2,1,1,1,2,1,1,1,2,1
Ense_vent,0,0,0,0,0,0,0,0,0,0,0,0,0,0,0,0,0,0,0,0,0,0,0,0,0,0,0,0,0,0,0,0,0,0,0,0,0,0,0,0,0,0,0,0,0,0,0,0,0,0,0,0,0,0,0,0,0,0,0,0,0,0,0,0,0,0,0,0,0,0,0,0,0,0,0,0,0,0,0,0,0,0,0,0,0,0,0,0,0,0,0,0,0,0,0,1,1,1,0,0,1,0,0,0,0,0,0,0,0,0,0,0,0,0,0,0,0,0,0,0,0,0,0,0,0,0,0,0,0,0,0,0,0,0,0,0,0,0,0,0,0,0,0,0,0,0,0,0,0,0,0,0,0,0,0,0,0,0,0,0,0,0,0,0,0,0,0,0,0,0,0,0,0,0,0,0,0,0,0,0,0,0,0,0,0,0,0,0,0,0,0,0,0,0,0,0,0,0,0,0,0,0,0,0,0,0,0,0,0,0,0,0,0,0,0,0
Ente_verm,0,0,0,0,0,0,0,0,0,0,0,0,0,0,0,0,0,0,0,0,0,0,0,0,0,0,0,0,0,0,0,0,0,0,0,0,0,0,0,1,0,0,0,0,0,0,0,0,0,0,0,0,0,0,0,0,0,0,0,0,0,0,0,0,0,0,0,0,0,0,0,0,0,0,0,0,0,0,0,0,0,0,0,0,0,0,0,0,0,0,0,0,0,0,0,0,0,0,0,0,0,0,0,0,0,0,0,0,0,0,0,0,0,0,0,0,0,0,0,0,0,0,0,0,0,0,0,0,0,0,0,0,0,0,0,0,0,0,0,0,0,0,0,0,0,0,0,0,0,0,0,0,0,0,0,0,0,0,0,0,0,0,0,0,0,0,0,0,0,0,0,0,0,0,0,0,0,0,0,0,0,0,0,0,0,0,0,0,0,0,0,0,0,0,0,0,0,0,0,0,0,0,0,0,0,0,0,0,0,0,0,0,0,0,0,0
Eolo_rose,1,0,1,0,0,0,0,0,0,0,1,1,1,1,1,1,1,1,1,1,1,1,1,1,1,0,0,2,1,1,0,1,1,1,0,1,1,1,1,1,1,0,0,0,0,0,0,0,0,0,0,0,0,0,0,0,0,0,0,0,0,0,0,1,1,1,1,1,1,2,1,1,1,1,1,1,1,1,0,0,1,1,1,1,1,1,1,1,1,0,1,1,1,1,1,0,0,0,1,1,0,1,1,0,2,0,0,0,0,0,1,0,0,0,1,1,1,1,1,1,1,1,0,1,0,0,0,0,0,0,0,1,1,1,1,1,1,1,1,1,1,1,1,1,1,1,1,1,1,1,0,1,0,0,0,0,0,0,0,0,1,0,0,0,0,1,0,1,0,1,1,1,1,1,1,0,0,0,0,1,2,0,1,1,1,1,1,1,1,1,1,1,1,0,1,2,1,1,0,0,0,0,0,0,1,1,0,0,0,0,0,0,1,1,1,1
Epta_burg,0,0,0,0,1,0,0,1,1,1,0,0,0,1,0,0,0,0,0,0,0,0,0,0,0,0,1,0,0,0,0,0,0,1,0,0,0,0,0,1,0,2,0,1,0,0,0,2,0,2,1,2,0,0,0,0,0,0,0,0,1,1,0,0,0,1,0,0,0,0,0,0,0,0,1,0,0,0,0,0,0,0,0,0,0,0,0,0,0,0,0,0,0,0,0,1,1,1,0,0,1,0,0,2,0,0,0,0,2,0,2,1,1,2,0,0,0,1,0,0,0,0,0,1,0,0,0,0,1,0,0,0,0,0,0,0,0,0,1,0,0,0,0,0,0,0,0,0,0,1,0,0,0,0,0,0,1,0,0,1,0,1,1,0,0,0,0,0,0,0,0,0,0,0,0,0,1,1,0,0,0,0,0,0,1,0,1,0,0,0,0,0,0,1,0,0,0,0,0,0,1,0,0,0,0,0,1,0,0,0,0,0,0,0,0,0
Equu_asin,1,1,1,1,1,1,1,1,1,1,1,0,0,1,1,1,1,1,1,1,1,1,1,1,1,1,1,7,1,1,1,1,1,1,1,1,1,1,1,1,1,2,2,2,2,3,2,2,2,3,3,1,3,3,1,3,1,1,2,0,1,1,1,1,1,0,2,1,1,1,1,1,1,1,0,2,1,1,1,1,1,1,1,1,1,1,1,1,1,1,1,1,1,1,1,0,0,0,0,1,0,0,1,2,2,2,2,2,2,2,2,2,3,1,1,1,1,1,1,1,1,1,1,2,3,1,1,2,1,1,2,1,1,1,1,1,1,1,1,1,1,1,1,1,1,1,1,1,1,2,2,0,2,1,1,1,1,2,2,2,1,1,1,1,3,1,1,1,0,1,1,1,1,1,1,3,3,2,3,1,2,3,1,1,1,1,1,1,1,1,1,1,2,2,1,1,1,1,1,1,1,1,1,1,1,1,2,1,1,1,1,1,1,1,1,1
Equu_caba,1,1,1,1,1,1,1,1,0,1,1,1,1,1,1,1,1,1,1,1,1,1,1,1,1,1,2,3,1,1,1,1,1,0,0,1,1,1,1,1,1,1,1,1,1,2,1,1,1,2,2,1,2,2,2,2,1,1,2,1,3,1,1,1,1,1,1,1,1,1,1,1,1,1,1,1,1,1,1,0,1,1,1,1,1,1,1,1,1,1,1,1,1,1,1,1,1,1,1,1,1,1,1,1,1,1,1,1,1,1,1,1,2,1,1,0,1,1,1,1,1,0,0,2,3,1,1,2,3,2,2,1,1,1,1,1,1,1,1,1,1,1,1,1,1,1,1,1,1,1,1,1,2,1,1,1,1,2,2,2,1,2,1,1,1,1,1,1,1,1,1,1,1,1,1,2,2,2,2,2,1,3,1,1,1,1,1,1,1,1,1,0,0,0,1,1,1,1,1,1,3,1,1,1,1,1,1,1,1,1,2,1,1,1,1,1
Erag_curv,0,0,0,0,0,0,0,0,0,0,0,0,0,0,0,0,0,0,0,0,0,0,0,0,0,0,0,0,0,0,0,0,0,0,0,0,0,0,0,0,0,0,0,0,0,0,0,0,0,0,0,0,0,0,0,0,0,0,0,0,0,0,0,0,0,0,0,0,0,0,0,0,0,0,0,0,0,0,0,0,0,0,0,0,0,0,0,0,0,0,0,0,0,0,0,1,1,1,0,0,1,0,0,0,0,0,0,0,0,0,0,0,0,0,0,0,0,0,0,0,0,0,0,0,0,0,0,0,0,0,0,0,0,0,0,0,0,0,0,0,0,0,0,0,0,0,0,0,0,0,0,0,0,0,0,0,0,0,0,0,0,0,0,0,0,0,0,0,0,0,0,0,0,0,0,0,0,0,0,0,0,0,0,0,0,0,0,0,0,0,0,0,0,0,0,0,0,0,0,0,0,0,0,0,0,0,0,0,0,0,0,0,0,0,0,0
Erin_euro,1,1,1,1,1,1,1,1,1,1,1,1,1,1,1,1,1,1,1,1,1,1,1,1,1,1,1,3,1,1,1,1,1,1,1,0,2,2,1,1,1,1,1,1,1,2,1,1,1,1,1,2,1,2,2,1,2,1,2,0,1,1,2,1,1,1,1,1,1,1,1,1,1,1,1,1,0,1,0,0,1,1,1,1,1,1,1,1,1,0,1,1,1,1,1,1,1,1,1,1,1,1,1,1,1,1,1,1,1,1,1,1,1,2,1,1,1,1,1,1,1,1,1,2,2,1,1,2,1,0,1,2,1,1,1,2,1,1,1,1,1,2,1,1,1,1,2,1,1,2,1,1,1,2,1,2,2,2,2,2,1,2,1,1,1,1,1,1,1,1,1,1,1,1,1,0,1,1,1,1,1,3,1,1,1,1,1,1,1,1,1,1,1,1,1,1,2,1,1,1,1,1,1,2,1,2,2,1,1,1,2,1,1,1,1,1
Erit_rube,1,0,1,1,0,1,1,1,1,1,1,1,1,1,1,1,1,1,1,1,1,1,1,1,1,1,0,0,1,1,1,1,1,1,0,1,1,1,1,1,1,0,0,1,0,0,1,0,0,1,0,1,0,0,0,0,0,0,1,0,0,1,1,1,1,0,0,1,0,2,1,1,1,1,0,0,1,1,0,0,1,1,1,1,1,1,1,1,1,1,1,1,1,1,1,1,1,1,1,1,1,1,1,0,0,0,0,0,0,0,0,1,0,0,1,1,1,1,1,1,1,1,0,0,1,0,0,0,0,0,0,1,1,1,1,1,1,1,1,1,1,1,1,1,1,1,1,1,1,0,0,1,0,0,0,0,1,0,0,0,0,0,0,0,1,2,1,0,1,1,1,1,1,1,1,0,0,0,0,1,1,3,1,1,0,1,0,1,1,1,1,1,1,0,1,2,1,1,1,1,0,1,1,1,1,2,1,1,1,1,1,1,1,1,1,1
Erpe_cala,0,0,0,1,1,1,1,1,1,1,1,1,1,0,1,1,2,1,1,1,0,1,1,0,1,1,1,3,1,0,1,1,0,1,0,1,2,0,1,1,1,2,3,2,2,1,1,1,1,1,2,2,1,1,0,0,2,2,2,0,2,1,2,0,0,1,1,1,4,0,1,0,1,0,1,1,1,1,2,0,0,1,0,1,1,1,1,1,1,1,0,1,1,1,1,2,2,2,1,1,2,1,0,2,1,2,1,1,1,1,1,2,2,2,1,1,0,1,0,1,1,0,0,0,0,2,2,2,2,1,1,1,1,0,1,0,0,1,1,1,1,1,0,1,1,2,1,1,1,2,2,1,1,1,0,2,2,1,1,0,1,1,0,0,4,1,0,0,1,0,1,1,0,0,0,1,2,0,0,1,1,2,1,1,1,1,1,0,1,0,0,1,1,0,1,0,0,1,1,1,2,1,1,1,0,1,1,2,2,1,0,1,1,1,1,1
Erpo_zant,1,0,1,0,0,0,0,0,0,0,1,1,1,1,1,1,0,1,1,1,1,1,1,1,1,0,1,0,1,1,1,1,1,1,0,1,1,1,1,0,1,0,0,1,0,1,0,0,1,0,0,0,0,0,0,0,1,0,0,0,0,0,0,0,0,0,1,1,1,1,1,0,0,0,1,1,1,1,0,0,1,1,1,1,1,1,1,1,1,0,1,0,0,0,0,0,0,0,0,0,0,0,0,0,0,0,1,1,1,1,0,1,0,0,1,1,1,1,1,1,1,1,0,1,1,1,1,1,0,1,1,1,1,1,1,1,1,1,1,1,1,0,1,1,1,1,1,1,1,0,1,0,0,0,0,0,0,0,0,0,1,0,0,1,0,0,1,0,1,1,1,1,1,1,1,0,0,0,0,1,1,0,1,1,0,1,1,1,0,1,1,1,1,0,1,2,1,0,0,0,0,0,0,1,1,1,0,1,1,1,0,1,1,0,0,0
Eryt_mcca,1,0,1,1,1,1,1,1,1,1,1,1,1,0,0,0,0,0,0,0,0,0,0,0,0,0,0,0,1,1,1,1,1,0,0,0,1,0,1,1,1,0,0,0,0,0,0,0,0,0,0,0,0,0,0,0,1,1,0,0,0,1,1,1,1,0,0,0,0,2,0,0,1,1,0,0,0,0,0,0,0,0,0,0,0,0,0,0,0,0,0,1,1,1,1,1,1,1,1,1,1,1,1,0,0,0,0,0,0,0,0,0,0,0,1,1,1,1,1,1,1,1,0,1,1,1,1,1,0,0,1,1,2,1,1,1,1,1,1,1,1,1,1,1,1,1,1,1,1,1,0,1,0,1,2,0,0,0,0,0,0,0,0,0,1,2,1,1,1,1,1,1,1,1,1,0,0,0,0,1,1,0,1,1,1,1,1,1,1,1,1,1,1,0,1,2,0,1,1,1,0,1,1,1,1,1,1,1,2,1,1,1,0,1,1,1
Esch_robu,1,1,1,0,0,0,0,1,1,1,1,0,0,0,0,0,0,1,0,1,0,0,0,0,1,0,0,0,1,1,1,1,1,1,0,0,0,0,1,0,1,0,0,0,0,0,1,0,0,0,0,0,0,0,1,0,0,0,1,0,0,0,0,0,0,0,0,1,0,1,1,1,0,0,0,0,0,0,0,0,0,0,0,0,0,0,0,0,0,0,0,0,0,0,0,1,0,0,0,0,0,0,0,0,0,0,0,1,0,0,0,0,0,0,0,0,0,0,0,0,0,0,1,1,3,0,1,1,0,0,1,0,1,0,0,0,0,0,1,0,1,1,0,0,0,2,1,0,0,1,0,0,1,0,0,2,1,0,0,0,0,0,0,0,1,0,0,0,0,0,0,0,0,0,0,0,0,0,0,0,0,1,1,1,1,1,1,1,0,1,0,1,1,1,0,1,0,1,0,0,0,0,0,1,0,0,0,1,0,0,0,0,0,1,1,1
Esox_luci,1,0,1,1,0,1,1,1,1,1,0,1,0,1,1,1,2,0,0,1,1,1,1,0,0,2,2,3,1,0,1,1,1,1,1,1,0,1,1,1,1,3,2,1,3,1,1,1,1,1,1,1,0,0,0,0,1,2,1,0,2,1,1,0,0,2,3,1,2,0,1,0,0,0,2,2,0,0,3,0,0,1,0,0,0,0,0,1,1,2,1,1,1,1,1,1,1,1,1,0,0,1,0,3,2,3,2,1,1,1,1,1,1,1,2,1,2,1,1,1,1,1,0,1,0,2,2,1,2,1,1,0,0,1,2,0,1,1,1,1,0,1,1,1,1,0,1,1,1,0,0,1,0,0,0,2,1,1,1,1,0,1,2,1,2,0,0,0,1,0,2,0,0,1,0,0,0,2,0,0,0,0,1,1,1,1,1,0,1,0,0,1,1,0,1,0,0,1,1,1,3,2,2,1,0,0,1,1,1,2,1,1,0,1,1,1
Ethe_spec,0,0,0,1,0,1,0,1,0,1,0,0,0,0,0,0,1,1,0,0,0,0,1,0,1,0,2,3,0,0,0,0,0,0,0,1,0,1,0,1,0,2,3,1,2,0,1,1,0,1,1,2,1,0,1,0,1,2,1,0,0,1,1,0,0,0,1,1,2,1,1,0,0,0,0,1,0,0,2,0,1,1,0,1,0,1,0,0,0,1,1,0,0,0,0,0,1,0,0,0,0,0,0,2,3,3,0,1,1,0,1,1,1,2,0,0,0,0,0,1,0,1,0,0,0,1,1,1,0,1,1,0,0,1,0,0,0,1,0,1,0,0,0,0,0,0,0,0,0,0,0,2,0,1,0,2,1,0,0,0,0,2,1,1,2,0,0,1,0,0,0,1,1,1,0,1,0,1,0,0,0,0,0,0,0,0,0,0,0,0,0,0,0,1,0,1,0,0,1,1,1,0,1,0,0,0,0,0,0,0,0,0,0,1,1,1
Eubu_bour,1,0,1,0,0,0,0,0,0,0,1,1,1,1,1,1,1,1,1,1,1,1,1,1,1,0,0,2,1,1,1,1,1,1,0,0,0,0,1,1,1,0,2,0,0,1,0,0,1,1,1,1,0,0,0,0,1,1,1,0,1,1,1,1,1,1,1,1,1,0,1,1,1,1,1,1,0,1,0,0,1,1,2,1,1,1,0,1,1,0,1,1,1,1,1,0,0,1,1,1,1,1,1,0,2,0,1,1,0,0,1,1,1,1,1,1,1,1,1,1,1,1,0,0,0,1,1,1,1,1,1,1,1,1,1,1,1,1,1,1,1,1,1,1,1,1,1,1,1,1,0,1,0,0,1,0,0,0,0,0,1,1,0,1,0,1,1,0,1,1,1,0,0,1,0,0,0,1,0,2,1,0,1,1,1,1,1,1,1,1,1,1,1,0,1,2,1,1,1,1,1,1,1,0,1,0,0,0,0,0,1,1,1,0,0,0
Euca_gran,0,0,0,0,0,0,0,0,0,0,0,0,0,0,0,0,0,0,0,0,0,0,0,0,0,0,0,0,0,0,0,0,0,0,0,0,0,0,0,0,0,0,0,0,0,0,0,0,0,0,0,0,0,0,0,0,0,0,0,0,0,0,0,0,0,0,0,0,0,0,0,0,0,0,0,0,0,0,0,0,0,0,0,0,0,0,0,0,0,0,0,0,0,0,0,0,1,1,0,0,0,0,0,0,0,0,0,0,0,0,0,0,0,0,0,0,0,0,0,0,0,0,0,0,0,0,0,0,0,0,0,0,0,0,0,0,0,0,0,0,0,0,0,0,0,0,0,0,0,0,0,0,0,0,0,0,0,0,0,0,0,0,0,0,0,0,0,0,0,0,0,0,0,0,0,0,0,0,0,0,0,0,0,0,0,0,0,0,0,0,0,0,0,0,0,0,0,0,0,0,0,0,0,0,0,0,0,0,0,0,0,0,0,0,0,0
Eudr_eleg,1,0,1,1,0,1,1,1,1,1,1,1,1,1,1,1,1,1,1,1,1,1,1,1,1,1,0,0,1,1,1,1,1,1,0,1,1,1,1,1,1,0,0,0,0,1,0,1,1,0,0,0,1,0,0,1,1,1,1,0,0,1,2,1,1,0,0,0,2,1,0,0,1,1,0,0,1,1,0,0,1,1,2,1,1,1,1,1,1,1,1,1,1,1,1,1,1,1,1,1,1,1,1,0,0,0,1,0,0,1,0,0,0,0,1,1,1,1,1,1,1,1,0,1,0,2,1,1,0,1,1,1,2,1,1,1,1,1,2,1,1,1,1,0,1,1,1,1,1,1,1,1,1,1,2,1,2,1,1,0,0,0,1,1,1,2,0,0,1,1,1,1,1,1,1,1,1,0,1,1,1,0,1,1,1,1,1,1,0,1,1,0,0,0,1,2,0,1,1,1,0,1,1,1,2,1,1,1,1,1,0,1,1,1,1,0
Eudy_chry,1,0,1,1,0,1,1,1,1,1,1,1,1,1,1,1,1,1,1,1,1,1,1,1,1,0,0,2,1,1,1,1,1,1,0,0,0,0,1,0,1,0,0,0,0,1,0,1,1,0,0,0,0,0,0,0,0,0,1,0,0,1,0,1,1,1,1,1,1,1,1,1,1,1,1,1,1,1,0,0,1,1,1,1,1,1,1,1,1,1,1,1,1,1,1,1,1,1,1,1,1,1,1,0,0,0,1,0,1,1,1,0,0,0,1,1,1,1,1,1,1,1,0,0,0,0,0,0,0,0,0,1,1,1,1,1,1,1,1,1,1,1,1,1,1,1,1,1,1,1,0,1,0,0,0,0,0,0,0,0,0,0,0,1,1,2,1,1,1,1,1,1,1,1,1,0,0,0,0,1,1,0,1,1,1,1,1,1,1,1,1,1,1,0,1,2,1,1,1,1,0,1,1,0,1,0,0,0,0,0,1,1,1,0,0,0
Eudy_mino,0,0,0,1,0,1,1,1,1,1,1,1,1,1,1,1,0,1,1,1,1,1,1,1,1,1,0,0,1,1,1,1,1,0,0,1,1,1,0,0,0,0,0,0,0,1,0,1,1,0,1,0,0,0,0,0,0,0,1,0,0,1,0,1,1,0,0,1,0,1,1,1,1,1,0,0,1,1,0,0,1,1,2,1,1,1,1,1,1,1,1,1,1,1,1,1,1,1,1,1,1,1,1,0,0,0,1,0,1,1,0,0,1,0,1,1,1,1,1,1,1,1,0,0,0,0,0,0,0,0,0,1,1,1,1,1,1,1,1,1,1,0,1,0,1,1,1,1,1,1,0,0,0,0,0,0,0,0,0,0,1,0,0,1,1,1,1,0,1,1,1,1,1,0,1,0,0,0,0,1,1,0,1,1,1,1,1,1,1,1,1,0,0,0,1,2,1,1,1,1,0,1,1,0,1,0,0,0,0,0,0,1,1,0,0,0
Eufr_mexi,0,0,0,0,0,0,0,0,0,0,0,0,0,0,0,0,0,0,0,0,0,0,0,0,0,0,0,0,0,0,0,0,0,0,0,0,0,0,0,0,0,0,0,0,0,0,0,0,0,0,0,0,0,0,0,0,0,0,0,0,0,0,0,0,0,0,0,0,0,0,0,0,0,0,0,0,0,0,0,0,0,0,0,0,0,0,0,0,0,0,0,0,0,0,0,0,0,0,0,0,0,0,0,0,0,0,0,0,0,0,0,0,0,0,0,0,0,0,0,0,0,0,0,1,0,0,0,0,0,0,0,0,0,0,0,0,0,0,0,0,0,0,0,0,0,0,0,0,0,0,0,0,0,0,0,0,0,0,0,0,0,0,0,0,0,0,0,0,0,0,0,0,0,0,0,0,0,0,0,0,0,0,0,0,0,0,0,0,0,0,0,0,0,0,0,0,0,0,0,0,0,0,0,0,0,0,0,0,0,0,0,0,0,0,0,0
Eula_nigr,1,0,1,1,1,1,1,1,1,1,1,1,1,1,1,1,1,1,1,1,1,1,1,1,1,1,0,0,1,1,1,1,1,0,0,1,1,1,0,0,0,0,0,1,0,0,1,0,0,0,0,0,0,0,0,0,1,1,0,0,1,1,1,1,1,0,0,0,2,1,0,0,1,1,0,0,1,1,0,0,1,1,1,1,1,1,1,1,1,0,1,1,1,1,1,1,1,1,1,1,1,1,1,0,0,0,0,1,1,0,1,1,0,0,1,1,1,1,1,1,1,1,0,1,0,1,1,1,1,1,1,1,1,1,1,1,1,1,1,1,1,1,1,1,1,1,1,1,1,0,0,1,0,0,1,0,1,0,0,0,1,0,0,1,0,2,1,0,1,1,1,1,1,1,1,0,0,0,0,1,1,2,1,1,1,1,0,1,1,1,1,0,0,0,1,2,1,1,1,1,1,1,1,1,1,1,1,1,1,1,1,1,1,0,0,0
Eury_gula,1,0,1,1,1,1,1,1,1,1,1,1,1,1,1,1,1,1,1,1,1,1,1,1,1,0,0,2,1,1,1,1,1,1,0,1,1,1,0,0,0,0,0,0,0,1,0,1,1,0,0,0,0,0,0,0,1,1,0,0,0,0,0,0,1,0,1,0,0,1,0,0,0,1,0,1,1,1,0,0,1,1,1,1,1,1,1,1,1,1,1,1,1,1,1,1,1,1,1,1,1,1,1,0,0,0,1,1,0,1,1,0,0,0,1,1,1,1,1,1,1,1,1,0,1,1,1,1,0,1,1,1,1,1,1,1,1,1,1,1,1,0,1,1,1,1,0,1,1,0,1,0,0,0,0,0,0,0,0,1,1,0,0,1,0,0,1,0,1,1,1,1,1,0,1,0,0,0,0,1,1,0,1,1,1,1,1,1,1,1,1,0,0,0,1,2,1,0,0,0,0,0,0,0,1,1,0,0,0,0,0,1,1,0,0,0
Eury_heli,1,0,1,0,0,1,1,1,1,1,0,0,0,0,1,0,0,1,0,0,0,0,0,0,0,0,0,2,1,1,0,1,1,0,0,0,0,0,1,0,1,0,2,0,0,0,0,0,0,0,1,0,0,0,0,0,0,0,1,0,0,1,1,1,1,0,1,0,1,0,0,0,1,1,0,1,1,1,0,0,0,0,1,1,0,0,1,1,1,0,1,1,1,1,1,1,1,1,1,1,1,1,1,0,2,0,0,0,0,0,0,0,1,0,0,0,0,0,0,0,0,0,0,0,1,0,0,0,0,0,0,1,0,0,0,0,0,0,0,1,1,0,1,1,1,1,0,1,1,1,1,0,1,1,2,1,0,1,1,0,1,0,1,1,0,0,1,1,0,0,0,1,1,0,1,0,0,0,0,0,0,0,1,1,0,1,0,0,1,0,1,0,0,0,0,1,1,1,1,1,0,1,1,1,0,0,0,1,0,1,1,1,1,1,1,1
Falc_fron,1,0,1,1,0,1,1,1,1,1,1,1,1,0,1,0,0,1,0,0,0,0,0,0,0,1,0,0,1,1,0,1,1,1,0,1,1,1,0,0,0,0,0,0,0,0,0,0,0,0,0,0,1,1,0,1,1,1,0,0,1,0,0,1,1,0,0,1,1,1,1,1,1,1,0,0,1,1,0,0,1,1,0,1,1,1,1,1,1,1,1,1,1,1,1,1,1,1,1,1,1,1,1,0,0,0,0,0,0,0,0,0,0,0,1,1,1,1,1,1,1,1,0,0,0,1,1,1,1,1,1,1,2,1,1,1,2,1,1,1,1,0,1,1,1,1,1,1,1,1,1,0,1,1,2,1,1,1,1,0,1,0,1,1,0,1,1,1,0,0,0,1,1,1,1,1,1,0,1,0,0,0,0,0,0,0,0,1,1,1,1,1,1,0,1,2,3,1,1,1,1,1,1,1,1,2,1,1,1,1,0,1,1,0,0,0
Falc_tinn,1,0,1,1,1,1,1,1,1,1,1,0,0,1,1,1,1,1,1,1,1,1,1,1,1,0,0,2,1,1,1,1,1,1,1,1,1,1,1,1,1,1,0,1,1,1,0,2,1,1,1,1,1,1,0,1,1,1,0,0,2,0,0,1,1,1,1,1,2,2,1,1,1,1,1,1,1,1,1,1,1,1,1,1,1,1,1,1,1,1,1,1,1,1,1,1,1,1,1,1,1,1,1,1,0,1,1,0,2,1,1,1,1,1,1,1,1,1,1,1,1,1,0,1,4,1,1,1,1,1,1,1,1,1,0,1,1,1,1,1,1,1,1,0,1,1,1,1,1,2,2,2,1,1,2,3,2,1,1,0,3,2,2,2,1,1,1,1,1,1,1,1,1,1,1,1,1,1,1,1,1,3,1,1,1,1,1,1,1,1,1,1,1,0,1,2,1,1,1,1,1,1,1,1,1,2,1,1,1,1,2,1,1,1,1,1
Fasc_busk,0,0,0,0,0,0,0,0,0,0,0,0,0,0,0,0,0,0,0,0,0,0,0,0,0,0,0,0,0,0,0,0,0,0,0,0,0,0,0,1,0,0,0,0,0,0,0,0,0,0,0,0,0,0,0,0,0,0,0,0,0,0,0,0,0,0,0,0,0,0,0,0,0,0,0,0,0,0,0,0,0,0,0,0,0,0,0,0,0,0,0,0,0,0,0,0,0,0,0,0,0,0,0,0,0,0,0,0,0,0,0,0,0,0,0,0,0,0,0,0,0,0,0,0,0,0,0,0,0,0,0,0,0,0,0,0,0,0,0,0,0,0,0,0,0,0,0,0,0,0,0,0,0,0,0,0,0,0,0,0,0,0,0,0,0,0,0,0,0,0,0,0,0,0,0,0,0,0,0,0,0,0,0,0,0,0,0,0,0,0,0,0,0,0,0,0,0,0,0,0,0,0,0,0,0,0,0,0,0,0,0,0,0,0,0,0
Fasc_giga,0,0,0,0,0,0,0,0,0,0,0,0,0,0,0,0,0,0,0,0,0,0,0,0,0,0,0,0,0,0,0,0,0,0,0,0,0,0,0,1,0,0,0,0,0,0,0,0,0,0,0,0,0,0,0,0,0,0,0,0,0,0,0,0,0,0,0,0,0,0,0,0,0,0,0,0,0,0,0,0,0,0,0,0,0,0,0,0,0,0,0,0,0,0,0,0,0,0,0,0,0,0,0,0,0,0,0,0,0,0,0,0,0,0,0,0,0,0,0,0,0,0,0,0,0,0,0,0,0,0,0,0,0,0,0,0,0,0,0,0,0,0,0,0,0,0,0,0,0,0,0,0,0,0,0,0,0,0,0,0,0,0,0,0,0,0,0,0,0,0,0,0,0,0,0,0,0,0,0,0,0,0,0,0,0,0,0,0,0,0,0,0,0,0,0,0,0,0,0,0,0,0,0,0,0,0,0,0,0,0,0,0,0,0,0,0
Fasc_hepa,0,0,0,0,0,0,0,0,0,0,0,0,0,0,0,0,0,0,0,0,0,0,0,0,0,0,0,0,0,0,0,0,0,0,0,0,0,0,0,1,0,0,0,0,0,0,0,0,0,0,0,0,0,0,0,0,0,0,0,0,0,0,0,0,0,0,0,0,0,0,0,0,0,0,0,0,0,0,0,0,0,0,0,0,0,0,0,0,0,0,0,0,0,0,0,1,0,0,0,0,0,0,0,0,0,0,0,0,0,0,0,0,0,0,0,0,0,0,0,0,0,0,0,0,0,0,0,0,0,0,0,0,0,0,0,0,0,0,0,0,0,0,0,0,0,0,0,0,0,0,0,0,0,0,0,0,0,0,0,0,0,0,0,0,0,0,0,0,0,0,0,0,0,0,0,0,0,0,0,0,0,0,0,0,0,0,0,0,0,0,0,0,0,0,0,0,0,0,0,0,0,0,0,0,0,0,0,0,0,0,0,0,0,0,0,0
Feli_catu,0,0,0,1,1,1,1,1,1,1,0,0,0,1,1,1,1,1,1,1,1,1,1,1,1,0,1,3,1,1,1,1,1,1,1,0,1,1,1,1,1,1,1,2,1,2,1,1,1,2,1,1,3,3,2,3,1,1,2,0,2,1,1,1,1,1,1,1,1,1,1,1,1,1,1,1,1,1,2,1,1,1,1,1,1,1,1,1,1,1,1,1,1,1,1,1,1,1,1,1,1,1,1,1,1,1,2,2,1,1,1,1,1,1,1,1,1,1,1,1,1,1,1,2,3,1,1,2,2,1,2,1,1,1,1,1,1,1,1,1,1,1,1,1,1,1,1,1,1,2,2,1,2,2,1,1,1,2,2,2,1,2,1,1,1,1,1,1,1,1,1,1,1,1,1,3,3,2,3,1,2,3,1,1,1,1,1,1,1,1,1,1,1,1,1,1,1,1,1,1,3,1,1,1,1,1,2,1,1,1,1,1,1,1,1,1
Fibu_spXC,0,0,0,0,0,0,0,0,0,0,0,0,0,0,0,0,0,0,0,0,0,0,0,0,0,0,0,0,0,0,0,0,0,0,0,0,0,0,0,0,0,0,0,0,0,0,0,0,0,0,0,0,0,0,0,0,0,0,0,0,0,0,0,0,0,0,0,0,0,0,0,0,0,0,0,0,0,0,0,0,0,0,0,0,0,0,0,0,0,0,0,0,0,0,0,0,0,0,0,0,0,0,0,0,0,0,0,0,0,0,0,0,0,0,0,0,0,0,0,0,0,0,0,0,0,0,0,0,0,0,0,0,0,0,0,0,0,0,0,0,0,0,0,0,0,0,0,0,0,0,0,0,0,0,0,0,0,0,0,0,0,0,0,0,0,0,0,0,0,0,0,0,0,0,0,0,0,0,0,0,0,0,0,0,0,0,0,0,0,0,0,0,0,0,0,0,0,0,0,0,0,0,0,0,0,0,0,0,0,0,0,0,0,1,0,0
Fice_albi,0,0,0,1,1,1,1,0,0,0,1,1,1,1,1,1,1,1,1,1,1,1,1,1,1,1,1,0,1,1,1,1,1,1,1,1,1,1,1,0,1,0,0,1,0,0,1,0,1,0,0,0,1,1,0,0,1,0,1,0,1,0,1,1,1,1,1,0,0,0,1,0,1,1,1,1,1,1,0,0,1,1,1,1,1,1,1,1,1,0,1,1,1,1,1,1,1,1,1,1,1,1,1,0,0,0,1,0,0,0,1,1,0,1,1,1,1,1,1,1,1,1,0,0,1,1,1,1,1,1,1,1,1,1,1,1,1,1,1,1,1,0,1,1,1,1,1,1,1,1,2,0,1,2,2,3,2,2,2,1,2,1,1,2,1,2,1,1,1,1,1,1,1,0,1,1,1,0,1,1,1,1,0,1,1,0,1,1,1,1,1,1,1,0,1,2,3,1,1,1,0,1,1,1,1,1,1,1,1,1,0,1,1,1,1,1
Fols_cand,0,0,0,0,0,0,0,0,0,0,0,0,0,0,0,0,0,0,0,0,0,0,0,0,0,0,0,0,0,0,0,0,0,0,0,0,0,0,0,1,0,0,0,0,0,0,0,0,0,1,0,0,0,0,0,0,0,0,0,0,0,0,0,0,0,0,0,0,0,0,0,0,0,0,0,0,0,0,0,0,0,0,0,0,0,0,0,0,0,0,0,0,0,0,0,0,0,0,0,0,0,0,0,0,0,0,0,0,0,0,1,0,0,0,0,0,0,0,0,0,0,0,0,1,0,0,0,0,0,0,0,0,0,0,0,0,0,0,0,0,0,0,0,0,0,0,0,0,0,0,0,0,0,0,0,0,0,0,0,0,0,0,0,0,0,0,0,0,0,0,0,0,0,0,0,0,0,0,0,0,0,0,0,0,0,0,0,0,0,0,0,0,0,0,0,0,0,0,0,0,0,0,0,0,0,0,0,0,0,0,0,0,0,0,0,0
Form_rufi,1,0,1,1,1,1,1,1,1,1,1,1,1,1,1,1,1,1,1,1,1,1,1,1,1,0,0,0,1,1,1,1,1,1,0,1,1,1,1,0,1,0,0,1,0,1,1,2,1,0,0,0,0,0,0,0,1,1,1,0,1,0,1,1,1,0,0,1,2,1,1,1,1,1,0,0,1,1,0,0,1,1,1,1,1,1,1,1,1,1,1,1,1,1,1,1,1,1,1,1,1,1,1,0,0,0,1,0,1,1,1,1,0,0,1,1,1,1,1,1,1,1,0,0,0,1,1,1,1,1,1,1,1,1,1,1,1,1,1,1,1,1,1,1,1,1,1,1,1,0,0,1,0,0,1,0,0,0,0,0,0,0,0,1,0,0,0,0,1,1,1,1,1,1,1,0,0,0,0,1,1,2,1,1,1,1,1,1,1,1,1,1,1,0,1,2,2,1,1,1,1,1,1,0,0,0,0,0,0,0,0,1,1,1,1,1
Fran_occi,0,0,0,0,0,0,0,0,0,0,0,0,0,0,0,0,0,0,0,0,0,0,0,0,0,0,0,0,0,0,0,0,0,1,0,0,0,0,0,1,0,0,1,0,0,0,0,0,0,1,0,0,0,0,0,0,0,0,0,0,0,0,0,0,0,2,0,0,0,0,0,0,0,0,2,0,0,0,0,0,0,0,0,0,0,0,0,0,0,0,0,0,0,0,0,0,0,0,0,0,0,0,0,0,1,0,0,0,0,0,1,0,0,0,0,0,0,0,0,0,0,0,0,0,0,0,0,0,0,0,0,0,0,0,0,0,0,0,0,0,0,0,0,0,0,0,0,0,0,0,0,0,0,0,0,0,0,0,0,0,0,0,0,0,0,0,0,0,0,0,0,0,0,0,0,0,0,0,0,0,0,0,1,0,0,0,0,0,0,0,0,0,1,0,0,0,0,0,0,0,0,0,0,0,0,0,0,0,0,0,0,0,0,0,0,0
Freg_gral,1,0,1,1,0,0,1,1,1,1,1,1,1,1,1,1,1,1,1,1,1,1,1,1,1,1,0,0,1,1,0,1,1,1,0,0,0,0,0,0,0,1,0,0,0,1,0,2,1,1,1,0,0,0,0,0,0,0,0,0,0,0,0,1,1,0,0,1,0,1,0,0,1,1,0,0,1,1,0,0,1,1,2,1,1,1,1,1,1,1,1,1,1,1,1,1,1,1,1,1,1,1,1,1,0,0,1,0,1,1,1,0,1,0,1,1,1,1,1,1,1,1,0,0,0,0,0,0,0,0,0,1,1,1,1,1,1,1,1,1,1,0,1,1,1,1,1,1,1,1,0,0,0,0,0,0,0,0,0,0,1,0,0,1,0,0,1,1,1,1,1,1,1,1,1,0,0,0,0,1,1,0,1,1,1,1,1,1,1,1,1,0,0,0,1,2,0,0,0,0,0,0,0,0,1,1,0,0,0,0,0,1,1,1,1,1
Freg_magn,1,0,1,0,0,0,0,0,0,0,0,0,0,0,1,0,0,1,0,1,0,0,0,1,0,0,0,0,1,1,1,1,1,1,0,1,1,1,0,0,0,0,3,1,0,1,2,2,1,0,3,1,0,0,0,0,0,0,0,0,0,0,0,0,0,1,1,1,4,1,1,1,0,0,1,1,1,1,0,0,1,1,1,1,1,1,1,1,1,0,0,0,0,0,0,0,0,0,0,0,0,0,0,0,3,0,1,2,1,1,0,1,2,1,1,1,1,1,1,1,1,1,0,1,0,0,0,0,0,0,0,1,1,1,1,1,1,1,1,1,1,0,1,1,1,1,1,1,1,1,0,0,0,0,0,0,0,0,0,0,1,0,0,1,0,0,1,1,1,1,1,1,1,0,1,0,0,0,0,1,1,2,1,1,1,1,1,1,1,1,1,1,1,0,1,2,1,0,0,0,0,0,0,0,1,0,0,0,0,0,1,1,1,1,1,1
Frie_vari,0,0,0,0,0,0,0,0,0,0,0,0,0,0,0,0,0,0,0,0,0,0,0,0,0,0,0,0,0,0,0,0,0,0,0,0,0,0,0,0,0,1,1,0,1,0,0,0,0,0,0,1,0,0,0,0,0,0,0,0,0,0,0,0,0,0,0,0,0,0,0,0,0,0,0,0,0,0,0,0,0,0,0,0,0,0,0,0,0,0,0,0,0,0,0,0,0,0,0,0,0,0,0,1,1,1,0,0,0,0,0,0,0,1,0,0,0,0,0,0,0,0,0,0,0,0,0,0,0,0,0,0,0,0,0,0,0,0,0,0,0,0,0,0,0,0,0,0,0,0,0,0,0,0,0,0,0,0,0,0,0,0,0,0,0,0,0,0,0,0,0,0,0,0,0,0,0,0,0,0,0,0,0,0,0,0,0,0,0,0,0,0,0,0,0,0,0,0,0,0,0,0,0,0,0,0,0,0,0,0,0,0,0,0,0,0
Fuko_dama,1,1,1,1,1,1,1,1,1,1,1,1,1,1,1,1,1,1,0,1,1,1,1,1,1,1,1,5,1,1,1,1,1,1,0,0,1,2,1,1,1,2,2,2,2,2,3,2,2,2,2,3,3,3,1,2,1,1,2,0,1,1,2,2,2,1,2,1,1,0,1,1,2,1,1,2,1,1,0,0,1,1,1,1,1,2,1,1,1,1,1,1,1,1,1,0,0,1,1,1,1,1,1,2,2,2,2,3,2,2,2,2,2,3,0,1,1,1,1,1,1,1,1,1,3,1,1,1,1,2,1,1,1,1,0,2,1,1,1,1,1,1,1,1,1,1,1,1,1,1,0,0,0,1,0,0,0,1,1,2,0,0,1,1,1,0,1,1,1,1,1,1,1,1,1,3,3,1,2,1,0,3,0,0,0,0,0,1,1,1,1,0,0,0,1,2,2,1,1,1,1,1,1,1,1,2,2,1,1,1,3,1,1,1,1,1
Fulm_glac,0,0,0,0,0,0,0,0,0,0,0,0,0,0,0,0,0,0,0,0,0,0,0,0,0,0,0,0,1,1,1,1,1,1,0,1,1,1,1,0,1,0,0,0,0,0,0,1,0,0,0,0,1,1,0,1,0,0,1,0,0,1,1,1,1,0,1,0,1,0,0,0,1,1,0,1,1,1,0,0,1,1,1,1,1,2,1,1,1,1,1,0,0,0,0,0,0,0,0,0,0,0,0,0,0,0,0,0,0,0,0,0,0,0,0,0,0,0,0,0,0,0,0,0,1,0,0,0,0,0,0,1,0,0,0,0,0,0,0,1,1,0,1,1,1,1,0,1,1,2,2,1,1,1,2,1,1,1,1,0,1,1,1,1,0,0,1,1,0,0,1,1,1,0,1,1,1,1,1,1,1,1,0,0,0,0,0,1,1,0,1,0,0,0,0,1,1,1,1,1,0,1,1,1,0,0,0,1,0,1,1,1,1,1,1,1
Furn_figu,1,0,1,1,1,1,1,1,1,1,1,1,1,1,1,1,1,1,1,1,1,1,1,1,1,1,0,0,1,1,1,1,1,1,0,0,0,0,1,1,1,0,0,1,0,0,1,0,0,0,0,1,0,0,0,0,0,0,0,0,0,0,0,1,1,0,0,1,1,1,1,1,1,1,0,0,1,1,0,0,1,1,1,1,1,1,1,1,1,0,1,1,1,1,1,1,1,1,1,1,1,1,1,0,0,0,0,1,1,1,1,1,0,0,1,1,1,1,1,1,1,1,0,0,1,0,0,0,0,0,0,1,1,1,1,1,1,1,1,1,1,0,1,1,1,1,1,1,1,0,0,0,0,0,1,0,0,0,0,0,2,0,0,1,0,1,1,0,1,1,1,1,1,1,1,0,0,0,0,1,1,0,1,1,1,1,1,1,1,1,1,1,1,0,1,2,1,0,0,0,0,0,0,1,1,1,1,1,1,1,0,1,1,1,1,1
Gadu_morh,1,0,1,1,1,1,1,1,1,1,0,0,0,0,0,1,1,0,0,0,1,0,1,0,0,2,3,2,0,0,1,0,0,1,0,1,0,1,0,1,0,3,1,1,2,1,1,2,0,2,1,2,1,0,1,0,1,2,1,0,2,1,0,0,0,2,1,1,2,0,0,0,0,0,2,1,0,0,2,0,1,1,0,0,0,0,1,0,0,2,0,1,1,1,0,1,1,1,0,0,0,1,0,3,1,2,0,1,1,0,1,1,1,2,1,0,0,0,0,0,0,0,0,0,0,3,2,1,2,1,1,0,0,0,2,0,0,1,1,1,0,1,1,1,1,0,0,1,1,0,0,2,2,1,0,2,1,0,1,1,0,2,1,1,2,0,0,0,0,0,0,0,0,1,0,1,0,2,0,1,0,0,1,1,1,1,1,0,0,1,0,1,1,0,1,0,0,0,1,0,2,0,0,1,0,0,1,1,1,1,1,0,0,1,1,1
Galb_deaX,1,0,1,1,1,1,1,1,1,1,1,1,1,1,1,1,1,1,1,1,1,1,1,1,1,0,1,0,1,1,1,1,1,1,0,1,1,1,1,1,1,1,0,0,0,1,0,1,1,1,1,0,0,0,0,0,0,0,1,0,0,1,0,1,1,0,0,1,1,2,1,1,1,1,0,0,1,1,0,0,1,1,1,1,1,1,1,1,1,1,1,1,1,1,1,1,1,1,1,1,1,1,1,1,0,0,1,1,1,1,1,1,1,0,1,1,1,1,1,1,1,1,0,0,1,0,0,0,0,0,0,1,1,1,1,1,1,1,1,1,1,1,1,1,1,1,1,1,1,0,0,1,0,1,0,0,1,0,0,1,1,0,0,1,0,1,0,0,1,1,1,1,1,1,1,0,0,0,0,1,1,2,1,1,1,1,1,1,1,1,1,1,1,0,1,2,3,1,1,1,0,1,1,0,1,0,0,0,0,0,0,1,1,1,1,1
Gale_pyre,1,1,1,1,1,1,1,1,1,1,1,1,1,1,1,0,1,1,1,1,1,1,1,1,1,1,1,3,1,1,1,1,1,1,1,1,2,1,1,1,1,2,2,2,2,2,2,2,1,3,2,2,0,2,3,3,3,1,2,0,1,1,1,0,2,0,2,1,1,1,1,1,0,2,0,2,1,1,2,0,1,1,1,1,1,1,1,1,1,1,1,1,1,1,1,0,0,1,1,1,1,1,1,2,3,2,2,2,2,1,2,2,2,2,1,1,1,1,1,1,1,0,1,1,2,1,1,2,1,1,2,1,2,2,1,2,1,1,2,1,0,2,1,1,1,1,1,1,1,2,0,2,1,1,1,1,1,1,1,2,0,2,2,1,0,0,0,0,0,1,1,0,1,1,1,2,2,3,3,0,1,3,1,1,1,1,1,1,1,1,1,1,1,1,1,1,1,1,1,1,1,1,1,1,1,2,1,0,1,1,1,1,1,1,1,1
Gall_gall,0,0,0,1,1,1,1,1,1,1,1,1,1,1,1,1,1,1,1,1,1,1,1,1,1,0,0,0,2,2,2,2,2,1,1,1,1,1,1,1,1,0,2,0,0,1,0,1,1,1,0,0,1,2,0,1,1,1,0,0,1,1,0,1,1,1,1,0,0,0,2,0,1,1,1,1,1,1,1,0,1,1,1,1,1,1,1,1,1,1,1,1,1,1,1,1,1,2,1,1,1,1,1,0,2,0,1,1,0,1,1,0,0,0,2,2,2,2,2,2,2,2,0,0,2,1,1,1,1,1,1,2,1,1,1,1,1,1,1,1,1,1,1,1,1,1,1,1,1,1,2,1,1,1,3,4,1,2,2,1,2,2,2,1,3,2,1,2,1,1,1,1,1,1,1,1,2,0,1,3,2,2,2,2,2,2,2,1,1,1,1,2,2,0,1,0,1,1,1,1,1,1,1,1,0,0,1,1,0,0,2,1,1,1,1,1
Gamb_affi,1,0,1,1,0,0,1,1,1,1,0,0,0,1,0,0,1,1,0,0,1,1,1,1,1,1,1,1,0,0,0,0,0,1,0,0,0,0,0,0,0,1,2,1,1,0,1,1,1,0,2,2,0,0,1,1,1,1,1,0,1,1,1,0,0,2,3,1,2,0,0,0,0,0,2,3,1,0,2,0,1,1,0,0,0,1,0,0,0,1,0,1,0,0,1,1,1,1,1,1,0,1,0,1,2,2,0,1,1,0,0,1,2,2,0,0,0,0,0,0,0,0,0,1,0,0,1,0,1,0,0,0,0,1,0,0,0,0,0,0,0,1,0,1,0,0,0,1,0,0,0,1,2,0,0,2,1,0,0,2,0,1,1,1,2,0,0,1,0,1,2,0,0,1,0,0,0,0,1,0,0,0,1,1,1,1,1,1,0,1,0,1,1,1,0,1,0,0,0,0,0,0,0,0,1,0,1,1,1,2,1,1,0,0,1,0
Gast_acul,1,0,1,1,1,1,0,1,1,1,0,0,0,0,0,1,3,0,1,1,1,0,1,0,0,2,3,2,0,0,1,0,0,1,0,1,0,1,1,1,1,3,3,1,3,1,2,1,1,1,1,2,0,0,1,0,2,2,1,0,1,1,1,0,0,2,3,1,0,0,1,0,0,0,2,2,0,0,3,0,1,1,0,0,1,1,1,0,0,2,1,1,1,0,1,1,1,0,1,0,0,0,1,3,3,4,1,1,1,1,1,1,1,2,1,0,0,0,0,1,0,0,0,0,0,1,1,1,1,1,1,0,0,1,2,0,0,1,0,0,0,1,0,1,0,1,1,0,0,0,1,1,1,0,0,2,1,0,0,2,0,1,1,1,1,0,0,0,1,0,0,0,0,1,0,0,0,2,0,1,0,0,1,1,1,1,1,0,1,1,0,0,0,0,1,0,2,0,1,0,2,0,1,2,0,0,1,1,1,2,1,0,0,1,1,0
Gavi_stel,0,0,0,0,0,1,1,1,1,1,1,1,1,1,1,1,0,1,1,1,1,1,1,1,1,0,0,0,1,1,1,1,1,0,0,1,1,1,0,0,0,1,0,0,0,1,0,1,1,0,1,0,1,0,0,1,0,0,1,0,0,1,1,0,0,0,0,0,1,0,0,0,0,0,0,0,1,1,0,0,1,1,1,1,1,2,1,1,1,1,1,1,0,0,0,1,1,1,0,1,0,0,0,0,0,0,1,0,0,1,0,1,1,0,1,1,1,1,1,1,1,1,0,1,1,0,0,0,0,0,0,1,0,0,0,0,0,0,0,0,1,0,1,1,1,1,1,1,1,1,1,1,1,1,2,1,1,1,1,0,1,1,1,1,0,0,1,2,0,1,0,0,0,0,0,1,1,1,1,0,1,0,1,1,1,1,1,1,1,0,1,0,0,0,0,1,1,1,1,1,0,1,1,1,0,0,0,1,0,1,1,1,1,0,1,1
Geoc_cali,0,0,1,0,0,1,1,1,1,1,1,1,1,1,1,1,1,1,1,1,1,1,1,1,1,0,0,0,1,1,1,1,1,1,0,1,1,1,1,1,1,0,0,0,0,1,0,0,1,0,0,1,0,0,0,0,0,0,1,0,0,0,1,1,1,1,1,1,0,1,1,1,1,1,1,1,0,0,0,0,0,0,1,0,0,0,0,0,0,0,0,1,1,1,1,1,1,1,1,1,1,1,1,0,0,0,1,0,0,1,1,0,1,1,1,1,1,1,1,1,1,1,0,0,0,0,0,0,0,0,0,1,1,1,1,1,1,1,1,1,1,0,1,1,1,1,1,1,1,1,0,0,0,0,0,0,0,0,0,0,1,0,0,1,0,0,1,0,1,1,1,1,1,1,1,0,0,0,0,1,1,0,1,1,1,1,1,1,1,1,1,1,1,0,1,0,0,1,1,1,0,1,1,1,2,1,1,1,1,1,1,1,1,1,1,1
Geos_fort,1,0,1,1,1,1,1,1,1,1,1,1,1,1,1,1,0,1,1,1,1,1,0,1,1,1,1,0,1,1,0,1,1,1,0,1,1,1,1,0,1,1,0,1,0,1,1,1,1,0,0,0,1,1,0,1,0,1,1,0,0,0,1,1,1,0,1,0,2,1,1,0,1,1,0,1,0,1,0,0,0,1,1,1,1,1,1,1,1,0,1,1,1,1,1,1,1,1,1,1,1,1,1,1,0,0,1,1,2,1,0,1,0,0,1,1,1,1,1,1,1,1,0,0,1,1,1,1,0,1,1,1,1,1,1,1,1,1,1,1,1,0,1,1,1,1,0,1,1,1,3,0,2,2,2,3,1,2,2,1,2,1,2,2,3,1,1,2,1,1,1,1,1,0,1,1,2,0,1,1,1,3,1,1,1,1,1,1,1,1,1,1,1,0,1,2,1,1,1,1,0,1,1,1,2,1,1,1,2,1,1,1,1,1,1,1
Geos_parv,0,0,0,1,1,1,1,1,1,1,1,1,1,1,1,1,1,1,1,1,1,1,1,1,1,1,2,1,1,1,1,1,1,1,1,0,1,1,0,1,0,1,1,2,1,1,2,1,1,1,1,1,1,1,0,1,1,2,0,0,3,2,0,0,1,1,1,1,2,0,1,0,0,1,1,1,1,1,1,0,1,1,1,1,1,1,1,1,1,1,1,1,1,1,1,1,1,1,1,1,1,1,1,1,1,1,1,1,2,1,1,2,1,1,1,1,1,1,1,1,1,1,0,1,2,1,1,1,3,1,1,1,1,1,1,1,1,1,1,1,1,1,1,1,1,1,1,1,1,1,2,1,2,2,3,4,2,2,2,1,1,1,2,2,3,2,1,1,1,1,1,1,1,1,1,1,2,0,1,1,1,3,1,1,1,1,1,1,1,1,1,1,1,0,1,2,1,1,1,1,1,1,1,1,1,2,1,1,2,1,2,1,1,1,1,1
Geot_sera,1,0,0,1,1,1,1,1,1,1,1,1,1,1,1,1,2,1,1,1,1,1,1,1,1,1,2,3,1,1,1,1,1,1,1,1,1,1,1,1,1,1,1,1,2,1,2,2,1,1,1,1,0,2,0,0,2,1,1,0,2,2,1,1,1,1,1,1,2,2,1,1,0,1,1,1,1,1,2,0,1,1,1,1,1,1,1,1,1,1,1,1,1,1,1,0,0,0,1,1,1,1,1,1,1,2,1,1,1,1,1,1,1,1,1,1,1,1,1,1,1,1,1,2,2,2,2,2,2,1,1,1,1,1,1,1,1,1,1,1,0,1,1,1,0,1,1,1,1,1,2,1,3,1,1,1,1,1,2,1,1,0,1,1,5,1,1,1,1,1,1,1,1,1,0,1,2,0,0,1,2,2,1,1,1,1,1,1,1,1,1,1,1,1,1,2,0,1,1,1,1,1,1,1,1,2,1,1,2,0,1,1,1,1,1,1
Glar_prat,0,0,0,1,1,1,1,1,1,1,1,1,1,1,1,1,0,1,1,1,1,1,1,1,1,1,0,0,1,1,1,1,1,1,0,1,1,1,1,1,1,0,0,0,0,1,0,0,1,0,0,0,0,0,0,0,1,1,0,0,0,2,0,1,1,0,0,1,2,2,1,1,1,1,0,0,1,1,0,0,1,1,2,1,1,1,1,1,1,1,1,1,1,1,1,1,1,1,1,1,1,1,1,0,0,0,1,0,1,1,0,1,1,0,1,1,1,1,1,1,1,1,0,0,1,1,1,1,0,1,1,0,0,0,0,0,0,0,0,1,1,0,1,1,1,1,1,1,1,0,0,0,0,0,0,0,0,0,0,0,1,0,0,1,1,1,1,0,1,1,1,1,1,1,1,0,0,0,0,1,1,0,1,1,1,1,1,1,1,1,1,0,0,0,1,2,1,1,1,1,0,1,1,0,0,0,0,0,0,0,2,1,1,0,0,0
Glau_bras,1,0,1,1,0,1,1,1,1,1,1,1,1,1,1,1,1,1,1,1,1,1,1,1,1,1,0,0,1,1,1,1,1,1,0,0,0,0,1,0,1,1,2,0,0,0,0,1,1,0,1,0,0,0,0,0,0,0,1,0,0,1,1,1,1,0,0,1,0,1,0,0,1,1,0,0,1,1,0,0,1,1,1,1,1,1,1,1,1,1,1,1,1,1,1,1,1,1,1,1,1,1,1,0,2,0,0,0,1,1,1,0,0,0,1,1,1,1,1,1,1,1,1,0,1,0,0,0,0,0,0,1,1,1,1,1,1,1,1,1,1,1,1,1,1,1,1,1,1,1,0,1,0,0,1,0,1,0,0,0,1,0,0,1,0,1,1,0,1,1,1,1,1,1,1,0,0,0,0,1,1,2,1,1,1,1,1,0,0,0,0,1,1,0,1,2,1,1,1,1,0,1,1,0,0,0,0,0,0,0,0,1,1,1,1,1
Glyc_soja,0,0,0,0,0,0,0,0,0,0,0,0,0,0,0,0,0,0,0,0,0,0,0,0,0,0,0,0,0,0,0,0,0,0,0,0,0,0,0,1,0,0,0,0,0,0,0,0,0,0,0,0,0,0,0,0,0,0,0,0,0,0,0,0,0,0,0,0,0,0,0,0,0,0,0,0,0,0,0,0,0,0,0,0,0,0,0,0,0,0,0,0,0,0,0,0,0,0,0,0,0,0,0,0,0,0,0,0,0,0,0,0,0,0,0,0,0,0,0,0,0,0,0,0,0,0,0,0,0,0,0,0,0,0,0,0,0,0,0,0,0,0,0,0,0,0,0,0,0,0,0,0,0,0,0,0,0,0,0,0,0,0,0,0,0,0,0,0,0,0,0,0,0,0,0,0,0,0,0,0,0,0,0,0,0,0,0,0,0,0,0,0,0,0,0,0,0,0,0,0,0,0,0,0,0,0,0,0,0,0,0,0,0,0,0,0
Gong_pulc,0,0,0,0,0,0,0,0,0,0,0,0,0,0,0,0,0,0,0,0,0,0,0,0,0,0,0,0,0,0,0,0,0,0,0,0,0,0,0,2,0,0,0,0,0,0,0,0,0,0,0,0,0,0,0,0,0,0,0,0,0,0,0,0,0,0,0,0,0,0,0,0,0,0,0,0,0,0,0,0,0,0,0,0,0,0,0,0,0,0,0,0,0,0,0,0,0,0,0,0,0,0,0,0,0,0,0,0,0,0,0,0,0,0,0,0,0,0,0,0,0,0,0,0,0,0,0,0,0,0,0,0,0,0,0,0,0,0,0,0,0,0,0,0,0,0,0,0,0,0,0,0,0,0,0,0,0,0,0,0,0,0,0,0,0,0,0,0,0,0,0,0,0,0,0,0,0,0,0,0,0,0,0,0,0,0,0,0,0,0,0,0,0,0,0,0,0,0,0,0,0,0,0,0,0,0,0,0,0,0,0,0,0,0,0,0
Goph_agas,0,0,0,1,1,1,1,1,1,1,1,1,1,1,1,1,1,1,1,1,1,1,1,1,1,0,0,0,1,1,1,1,1,1,1,1,1,1,1,1,1,1,0,1,0,0,0,0,1,1,1,0,1,0,0,0,2,2,1,0,2,2,1,1,1,1,1,1,0,1,1,0,1,1,1,1,1,0,1,0,1,1,0,1,1,1,1,1,0,1,0,1,1,1,1,0,0,0,1,1,1,1,1,1,2,0,0,0,0,1,0,1,1,0,1,1,1,1,1,1,1,1,1,2,3,1,2,1,2,1,1,1,1,1,1,1,2,1,1,1,1,0,1,1,1,1,2,1,1,1,1,0,2,1,1,1,1,2,2,1,0,1,2,1,3,2,1,2,1,1,1,1,1,1,1,1,0,0,0,0,0,3,1,1,1,1,1,1,0,1,1,1,1,1,1,2,3,1,1,1,0,1,1,1,1,1,1,1,2,1,2,1,1,1,1,1
Goph_evgo,0,1,0,1,1,1,1,1,1,1,1,1,1,1,1,1,1,1,1,1,2,1,1,1,1,0,0,0,1,1,1,1,1,1,1,1,1,1,1,1,1,2,1,2,1,1,1,1,2,2,3,1,1,2,0,1,2,2,0,0,2,2,0,1,1,1,2,2,3,1,1,1,1,1,1,2,1,1,1,0,1,1,1,1,1,1,1,1,1,1,1,1,1,1,1,0,0,0,1,1,1,1,1,2,3,1,1,1,1,2,1,2,3,1,1,1,1,1,1,1,1,1,0,2,2,2,2,1,2,1,1,1,1,1,1,1,2,1,1,1,1,0,1,1,1,1,1,1,1,1,3,0,2,1,2,2,1,2,2,1,1,1,2,1,3,2,1,2,1,1,1,1,1,1,1,1,2,0,1,1,1,3,1,1,1,1,1,1,1,1,1,1,1,1,1,2,3,1,1,1,1,1,1,1,1,1,1,1,2,1,2,1,1,1,1,1
Gori_gori,1,1,1,1,1,1,1,1,1,1,1,1,1,0,0,1,0,1,1,1,1,1,0,1,1,1,1,3,0,1,1,0,1,1,1,1,1,1,1,1,1,1,1,2,1,1,2,1,1,1,1,1,2,2,2,2,1,1,1,1,1,1,1,1,1,1,1,1,1,1,1,1,1,1,1,1,0,0,0,0,0,1,1,0,0,1,1,0,0,0,0,1,1,1,1,1,1,1,1,1,1,1,1,1,1,1,1,2,1,1,1,2,1,1,1,1,1,1,1,1,1,1,1,2,1,1,1,1,1,2,2,1,1,0,0,1,1,1,1,1,1,1,1,1,1,1,1,1,1,2,2,1,1,2,1,1,1,2,2,2,1,2,1,1,1,1,1,2,1,1,1,1,1,1,1,2,2,2,2,1,1,3,1,1,1,1,1,1,1,1,1,0,0,0,1,1,1,1,1,1,1,1,1,1,0,1,1,1,1,1,1,1,1,1,1,1
Goss_aust,0,0,0,0,0,0,0,0,0,0,0,0,0,0,0,0,0,0,0,0,0,0,0,0,0,0,0,0,0,0,0,0,0,0,0,0,0,0,0,0,0,0,0,0,0,0,0,0,0,0,0,0,0,0,0,0,0,0,0,0,0,0,0,0,0,0,0,0,0,0,0,0,0,0,0,0,0,0,0,0,0,0,0,0,0,0,0,0,0,0,0,0,0,0,0,0,0,1,0,0,0,0,0,0,0,0,0,0,0,0,0,0,0,0,0,0,0,0,0,0,0,0,0,0,0,0,0,0,0,0,0,0,0,0,0,0,0,0,0,0,0,0,0,0,0,0,0,0,0,0,0,0,0,0,0,0,0,0,0,0,0,0,0,0,0,0,0,0,0,0,0,0,0,0,0,0,0,0,0,0,0,0,0,0,0,0,0,0,0,0,0,0,0,0,0,0,0,0,0,0,0,0,0,0,0,0,0,0,0,0,0,0,0,0,0,0
Goua_will,1,0,1,1,1,1,0,0,1,0,0,1,1,1,1,0,3,0,1,1,0,1,1,1,0,0,1,3,0,0,1,0,0,0,0,0,0,1,1,1,1,3,1,1,3,0,1,2,1,1,2,2,1,0,1,0,1,2,2,0,1,1,1,0,0,1,0,1,2,0,0,0,0,0,1,0,1,0,3,0,0,0,0,0,0,0,0,0,0,2,1,1,1,1,1,0,0,0,1,1,0,1,1,3,3,4,0,1,1,1,1,1,2,2,0,0,0,0,0,0,0,1,0,1,0,2,1,1,3,2,1,0,0,1,1,0,1,1,0,0,0,8,0,0,1,0,0,0,0,0,0,1,2,0,0,2,1,0,0,1,0,1,1,1,0,0,0,1,0,0,0,0,0,1,0,0,0,0,0,0,0,0,1,1,1,1,1,0,1,0,1,1,1,1,1,0,0,0,0,1,2,1,1,0,0,0,1,1,1,1,1,0,0,1,1,1
Gral_vari,1,0,1,1,1,1,1,1,1,1,1,1,1,1,1,1,1,1,1,1,1,1,1,1,1,1,1,0,1,1,1,1,1,1,0,1,1,1,1,1,1,0,0,1,0,1,1,1,1,1,0,0,0,0,0,0,1,0,0,0,0,1,0,1,1,0,0,1,0,1,2,1,1,1,0,0,0,0,0,0,0,0,0,0,0,0,0,0,0,0,0,1,1,1,1,1,1,1,1,1,1,1,1,0,0,0,1,1,1,1,1,1,0,0,1,1,1,1,1,1,1,1,1,1,1,1,1,1,0,1,1,1,1,1,1,1,1,1,1,1,1,1,1,1,1,1,1,1,1,0,0,1,0,0,1,0,0,0,0,0,1,0,0,1,0,0,1,1,1,1,1,1,1,1,1,0,0,0,0,1,1,0,1,1,1,1,1,1,1,1,1,0,0,0,1,2,1,1,1,1,0,1,1,1,1,1,0,1,1,1,0,1,1,0,0,0
Gran_pict,1,0,1,1,0,1,1,1,1,1,1,1,1,1,1,1,0,1,1,1,1,1,1,1,1,1,0,0,1,1,1,1,1,1,0,1,1,1,1,1,1,0,0,1,0,1,0,0,1,1,0,0,0,0,0,0,1,1,1,0,1,1,1,1,1,0,0,1,3,2,2,1,1,1,0,0,1,1,0,0,1,1,1,1,1,1,1,1,1,1,1,1,1,1,1,1,1,1,1,1,1,1,1,0,0,0,1,0,0,1,1,1,1,0,1,1,1,1,1,1,1,1,0,0,1,1,1,1,1,1,1,1,1,1,1,1,1,1,1,1,1,0,0,0,1,1,1,1,1,0,0,0,0,0,0,0,0,0,0,0,0,0,0,0,0,1,1,0,1,1,1,1,1,1,1,0,0,0,0,1,1,1,1,1,1,1,1,1,1,1,1,0,0,0,1,1,3,1,1,1,1,1,1,1,1,2,1,1,1,1,0,1,1,0,0,0
Grus_amer,0,0,0,0,0,0,0,0,0,0,1,1,1,1,1,1,0,1,1,1,1,1,1,1,1,0,0,2,1,1,1,1,1,0,0,1,1,1,1,1,1,0,2,0,0,1,0,1,1,0,1,0,0,0,0,0,0,0,0,0,0,0,0,0,1,0,1,1,4,1,1,1,0,1,0,1,1,1,0,0,1,1,2,1,1,1,1,1,1,1,1,0,0,0,0,0,0,0,1,1,1,1,0,0,2,0,1,0,1,1,0,0,1,0,1,1,1,1,1,1,1,1,0,0,1,0,0,0,0,0,0,1,1,1,1,1,1,1,1,1,1,1,1,1,1,1,1,1,1,0,0,1,0,0,0,0,0,0,0,0,1,0,0,0,0,1,1,1,1,1,1,1,1,1,1,0,0,0,0,1,1,2,1,1,1,1,1,1,1,1,1,1,1,0,1,2,1,0,0,0,0,0,0,1,2,2,1,1,1,1,0,1,1,1,1,1
Guil_thet,0,0,0,0,0,0,0,0,0,0,0,0,0,0,0,0,0,0,0,0,0,0,0,0,0,0,0,0,0,0,0,0,0,0,0,0,0,0,0,0,0,0,0,0,0,0,0,0,0,0,0,0,0,0,0,0,0,0,0,0,0,0,0,0,0,0,0,0,0,0,0,0,0,0,0,0,0,0,0,0,0,0,0,0,0,0,0,0,0,0,0,0,0,0,0,0,0,0,0,0,1,0,0,0,0,0,0,0,0,0,0,0,0,0,0,0,0,0,0,0,0,0,0,0,0,0,0,0,0,0,0,0,0,0,0,0,0,0,0,0,0,0,0,0,0,0,0,0,0,0,0,0,0,0,0,0,0,0,0,0,0,0,0,0,0,0,0,0,0,0,0,0,0,0,0,0,0,0,0,0,0,0,0,0,0,0,0,0,0,0,0,0,0,0,0,0,0,0,0,0,0,0,0,0,0,0,0,0,0,0,0,0,0,0,0,0
Gymn_acut,1,0,1,1,1,1,0,1,1,1,0,0,0,0,1,1,1,0,1,0,0,0,1,1,0,2,3,3,1,1,1,1,0,1,0,0,0,0,1,1,1,3,2,1,3,1,1,1,1,1,2,2,0,0,1,0,1,2,2,0,1,1,1,0,0,3,3,1,2,0,0,0,0,0,2,2,1,0,3,0,0,0,0,0,1,0,1,0,0,1,0,1,1,1,1,1,1,0,0,1,0,1,1,3,2,3,1,1,1,1,1,1,2,2,0,0,0,0,0,0,0,1,0,0,0,2,1,0,2,1,0,0,0,0,0,0,1,1,0,0,0,1,0,1,0,0,0,0,0,0,0,1,2,0,0,2,1,0,0,1,0,1,1,1,2,0,0,1,0,0,0,0,1,1,0,0,0,2,0,0,0,0,1,1,1,1,1,0,0,0,0,1,1,1,1,0,0,0,1,1,2,0,1,1,0,0,1,1,1,1,1,0,0,1,1,0
Gymn_tibi,1,0,1,1,1,1,1,1,1,1,1,1,1,1,1,1,1,1,1,1,1,1,1,1,1,1,0,0,1,1,1,1,1,1,0,1,1,1,1,0,1,0,0,1,0,0,0,0,0,0,0,0,0,0,0,0,1,1,0,0,1,1,1,1,1,0,0,1,2,1,1,1,1,1,0,0,1,1,0,0,1,1,1,1,1,1,1,1,1,1,1,0,1,1,1,1,1,1,1,1,1,1,1,0,0,0,0,1,1,0,1,1,0,0,1,1,1,1,1,1,1,1,0,1,0,1,1,1,1,1,1,1,1,1,1,1,1,1,1,1,1,1,1,1,1,1,1,1,1,0,0,1,0,1,1,0,1,0,0,0,0,0,0,1,0,1,1,0,1,1,1,1,1,1,1,0,0,0,0,1,1,2,0,0,0,0,0,1,1,1,1,1,1,0,1,2,1,1,1,1,1,1,1,1,1,1,1,1,1,1,1,1,1,0,0,0
Haem_plac,0,0,0,0,0,0,0,0,0,0,0,0,0,0,0,0,0,0,0,0,0,0,0,0,0,0,0,0,0,0,0,0,0,0,0,0,0,0,0,0,0,0,0,0,0,0,0,0,0,0,0,0,0,0,0,0,0,0,0,0,0,0,0,0,0,0,0,0,0,0,0,0,0,0,0,0,0,0,0,0,0,0,0,0,0,0,0,0,0,0,0,0,0,0,0,1,1,1,0,0,1,0,0,0,0,0,0,0,0,0,0,0,0,0,0,0,0,0,0,0,0,0,0,0,0,0,0,0,0,0,0,0,0,0,0,0,0,0,0,0,0,0,0,0,0,0,0,0,0,0,0,0,0,0,0,0,0,0,0,0,0,0,0,0,0,0,0,0,0,0,0,0,0,0,0,0,0,0,0,0,0,0,0,0,0,0,0,0,0,0,0,0,0,0,0,0,0,0,0,0,0,0,0,0,0,0,0,0,0,0,0,0,0,0,0,0
Halc_sene,1,0,1,1,0,1,1,1,1,1,1,1,1,1,1,1,1,1,1,1,1,1,1,1,1,0,0,0,1,1,1,1,1,1,0,1,1,1,1,1,1,0,0,0,0,0,0,1,1,0,0,0,0,0,0,0,0,0,1,0,0,1,1,1,1,0,0,1,1,1,2,1,1,1,0,0,1,1,0,0,1,1,1,1,1,1,1,1,1,1,1,1,1,1,1,1,1,1,1,1,1,1,1,0,0,0,1,0,1,0,1,0,0,0,1,1,1,1,1,1,1,1,0,0,1,0,0,0,0,0,0,0,0,0,0,0,0,0,0,1,1,0,1,0,1,1,1,1,1,1,0,0,0,0,1,0,0,0,0,0,1,0,0,1,1,1,1,0,1,1,1,1,1,1,1,0,0,0,0,2,1,0,1,1,1,1,1,1,1,1,1,1,1,0,1,2,1,1,1,1,0,1,1,1,1,1,1,1,1,1,1,1,1,0,0,0
Hali_albi,0,0,0,0,0,0,0,0,0,0,0,0,0,1,1,1,0,1,1,1,1,1,1,1,1,0,0,0,1,1,1,1,1,0,0,1,1,1,1,0,1,1,2,0,0,1,0,0,1,0,0,0,1,1,0,1,0,0,1,0,0,0,1,1,1,0,1,0,0,0,0,0,1,1,0,1,0,0,0,0,0,0,1,0,0,0,0,0,0,0,0,0,0,0,0,0,0,0,0,0,0,0,0,1,0,0,1,0,1,1,0,0,1,0,1,1,1,1,1,1,1,1,0,0,0,0,0,0,0,0,0,0,0,0,0,0,0,0,0,1,1,0,1,1,1,1,0,1,1,2,2,1,2,1,1,4,1,1,1,0,1,1,1,1,1,0,1,1,0,0,1,1,1,0,1,1,1,1,1,0,0,0,1,1,1,1,1,1,1,0,1,0,0,0,0,0,0,1,1,1,0,1,1,0,0,0,0,0,0,0,0,0,1,0,0,0
Hali_spXN,1,0,1,0,0,0,0,0,0,0,0,0,0,0,0,0,0,0,0,0,0,0,0,0,0,0,0,0,0,0,0,0,0,0,0,0,0,0,0,0,0,0,0,0,0,0,0,0,0,0,0,0,0,0,0,0,0,0,0,0,0,0,0,0,0,0,0,0,0,0,0,0,0,0,0,0,0,0,0,0,0,0,0,0,0,0,0,0,0,0,0,0,0,0,0,0,0,0,0,0,0,0,0,0,0,0,0,0,0,0,0,0,0,0,0,0,0,0,0,0,0,0,0,0,0,0,0,0,0,0,0,0,0,0,0,0,0,0,0,0,0,0,0,0,0,0,0,0,0,0,0,0,0,0,0,0,0,0,0,0,0,0,0,0,0,0,0,0,0,0,0,0,0,0,0,0,0,0,0,0,0,0,0,0,0,0,0,0,0,0,0,0,0,0,0,0,0,0,0,0,0,0,0,0,0,0,0,0,0,0,0,0,0,0,0,0
Hapl_burt,1,0,1,1,1,1,1,1,1,0,0,1,1,1,1,1,2,1,1,1,1,1,1,1,1,2,3,3,0,0,1,0,0,1,0,0,2,1,1,1,1,3,3,1,3,1,2,1,1,0,2,2,0,0,3,0,0,2,1,0,1,1,1,0,0,1,4,1,2,0,1,0,0,0,1,1,1,0,3,0,0,1,0,1,1,1,1,0,0,2,0,1,1,1,0,1,1,1,1,1,0,1,1,3,3,4,0,2,1,1,0,1,2,2,0,0,0,0,0,0,0,0,0,2,0,1,2,1,2,1,1,0,0,0,0,0,0,0,0,0,0,1,0,1,0,0,0,0,1,0,0,2,1,0,0,2,1,0,0,1,1,2,1,1,2,1,0,0,2,2,0,0,0,1,1,1,0,1,0,2,1,0,1,1,1,1,1,0,1,1,1,1,1,1,0,2,0,0,1,1,2,1,0,1,0,0,1,1,1,1,0,0,0,1,1,0
Harp_salt,0,0,0,0,0,0,0,0,0,0,0,0,0,0,0,0,0,0,0,0,0,0,0,0,0,0,1,0,0,0,0,0,0,0,0,0,0,0,0,0,0,0,1,0,1,0,0,0,0,0,0,0,0,0,0,0,0,0,0,0,0,0,0,0,0,0,0,0,0,0,0,0,0,0,0,0,0,0,0,0,0,0,0,0,0,0,0,0,0,0,1,0,0,0,0,0,0,0,0,0,0,0,0,0,1,0,0,0,0,0,0,0,0,0,0,0,0,0,0,0,0,0,0,1,0,0,0,0,0,0,0,0,0,0,0,0,0,0,0,0,0,0,0,0,0,0,0,0,0,0,0,0,0,0,0,0,0,0,0,0,0,0,0,0,0,0,0,0,0,0,0,0,0,0,0,0,0,0,0,0,0,0,0,0,0,0,0,0,0,0,0,0,0,0,0,0,0,0,0,0,0,0,0,0,0,0,0,0,0,0,0,0,0,0,0,0
Heli_annu,0,0,0,0,0,0,0,0,0,0,0,0,0,0,0,0,0,0,0,0,0,0,0,0,0,0,0,0,0,0,0,0,0,0,0,0,0,0,0,0,0,0,0,0,0,0,0,0,0,0,0,0,0,0,0,0,0,0,0,0,0,0,0,0,0,0,0,0,0,0,0,0,0,0,0,0,0,0,0,0,0,0,0,0,0,0,0,0,0,0,0,0,0,0,0,1,2,2,0,0,1,0,0,0,0,0,0,0,0,0,0,0,0,0,0,0,0,0,0,0,0,0,0,0,0,0,0,0,0,0,0,0,0,0,0,0,0,0,0,0,0,0,0,0,0,0,0,0,0,0,0,0,0,0,0,0,0,0,0,0,0,0,0,0,0,0,0,0,0,0,0,0,0,0,0,0,0,0,0,0,0,0,0,0,0,0,0,0,0,0,0,0,0,0,0,0,0,0,0,0,0,0,0,0,0,0,0,0,0,0,0,0,0,0,0,0
Heli_fuli,0,0,1,0,1,1,1,1,1,1,1,1,1,1,1,1,1,1,1,1,1,1,1,1,1,0,0,0,1,1,0,1,1,1,0,1,1,1,1,1,1,0,0,0,0,1,0,1,0,1,0,1,1,1,0,1,0,0,1,0,0,1,0,1,1,0,0,0,0,1,0,0,1,1,0,0,1,1,0,0,1,1,0,1,1,1,1,1,1,1,1,1,1,1,1,1,1,1,1,1,1,1,1,0,0,0,1,0,0,1,1,1,0,1,1,1,1,1,1,1,1,1,0,0,1,0,0,0,0,1,0,1,2,0,0,1,1,1,1,1,1,2,1,1,1,1,1,1,1,1,1,1,1,1,1,2,1,1,1,0,1,1,1,0,2,1,1,1,1,1,1,1,1,0,1,1,1,1,1,0,0,2,1,1,1,1,1,1,1,1,1,1,1,0,1,2,0,1,1,1,0,1,1,1,1,1,1,1,1,1,0,1,1,1,1,1
Heli_vire,0,0,0,0,0,0,0,0,0,0,0,0,0,0,0,0,0,0,0,0,0,0,0,0,0,0,0,0,0,0,0,0,0,0,0,0,0,0,0,0,0,0,0,0,0,0,0,0,0,0,0,1,0,0,0,0,0,0,0,0,0,0,0,0,0,0,0,0,0,0,0,0,0,0,0,0,0,0,0,0,0,0,0,0,0,0,0,0,0,0,0,0,0,0,0,0,0,0,0,0,0,0,0,0,0,0,0,0,0,0,0,0,0,1,0,0,0,0,0,0,0,0,0,0,0,0,0,0,0,0,0,0,0,0,0,0,0,0,0,0,0,0,0,0,0,0,0,0,0,0,0,0,0,0,0,0,0,0,0,0,0,0,0,0,0,0,0,0,0,0,0,0,0,0,0,0,0,0,0,0,0,0,0,0,0,0,0,0,0,0,0,0,0,0,0,0,0,0,0,0,0,0,0,0,0,0,0,0,0,0,0,0,0,0,0,0
Helo_robu,1,0,1,0,0,0,0,0,0,0,0,0,0,0,0,0,0,0,0,0,0,0,0,0,0,0,0,0,0,0,0,0,0,0,0,0,0,0,0,1,0,0,0,0,0,0,0,0,0,0,0,0,0,0,0,0,0,0,0,0,0,0,0,0,0,0,0,0,0,0,0,0,0,0,0,0,0,0,0,0,0,0,0,0,0,0,0,0,0,0,0,0,0,0,0,1,1,1,0,0,1,1,0,0,0,0,0,0,0,0,0,0,0,0,0,0,0,0,0,0,0,0,0,0,0,0,0,0,0,0,0,0,0,0,0,0,0,0,0,0,0,0,0,0,0,0,0,0,0,0,0,0,0,0,0,0,0,0,0,0,0,0,0,0,0,0,0,0,0,0,0,0,0,0,0,0,0,0,0,0,0,0,0,0,0,0,0,0,0,0,0,1,0,0,0,0,0,0,0,0,0,0,0,0,0,0,0,0,0,0,0,0,0,0,0,0
Hemi_coma,0,0,1,1,0,1,1,1,1,1,1,1,1,1,1,1,0,1,1,1,1,1,1,1,1,1,0,0,1,1,1,1,1,1,0,1,1,1,1,1,1,1,2,0,0,1,0,2,1,0,0,0,0,0,0,0,0,0,1,0,0,0,0,1,1,0,0,1,0,0,1,1,1,1,0,0,1,1,0,0,1,1,2,1,1,1,1,1,1,1,1,1,1,1,1,1,1,1,1,1,1,1,1,0,2,0,1,0,1,1,0,0,0,0,1,1,0,1,1,1,1,1,0,0,0,0,0,0,0,0,0,1,1,1,1,1,1,1,1,1,1,1,0,1,1,1,1,1,1,0,0,1,0,0,1,0,0,0,0,0,0,0,0,1,0,2,1,1,1,1,1,1,1,1,1,0,0,0,0,1,1,2,1,1,1,1,1,1,1,1,1,0,0,0,1,2,1,1,1,1,0,1,1,0,1,0,0,0,0,0,0,1,1,0,0,0
Herm_illu,0,0,0,0,0,0,0,0,0,0,0,0,0,0,0,0,0,0,0,0,0,0,0,0,0,0,1,0,0,0,0,0,0,0,0,0,0,0,0,0,0,0,0,0,0,1,0,0,0,0,0,0,0,0,0,0,0,0,0,0,0,0,0,0,0,2,0,0,0,0,0,0,0,0,2,0,0,0,0,0,0,0,0,0,0,0,0,0,0,0,0,0,0,0,0,0,0,0,0,0,0,0,0,0,1,0,0,0,0,0,0,0,0,0,0,0,0,0,0,0,0,0,0,0,0,0,0,0,0,0,0,0,0,0,0,0,0,0,0,0,0,0,0,0,0,0,0,0,0,0,0,0,0,0,0,0,0,0,0,0,0,0,0,0,0,0,0,0,0,0,0,0,0,0,0,0,0,0,0,0,0,0,0,0,0,0,0,0,0,0,0,0,0,0,0,0,0,0,0,0,0,0,0,0,0,0,0,0,0,0,0,0,0,0,0,0
Herp_cach,1,0,1,1,0,1,1,1,1,1,1,1,1,1,1,1,1,1,1,1,1,1,1,1,1,1,0,0,1,1,0,1,1,1,0,1,1,1,0,0,0,1,0,0,0,1,0,2,1,1,1,0,0,1,0,0,0,0,1,0,0,1,0,1,1,0,0,0,0,1,0,0,1,1,0,0,1,1,0,0,1,1,2,1,1,1,1,1,1,0,1,1,1,1,1,1,1,1,1,1,1,1,1,0,0,0,1,1,1,1,1,0,0,0,1,1,1,1,1,1,1,1,1,0,1,0,0,0,0,0,0,1,1,1,1,1,1,1,1,1,1,0,1,1,1,1,0,1,1,1,0,0,0,0,1,1,0,0,0,0,2,0,0,1,1,1,1,0,1,1,1,1,1,0,1,0,0,0,0,1,1,2,1,1,1,1,1,1,1,1,1,1,1,0,1,2,1,1,1,1,0,1,1,1,1,2,0,1,1,1,0,1,1,0,0,0
Hete_glab,1,1,2,1,1,0,0,0,0,0,0,0,0,1,1,1,1,1,1,1,1,1,1,1,1,1,1,3,1,1,1,1,1,0,0,1,1,1,1,1,1,1,1,2,1,1,1,1,1,2,1,1,4,2,3,5,3,1,2,0,0,1,1,1,1,1,1,1,2,0,1,1,1,1,1,1,1,1,1,0,1,1,1,1,1,1,1,1,1,1,1,1,1,1,1,1,0,0,1,1,1,1,1,1,1,1,1,1,1,1,1,1,1,1,0,1,0,0,1,1,0,1,1,1,1,1,1,1,0,1,1,1,1,1,1,2,1,1,1,1,1,1,1,1,0,1,1,1,1,2,1,1,2,1,1,3,1,2,1,2,1,2,1,1,1,1,1,1,1,1,1,1,1,1,1,4,2,2,6,1,1,3,1,1,1,1,1,1,1,1,1,1,1,1,3,1,3,1,1,1,0,1,1,0,1,0,1,2,2,2,1,1,1,2,4,2
Hete_itam,0,0,0,0,0,0,0,0,0,0,0,0,0,0,0,0,0,0,0,0,0,0,0,0,0,0,1,0,0,0,0,0,0,0,0,0,0,0,0,0,0,0,0,0,0,0,0,0,0,0,0,0,0,0,0,0,0,0,0,0,0,0,0,0,0,0,0,0,0,0,0,0,0,0,0,0,0,0,0,0,0,0,0,0,0,0,0,0,0,0,0,0,0,0,0,0,0,0,0,0,0,0,0,0,0,0,0,0,0,0,0,0,0,0,0,0,0,0,0,0,0,0,0,1,0,0,0,0,0,0,0,0,0,0,0,0,0,0,0,0,0,0,0,0,0,0,0,0,0,0,0,0,0,0,0,0,0,0,0,0,0,0,0,0,0,0,0,0,0,0,0,0,0,0,0,0,0,0,0,0,0,0,0,0,0,0,0,0,0,0,0,0,0,0,0,0,0,0,0,0,0,0,0,0,0,0,0,0,0,0,0,0,0,0,0,0
Heve_bras,0,0,0,0,0,0,0,0,0,0,0,0,0,0,0,0,0,0,0,0,0,0,0,0,0,0,0,0,0,0,0,0,0,0,0,0,0,0,0,0,0,0,0,0,0,0,0,0,0,0,0,0,0,0,0,0,0,0,0,0,0,0,0,0,0,0,0,0,0,0,0,0,0,0,0,0,0,0,0,0,0,0,0,0,0,0,0,0,0,0,0,0,0,0,0,0,0,0,0,0,1,0,0,0,0,0,0,0,0,0,0,0,0,0,0,0,0,0,0,0,0,0,0,0,0,0,0,0,0,0,0,0,0,0,0,0,0,0,0,0,0,0,0,0,0,0,0,0,0,0,0,0,0,0,0,0,0,0,0,0,0,0,0,0,0,0,0,0,0,0,0,0,0,0,0,0,0,0,0,0,0,0,0,0,0,0,0,0,0,0,0,0,0,0,0,0,0,0,0,0,0,0,0,0,0,0,0,0,0,0,0,0,0,0,0,0
Hima_hima,0,0,1,1,0,1,1,1,1,1,1,1,1,1,1,1,0,1,1,1,1,1,1,1,1,1,0,0,1,1,1,1,1,1,0,1,1,1,1,0,1,0,0,0,0,1,0,0,1,0,0,0,1,0,0,1,0,0,1,0,0,0,1,1,1,0,0,1,3,1,1,1,1,1,0,0,1,1,0,0,1,1,2,1,1,1,1,1,1,1,1,1,1,1,1,1,1,1,1,1,1,1,1,0,0,0,1,0,1,1,0,0,1,0,1,1,1,1,1,1,1,1,0,0,1,0,0,0,0,0,0,1,1,1,1,1,1,1,1,1,1,0,1,1,1,1,1,1,1,1,1,1,1,1,2,2,1,1,1,1,1,1,1,1,0,0,1,1,1,1,1,1,1,1,1,1,1,1,1,1,1,2,1,1,1,1,1,1,1,1,1,0,0,0,1,2,3,1,1,1,0,1,1,0,1,1,0,0,0,0,0,1,1,1,1,1
Hipp_armi,1,0,1,1,1,0,0,0,0,0,1,1,1,1,1,1,1,1,1,1,1,1,1,1,1,1,2,4,1,1,1,1,1,1,1,1,1,1,1,1,1,1,1,2,1,1,1,1,1,2,1,1,2,2,2,2,1,1,2,0,1,1,1,1,1,1,1,1,1,1,1,1,1,1,1,1,1,1,1,0,1,1,1,1,1,1,1,1,1,1,1,1,1,1,1,1,1,1,1,1,1,1,1,1,1,1,1,1,1,1,1,2,1,1,1,1,1,1,1,1,1,1,1,2,3,1,1,1,1,1,2,1,1,1,1,1,1,1,1,1,1,1,1,1,1,1,1,1,1,2,2,1,2,2,1,1,1,2,2,1,1,2,2,1,3,1,1,2,1,1,1,1,1,1,1,2,2,2,2,1,2,3,1,1,1,1,1,1,1,1,1,1,1,1,1,1,1,1,1,1,1,1,1,1,1,1,2,1,1,1,2,1,1,1,1,1
Hipp_icte,1,0,1,1,1,1,1,1,1,1,1,1,1,1,1,1,1,1,1,1,1,1,1,1,1,1,0,0,1,1,1,1,1,0,0,1,1,1,1,0,1,0,0,1,0,0,1,0,0,0,0,0,0,0,0,0,1,1,0,0,0,0,1,1,1,0,0,1,1,2,1,1,1,1,0,0,1,1,0,0,1,1,1,1,1,1,1,1,1,0,1,1,1,1,1,1,1,1,1,1,1,1,1,0,0,0,0,1,1,0,1,1,0,0,1,1,1,1,1,1,1,1,0,1,1,1,1,1,0,1,1,1,1,1,1,1,1,1,1,1,1,0,1,0,1,1,1,1,1,0,1,0,0,0,0,0,0,0,0,0,2,0,0,0,0,1,1,1,1,1,1,1,1,1,1,0,0,0,0,1,1,0,0,0,0,0,0,1,1,1,1,0,0,0,1,2,2,1,1,1,0,1,1,1,1,1,1,1,1,1,0,1,1,1,1,1
Hiru_rust,2,0,2,2,1,2,2,2,2,2,2,2,2,2,2,2,2,2,2,2,2,2,2,2,2,0,0,4,2,2,2,2,2,0,1,2,2,2,2,2,2,0,2,4,1,1,3,1,0,2,2,4,1,1,0,1,1,1,0,0,1,1,1,2,2,1,2,2,3,3,2,2,2,2,1,2,2,1,1,0,2,2,2,2,2,2,2,2,2,0,2,2,1,2,2,2,2,2,2,2,2,2,2,0,2,1,1,1,2,0,0,4,2,3,2,2,1,2,2,2,1,2,0,0,3,1,1,1,1,1,1,1,3,2,2,2,2,2,2,2,2,2,2,2,2,2,2,1,1,1,1,2,0,3,1,3,4,1,1,0,0,1,1,0,1,3,1,2,2,2,2,1,2,2,2,1,1,0,1,2,1,3,2,1,1,2,0,2,2,2,2,2,2,0,2,3,2,2,2,2,0,2,2,1,1,4,2,1,2,2,1,2,1,2,2,2
Homa_amer,0,0,1,0,0,0,0,0,0,0,0,0,0,0,0,0,0,0,0,0,0,0,0,0,0,0,0,0,0,0,0,0,0,1,0,0,0,0,0,1,0,0,0,0,0,0,0,0,0,1,0,1,0,0,0,0,0,0,0,0,0,0,0,0,0,0,0,0,0,0,0,0,0,0,0,0,0,0,0,0,0,0,0,0,0,0,0,0,0,0,0,0,0,0,0,0,0,0,0,0,0,0,0,0,0,0,0,0,0,0,1,0,0,1,0,0,0,0,0,0,0,0,0,0,0,0,0,0,0,0,0,0,0,0,0,0,0,0,0,0,0,0,0,0,0,0,0,0,0,0,0,0,0,0,0,0,0,0,0,0,0,0,0,0,0,0,0,0,0,0,0,0,0,0,0,0,0,0,0,0,0,0,0,0,0,0,1,0,0,0,0,0,0,0,0,0,0,0,0,0,0,0,0,0,0,0,0,0,0,0,0,0,0,0,0,0
Homo_sapi,1,1,1,1,1,1,1,1,1,1,1,1,1,1,1,1,1,1,1,1,1,1,1,1,1,1,1,5,1,1,1,1,1,1,1,1,1,1,1,1,1,2,2,2,2,3,3,2,2,3,2,2,4,4,4,4,2,1,1,1,3,1,1,2,2,2,3,1,1,1,1,1,1,2,2,3,1,1,2,1,1,1,1,1,1,1,1,1,1,1,1,1,1,1,1,1,1,1,1,1,1,1,1,2,2,2,2,3,2,2,2,2,2,2,1,1,1,1,1,1,1,1,1,2,1,1,1,1,3,2,2,1,1,1,1,1,1,1,1,1,1,1,1,1,1,1,1,1,1,2,2,1,2,2,1,1,1,2,2,2,1,2,1,1,1,1,1,2,1,1,1,1,1,1,1,3,4,3,4,1,1,3,1,1,1,1,1,1,1,1,1,1,1,1,1,1,1,1,1,1,3,1,1,1,1,1,2,1,1,1,1,1,1,1,2,1
Hord_vulg,0,0,0,0,0,0,0,0,0,0,0,0,0,0,0,0,0,0,0,0,0,0,0,0,0,0,0,0,0,0,0,0,0,0,0,0,0,0,0,0,0,0,0,0,0,0,0,0,0,0,0,0,0,0,0,0,0,0,0,0,0,0,0,0,0,0,0,0,0,0,0,0,0,0,0,0,0,0,0,0,0,0,0,0,0,0,0,0,0,0,0,0,0,0,0,0,0,1,0,0,0,0,0,0,0,0,0,0,0,0,0,0,0,0,0,0,0,0,0,0,0,0,0,0,0,0,0,0,0,0,0,0,0,0,0,0,0,0,0,0,0,0,0,0,0,0,0,0,0,0,0,0,0,0,0,0,0,0,0,0,0,0,0,0,0,0,0,0,0,0,0,0,0,0,0,0,0,0,0,0,0,0,0,0,0,0,0,0,0,0,0,0,0,0,0,0,0,0,0,0,0,0,0,0,0,0,0,0,0,0,0,0,0,0,0,0
Horo_vulc,1,0,1,0,0,0,0,0,0,0,1,1,1,0,0,0,0,0,0,0,0,0,0,0,0,0,0,0,1,1,1,1,1,1,0,1,1,1,1,0,1,0,0,0,0,0,0,0,0,0,0,0,0,0,0,0,0,0,0,0,0,0,0,0,0,0,0,0,0,1,1,1,0,0,0,0,0,0,0,0,0,0,0,0,0,0,0,0,0,0,0,0,0,0,0,0,0,0,0,0,0,0,0,0,0,0,0,0,0,0,0,0,0,0,1,0,1,1,1,0,1,0,0,1,1,0,0,0,0,0,0,0,0,0,0,0,0,0,0,0,0,0,0,0,0,0,1,0,0,0,0,0,0,0,1,0,1,0,0,0,0,0,0,0,0,1,0,0,0,1,0,0,1,1,1,0,0,0,0,0,1,0,0,0,0,0,0,1,0,1,0,1,1,0,1,0,2,0,0,0,0,0,0,0,0,0,0,0,0,0,0,1,0,0,0,0
Huch_huch,1,0,1,2,0,1,2,1,1,2,0,0,0,2,2,2,4,0,1,1,1,1,2,0,0,3,4,8,2,1,2,2,0,1,0,2,2,0,1,2,1,5,2,2,7,2,2,4,2,2,2,2,1,0,2,0,2,2,2,0,2,2,1,0,0,4,6,1,5,0,2,0,0,0,4,4,0,1,6,0,2,2,0,2,0,1,1,2,1,3,1,1,1,1,1,1,1,1,1,0,0,1,0,5,2,7,2,2,2,2,2,2,2,2,3,2,2,1,2,2,1,0,0,0,0,0,0,0,3,1,1,1,0,1,1,0,1,0,2,1,0,1,1,0,2,0,1,2,1,0,1,2,0,0,0,4,2,1,1,0,0,1,1,1,0,0,0,0,1,0,3,1,0,2,1,0,0,4,0,0,0,0,2,1,1,2,1,0,0,0,0,2,2,1,1,0,0,2,4,4,6,1,1,6,1,0,1,2,2,4,0,0,0,1,1,1
Hyal_azte,1,0,1,0,0,0,0,0,0,0,0,0,0,0,0,0,0,0,0,0,0,0,0,0,0,0,0,0,0,0,0,0,0,0,0,0,0,0,0,0,0,0,0,0,0,0,0,0,0,1,0,1,0,0,0,0,0,0,0,0,0,0,0,0,0,2,0,0,0,0,0,0,0,0,2,0,0,0,0,0,0,0,0,0,0,0,0,0,0,0,0,0,0,0,0,0,0,0,0,0,0,0,0,0,0,0,0,0,0,0,1,0,0,1,0,0,0,0,0,0,0,0,0,0,0,0,0,0,0,0,0,0,0,0,0,0,0,0,0,0,0,0,0,0,0,0,0,0,0,0,0,0,0,0,0,0,0,0,0,0,0,0,0,0,0,0,0,0,0,0,0,0,0,0,0,0,0,0,0,0,0,0,0,0,0,0,0,0,0,0,0,0,0,0,0,0,0,0,0,0,0,0,0,0,0,0,0,0,0,0,0,0,0,0,0,0
Hydr_vulg,0,0,0,0,0,0,0,0,0,0,0,0,0,0,0,0,0,0,0,0,0,0,0,0,0,0,0,0,0,0,0,0,0,0,0,0,0,0,0,1,0,0,0,0,0,0,0,0,0,0,0,0,0,0,0,0,0,0,0,0,0,0,0,0,0,1,0,0,0,0,0,0,0,0,1,0,0,0,0,0,0,0,0,0,0,0,0,0,0,0,0,0,0,0,0,0,0,0,0,0,0,0,0,0,0,0,0,0,0,0,0,0,0,0,0,0,0,0,0,0,0,0,0,0,0,0,0,0,0,0,0,0,0,0,0,0,0,0,0,0,0,0,0,0,0,0,0,0,0,0,0,0,0,0,0,0,0,0,0,0,0,0,0,0,0,0,0,0,0,0,0,0,0,0,0,0,0,0,0,0,0,0,0,0,0,0,0,0,0,0,0,0,0,0,0,0,0,0,0,0,0,0,0,0,0,0,0,0,0,0,0,0,0,1,1,0
Hyli_pras,1,0,1,1,1,1,1,1,1,1,1,1,1,1,1,1,1,1,1,1,1,1,1,1,1,0,0,0,1,1,1,1,1,1,0,1,1,1,1,0,1,0,0,1,0,0,1,0,0,1,0,0,0,0,0,0,1,1,0,0,0,0,1,1,1,0,0,1,4,2,1,1,1,1,0,0,1,1,0,0,1,1,1,1,1,1,1,1,1,1,1,1,1,1,1,1,1,1,1,1,1,1,1,0,0,0,0,1,0,0,0,1,0,0,1,1,1,1,1,1,1,1,0,1,1,1,1,1,0,1,1,1,2,1,1,1,1,1,1,1,1,1,1,1,1,1,1,1,1,0,0,1,0,1,1,0,1,0,0,0,1,0,0,0,0,2,1,1,1,1,1,1,1,1,1,0,0,0,0,1,1,0,0,0,0,0,0,1,1,1,1,0,0,0,1,2,1,1,1,1,0,1,1,1,1,1,1,1,1,1,0,1,1,1,1,1
Hypo_cinn,1,0,1,1,0,0,0,0,0,0,1,1,1,0,1,1,0,1,1,1,0,1,0,1,1,0,0,0,1,1,0,1,1,0,0,1,1,1,1,0,1,0,0,1,0,0,0,0,1,0,0,0,0,0,0,1,1,1,0,0,0,0,0,0,0,0,0,1,0,1,0,0,0,0,0,0,1,1,0,0,1,1,1,1,1,1,1,1,1,0,1,0,0,0,0,0,0,0,0,0,0,0,0,0,0,0,0,1,0,0,0,0,0,0,1,1,1,1,1,1,1,1,0,2,1,1,1,1,0,1,1,1,2,1,1,1,1,1,2,0,1,0,1,0,1,1,1,1,1,1,1,0,1,1,2,2,1,1,1,0,1,0,1,0,0,0,0,0,1,1,0,1,1,1,1,0,0,0,1,2,2,0,0,0,1,0,0,1,0,1,1,1,1,0,1,2,1,0,0,0,0,0,0,1,0,0,0,1,1,1,0,1,1,0,0,0
Hyps_exem,0,0,0,0,0,0,0,0,0,0,0,0,0,0,0,0,0,0,0,0,0,0,0,0,0,0,0,0,0,0,0,0,0,0,0,0,0,0,0,1,0,0,0,0,0,0,0,0,0,0,0,0,0,0,0,0,0,0,0,0,0,0,0,0,0,0,0,0,0,0,0,0,0,0,0,0,0,0,0,0,0,0,0,0,0,0,0,0,0,0,0,0,0,0,0,0,0,0,0,0,0,0,0,0,0,0,0,0,0,0,0,0,0,0,0,0,0,0,0,0,0,0,0,0,0,0,0,0,0,0,0,0,0,0,0,0,0,0,0,0,0,0,0,0,0,0,0,0,0,0,0,0,0,0,0,0,0,0,0,0,0,0,0,0,0,0,0,0,0,0,0,0,0,0,0,0,0,0,0,0,0,0,0,0,0,0,0,0,0,0,0,0,0,0,0,0,0,0,0,0,0,0,0,0,0,0,0,0,0,0,0,0,0,0,0,0
Ibid_stru,0,0,0,1,1,1,1,1,1,1,1,1,1,1,1,1,1,1,1,1,1,1,1,1,1,1,0,0,1,1,1,1,1,1,0,1,1,1,1,0,1,0,0,0,0,0,0,1,1,0,0,0,0,0,0,0,0,0,1,0,0,0,1,1,1,0,0,0,0,1,0,0,1,1,0,0,1,1,0,0,1,1,1,1,1,1,1,1,1,1,1,1,1,1,1,1,1,1,1,1,1,1,1,0,0,0,1,0,1,1,1,0,0,0,1,1,1,1,1,1,1,1,0,0,1,0,0,0,0,0,0,1,1,1,1,1,1,1,1,1,1,1,1,1,1,1,1,1,1,0,0,1,0,0,1,0,0,0,0,1,1,0,0,1,0,2,1,1,1,1,1,1,1,1,1,0,0,0,0,1,1,2,1,1,1,1,1,1,1,1,1,0,0,0,1,2,3,1,1,1,0,1,1,0,1,1,0,0,0,0,0,1,1,1,1,1
Icti_trid,1,0,1,1,1,1,1,1,1,1,1,1,1,1,1,1,1,1,1,1,1,1,1,1,1,1,2,3,1,1,1,1,1,1,1,1,1,1,1,1,1,1,1,1,1,1,1,1,1,1,1,1,2,2,2,2,2,1,1,0,1,1,2,1,1,1,1,1,1,1,1,1,1,1,1,1,1,1,2,1,1,1,1,1,1,1,1,1,1,1,1,1,1,1,1,0,0,0,1,1,1,1,1,1,1,1,1,2,1,1,1,1,1,1,1,1,1,1,1,0,1,0,1,2,3,1,1,2,1,1,1,1,1,1,1,1,1,1,1,1,1,1,1,1,1,1,1,1,1,2,2,1,1,2,1,1,1,2,2,2,1,2,2,1,1,1,2,2,1,1,1,1,1,2,1,2,1,2,2,1,1,3,1,1,1,1,1,0,0,0,0,1,1,1,1,1,3,1,1,0,1,1,1,1,1,1,2,1,1,1,1,1,1,1,2,1
Ifri_kowa,1,0,1,1,1,1,1,1,1,1,1,1,1,1,1,1,0,1,1,1,1,1,1,1,1,1,0,0,1,1,1,1,1,1,0,1,1,1,1,0,1,0,0,1,0,1,1,0,1,1,0,0,0,0,0,0,1,1,0,0,0,0,0,1,1,0,0,1,0,1,1,1,1,1,0,0,1,1,0,0,1,1,1,1,1,1,1,1,1,0,1,1,1,1,1,1,1,1,1,1,1,1,1,0,0,0,1,0,1,1,1,1,0,0,1,1,1,1,1,1,1,1,0,0,0,1,1,1,0,1,1,1,1,1,1,1,1,1,1,1,1,0,1,1,1,1,1,1,1,0,0,0,0,0,0,0,0,0,0,0,1,0,0,1,0,1,1,0,1,1,1,1,1,1,1,0,0,0,0,1,1,2,0,0,0,0,0,1,1,1,1,1,1,0,1,2,1,1,1,0,0,0,0,1,1,2,1,1,1,1,0,1,1,0,1,1
Illa_clea,0,0,0,1,1,1,1,1,1,1,1,1,1,0,0,0,0,0,0,0,0,0,0,0,0,1,0,0,1,1,1,1,1,0,0,1,1,1,1,0,1,0,0,0,0,0,0,0,0,0,0,0,1,1,1,0,0,0,0,0,0,0,0,1,1,0,0,1,2,1,0,0,1,1,0,0,1,1,0,0,1,1,1,1,1,1,1,1,1,1,1,1,1,1,1,1,1,1,1,1,1,1,1,0,0,0,0,0,0,0,0,0,0,0,1,1,1,1,1,1,1,1,0,1,1,0,0,0,0,0,0,1,1,1,1,1,1,2,1,1,2,1,1,1,1,1,1,1,1,1,1,0,0,1,2,1,2,0,0,0,2,0,0,0,0,2,1,1,1,1,1,1,1,1,1,1,1,1,0,1,1,2,0,0,0,0,0,1,1,1,1,1,1,0,1,2,1,0,0,0,0,0,0,0,0,0,0,0,0,0,0,1,1,1,1,1
Indi_macu,1,0,1,0,0,0,0,0,0,0,1,1,1,1,1,1,1,1,1,1,1,1,1,1,1,1,0,0,1,1,1,1,1,1,0,1,1,1,0,0,0,0,0,1,0,0,0,1,0,0,1,1,0,0,0,0,0,1,1,0,0,1,1,1,1,0,0,1,0,1,1,1,1,1,0,0,1,1,0,0,1,1,1,1,1,1,1,1,1,1,1,1,1,1,1,0,0,0,1,1,1,1,1,0,0,0,1,1,0,0,1,2,0,0,1,1,1,1,1,1,1,1,0,0,0,1,1,1,0,1,1,1,1,1,1,1,1,1,1,1,1,0,1,1,1,1,1,1,1,1,0,0,0,0,1,1,0,0,0,0,1,0,0,1,1,0,1,0,1,1,1,1,1,1,1,0,0,0,0,1,1,0,1,1,1,1,1,1,1,1,1,1,1,0,1,1,1,1,1,1,0,1,1,0,0,1,0,0,0,0,0,1,1,0,1,1
Iren_cyan,1,0,1,1,1,1,1,1,1,1,1,1,1,1,1,1,1,1,1,1,1,1,1,1,1,1,1,0,1,1,1,1,1,0,0,1,1,1,1,1,1,0,2,1,0,0,0,0,0,1,0,0,0,0,0,0,1,0,1,0,1,0,1,1,1,0,0,2,2,2,1,1,1,1,0,0,1,1,0,0,1,1,1,1,1,1,1,1,1,0,1,1,1,1,1,1,1,1,1,1,1,1,1,0,0,0,0,0,1,0,0,1,0,0,1,1,1,1,1,1,1,1,0,0,0,1,1,1,1,1,1,1,1,1,1,1,1,2,1,1,1,1,1,1,1,1,1,1,1,0,0,0,0,1,1,0,0,0,0,0,0,0,0,0,0,1,0,0,1,1,1,1,1,1,1,0,0,1,0,0,0,0,0,0,0,0,0,1,1,1,1,0,0,0,1,2,1,1,1,1,1,1,1,1,1,1,1,1,2,1,1,1,1,1,1,1
Ixod_scap,0,0,0,0,0,0,0,0,0,0,0,0,0,0,0,0,0,0,0,0,0,0,0,0,0,0,1,0,0,0,0,0,0,1,0,0,0,0,0,1,0,0,1,0,0,0,0,0,0,0,0,1,0,0,0,0,0,0,0,0,0,0,0,0,0,0,0,0,0,0,0,0,0,0,0,0,0,0,0,0,0,0,0,0,0,0,0,0,0,0,0,0,0,0,0,0,0,0,0,0,0,0,0,0,1,0,0,0,0,0,0,0,0,0,0,0,0,0,0,0,0,0,0,0,1,0,0,0,0,0,0,0,0,0,0,0,0,0,0,0,0,0,0,0,0,0,0,0,0,0,0,0,0,0,0,0,0,0,0,0,0,0,0,0,0,0,0,0,0,0,0,0,0,0,0,0,0,0,0,0,0,0,0,0,0,0,0,0,0,0,0,0,1,0,0,0,0,0,0,0,0,0,0,0,0,0,0,0,0,0,0,0,0,1,2,0
Jaca_jaca,1,0,0,1,1,1,1,1,1,1,1,1,1,0,1,1,0,1,0,1,0,1,0,1,1,0,0,0,1,1,1,1,1,1,0,1,1,1,1,1,1,0,2,1,0,0,1,0,1,0,0,0,0,0,0,0,1,0,0,0,0,0,0,0,1,0,1,1,0,1,1,0,0,1,0,1,1,1,0,0,1,1,1,1,1,1,1,1,1,1,1,0,1,1,1,1,1,1,1,1,1,1,1,0,2,0,0,1,0,1,0,2,0,0,1,1,1,1,1,1,1,1,0,0,1,2,1,1,0,1,1,1,1,1,1,1,1,1,1,1,1,1,1,1,1,1,1,1,1,1,0,1,0,0,2,0,0,0,0,1,0,0,0,1,0,1,1,1,1,1,1,1,1,1,1,0,0,0,0,1,1,2,1,1,1,1,1,1,1,1,1,1,1,0,1,2,1,0,0,0,0,0,0,1,2,1,1,1,1,1,1,1,1,1,1,1
Jacu_jacu,1,1,1,1,0,1,1,1,1,1,1,1,1,1,1,1,1,1,1,1,1,1,1,1,1,1,1,3,1,1,1,1,1,1,1,1,1,1,1,1,1,1,1,2,2,2,1,1,1,1,1,1,2,2,1,1,2,0,1,0,1,1,2,1,1,1,1,1,1,1,1,1,1,1,1,1,0,1,1,0,1,1,0,1,1,1,1,1,1,0,1,1,0,1,1,1,0,1,1,1,1,1,1,1,1,2,2,1,1,1,1,1,2,1,0,0,0,0,0,0,0,0,1,2,1,2,1,2,1,1,2,1,1,1,1,1,1,1,1,1,1,2,1,1,1,1,1,1,1,2,2,1,1,1,1,1,2,1,1,1,1,2,1,0,0,1,1,1,1,0,1,1,1,1,1,1,1,2,1,1,1,1,1,1,1,1,1,0,1,0,0,1,1,2,1,1,2,0,0,0,1,0,0,3,1,1,2,2,1,1,2,1,1,1,1,1
Junc_hyem,1,0,1,1,1,1,1,1,1,1,1,1,1,1,1,1,1,1,1,1,1,1,1,1,1,0,0,0,1,1,1,1,1,1,1,1,1,1,1,1,1,0,0,1,0,0,1,0,0,0,0,1,1,1,0,1,1,1,1,0,1,0,1,1,1,1,1,1,3,1,1,1,1,1,1,1,1,1,1,0,1,1,1,1,1,1,1,1,1,1,1,1,1,1,1,1,1,1,1,1,1,1,1,0,0,0,0,0,1,0,1,1,0,0,1,1,1,1,1,1,1,1,0,0,1,1,1,1,1,1,1,2,2,1,1,1,1,1,1,1,1,1,1,1,1,1,1,1,1,1,1,1,1,2,2,1,2,1,1,0,0,0,1,1,2,1,1,1,1,1,1,1,1,1,1,1,1,0,1,1,1,3,1,1,0,1,0,1,1,1,1,0,1,0,0,0,0,1,1,1,0,1,1,1,1,2,1,1,2,1,2,1,1,1,1,1
King_unif,0,0,0,0,0,0,0,0,0,0,0,0,0,0,0,0,0,0,0,0,0,0,0,0,0,0,0,0,0,0,0,0,0,0,0,0,0,0,0,1,0,0,0,0,0,0,0,0,0,0,0,0,0,0,0,0,0,0,0,0,0,0,0,0,0,0,0,0,0,0,0,0,0,0,0,0,0,0,0,0,0,0,0,0,0,0,0,0,0,0,0,0,0,0,0,0,0,0,0,0,0,0,0,0,0,0,0,0,0,0,0,0,0,0,0,0,0,0,0,0,0,0,0,0,0,0,0,0,0,0,0,0,0,0,0,0,0,0,0,0,0,0,0,0,0,0,0,0,0,0,0,0,0,0,0,0,0,0,0,0,0,0,0,0,0,0,0,0,0,0,0,0,0,0,0,0,0,0,0,0,0,0,0,0,0,0,0,0,0,0,0,0,0,0,0,0,0,0,0,0,0,0,0,0,0,0,0,0,0,0,0,0,0,0,0,0
Kryp_marm,1,0,1,1,1,1,1,1,1,1,0,1,0,1,1,0,2,0,1,0,1,1,1,0,0,1,2,3,0,0,1,0,0,1,1,0,2,0,1,1,1,3,3,1,3,1,1,1,1,0,2,1,0,0,1,0,1,2,1,0,2,1,1,0,0,2,3,1,2,1,1,0,0,0,2,2,2,1,3,0,1,1,0,0,0,1,1,0,0,2,1,0,0,0,0,1,1,1,0,0,0,0,0,3,3,4,0,1,1,1,0,1,2,1,0,0,1,0,0,0,0,1,0,1,0,1,1,1,2,1,1,0,0,1,0,1,1,0,1,1,0,1,0,1,0,0,0,0,0,1,0,1,1,0,0,2,2,0,0,1,0,1,0,0,0,0,0,0,0,1,2,0,0,1,0,0,0,0,0,0,0,0,1,1,1,1,1,1,1,1,1,1,1,0,1,0,0,0,1,1,1,1,1,1,1,0,2,1,1,2,1,0,0,0,1,0
Labe_rohi,1,0,1,1,1,0,1,1,0,1,1,0,0,0,1,0,2,0,0,0,1,0,1,0,0,1,1,1,1,0,1,1,0,1,1,2,0,1,3,1,3,0,2,0,1,0,0,2,0,0,0,0,0,1,4,0,0,1,0,0,0,0,0,1,0,1,1,2,4,0,2,0,1,0,1,1,2,1,5,0,0,0,0,0,0,0,2,2,1,0,0,0,0,1,0,1,1,0,0,0,0,0,0,0,2,1,0,0,0,0,0,0,0,1,0,0,0,0,0,2,1,2,0,1,1,2,1,1,0,1,1,0,0,1,1,0,0,0,1,1,1,1,2,2,2,2,0,2,2,0,0,2,1,0,0,2,1,1,2,1,0,1,1,1,2,0,0,1,1,1,0,0,0,0,0,1,0,3,1,1,1,0,1,1,1,1,1,0,1,0,1,1,0,0,1,2,0,2,0,1,2,2,1,2,2,0,2,0,2,1,2,0,1,1,2,1
Labr_berg,1,0,1,0,1,1,1,1,1,1,0,1,1,1,0,1,2,0,1,0,1,1,1,1,1,2,2,4,1,0,1,1,0,1,0,1,0,1,1,1,1,2,3,1,3,1,1,1,1,1,2,2,1,0,0,0,2,3,2,0,2,3,2,0,0,2,2,1,2,0,1,0,0,0,2,1,2,0,3,0,0,0,0,0,2,0,1,0,0,2,1,0,2,0,0,1,1,0,0,1,0,0,2,2,3,3,1,1,1,1,1,1,2,2,0,1,1,0,0,0,0,1,0,1,0,1,1,1,3,2,1,0,0,1,1,0,0,1,0,1,0,1,0,1,0,0,1,0,0,0,0,0,2,0,0,2,0,0,0,2,0,1,1,1,0,0,0,1,1,0,0,1,0,1,0,1,0,0,0,1,0,0,1,1,1,1,1,0,1,1,0,1,1,1,0,0,0,0,1,1,3,0,1,1,0,0,1,1,1,2,1,0,0,2,3,2
Lamp_supe,1,0,1,1,0,1,1,1,1,1,1,1,1,1,1,1,1,1,1,1,1,1,1,1,1,1,2,0,1,1,1,1,1,1,0,1,1,1,1,1,1,0,1,1,0,1,1,0,1,1,0,0,0,0,0,0,0,0,0,0,0,0,0,1,1,1,1,1,1,0,1,1,1,1,1,1,1,1,0,0,1,1,1,1,1,1,1,1,0,1,1,1,1,1,1,1,1,1,1,1,1,1,1,0,0,0,1,1,0,1,1,1,0,0,1,0,0,1,1,0,1,0,0,1,1,2,1,0,1,1,1,1,2,1,1,1,1,1,2,1,0,0,1,1,1,1,0,0,0,1,0,0,2,2,2,4,1,2,2,1,1,1,1,1,1,1,1,1,1,1,1,0,1,0,0,0,0,0,0,0,1,0,1,0,1,1,0,1,0,1,0,0,0,0,0,1,1,2,0,0,0,1,0,1,0,2,1,0,2,1,0,1,2,1,1,1
Lamp_yunn,0,0,0,0,0,0,0,0,0,0,0,0,0,0,0,0,0,0,0,0,0,0,0,0,0,0,1,0,0,0,0,0,0,0,0,0,0,0,0,0,0,0,0,0,0,0,0,0,0,0,0,1,0,0,0,0,0,0,0,0,0,0,0,0,0,0,0,0,0,0,0,0,0,0,0,0,0,0,0,0,0,0,0,0,0,0,0,0,0,0,0,0,0,0,0,0,0,0,0,0,0,0,0,0,0,0,0,0,0,0,0,0,0,1,0,0,0,1,0,0,0,0,0,1,0,0,0,0,0,0,0,0,0,0,0,0,0,0,0,0,0,0,0,0,0,0,0,0,0,0,0,0,0,0,0,0,0,0,0,0,0,0,0,0,0,0,0,0,0,0,0,0,0,0,0,0,0,0,0,0,0,0,0,0,0,0,0,0,0,0,0,0,0,0,0,0,0,0,0,0,0,0,0,0,0,0,0,0,0,0,0,0,0,0,0,0
Lani_ludo,1,0,1,1,1,1,1,1,1,1,1,1,1,1,1,1,0,1,1,1,1,1,1,1,1,1,0,0,0,0,0,0,0,1,0,0,0,0,1,0,1,0,0,1,0,1,1,0,1,0,0,0,0,0,0,0,0,0,0,0,0,1,1,1,1,0,0,0,1,1,1,0,1,1,0,0,1,1,0,0,1,1,1,1,1,1,1,1,1,1,1,1,1,1,1,1,1,1,1,1,1,1,1,0,0,0,1,1,1,1,0,1,0,0,1,1,1,1,1,1,1,1,0,1,1,0,0,0,0,0,0,1,1,1,1,1,2,1,1,1,1,0,1,1,1,1,1,1,1,0,1,0,0,0,1,0,0,0,0,0,2,0,0,1,0,1,0,0,1,1,1,1,1,1,1,0,0,0,0,1,1,0,1,1,1,1,1,1,1,1,1,1,1,0,1,2,1,1,1,1,0,1,1,1,1,1,1,1,1,1,0,1,1,0,0,0
Laod_stri,0,0,0,0,0,0,0,0,0,0,0,0,0,0,0,0,0,0,0,0,0,0,0,0,0,0,0,0,0,0,0,0,0,0,0,0,0,0,0,1,0,0,0,0,0,0,0,0,0,1,0,1,0,0,0,0,0,0,0,0,0,0,0,0,0,0,0,0,0,0,0,0,0,0,0,0,0,0,0,0,0,0,0,0,0,0,0,0,0,0,0,0,0,0,0,0,0,0,0,0,0,0,0,0,0,0,0,0,0,0,1,0,0,1,0,0,0,0,0,0,0,0,0,0,0,0,0,0,0,0,0,0,0,0,0,0,0,0,0,0,0,0,0,0,0,0,0,0,0,0,0,0,0,0,0,0,0,0,0,0,0,0,0,0,0,0,0,0,0,0,0,0,0,0,0,0,0,0,0,0,0,0,0,0,0,0,0,0,0,0,0,0,0,0,0,0,0,0,0,0,0,0,0,0,0,0,0,0,0,0,0,0,0,1,0,0
Lari_croc,1,0,1,0,1,1,1,1,1,1,0,0,0,0,1,0,1,1,0,1,1,1,0,0,1,1,1,1,0,0,1,0,0,1,0,0,0,0,1,1,1,2,3,1,2,1,1,1,2,0,1,2,1,0,2,0,1,2,2,0,1,1,1,0,0,1,2,1,2,1,1,0,0,0,1,1,1,0,2,0,1,1,0,0,2,1,0,2,0,2,0,1,1,1,1,1,1,0,1,1,0,1,1,2,3,2,0,1,1,2,0,1,1,1,0,0,0,0,0,0,0,1,0,0,0,1,1,1,2,1,1,0,0,1,1,0,1,0,0,1,0,2,1,1,0,0,2,0,0,0,0,1,1,0,0,2,1,0,0,1,0,1,1,0,0,0,0,1,0,1,0,0,1,1,0,0,0,1,0,0,0,0,1,1,1,1,1,0,1,1,0,1,1,0,0,2,0,0,1,1,2,0,1,2,1,0,1,1,1,2,1,0,0,1,1,1
Lasi_nige,0,0,0,0,0,0,0,0,0,0,0,0,0,0,0,0,0,0,0,0,0,0,0,0,0,0,1,0,0,0,0,0,0,0,0,0,0,0,0,0,0,1,0,0,0,0,0,0,0,0,0,1,0,0,0,0,0,0,0,0,0,0,0,0,0,0,0,0,0,0,0,0,0,0,0,0,0,0,0,0,0,0,0,0,0,0,0,0,0,0,0,0,0,0,0,0,0,0,0,0,0,0,0,1,0,0,0,0,0,0,0,0,0,1,0,0,0,0,0,0,0,0,0,0,0,0,0,0,0,0,0,0,0,0,0,0,0,0,0,0,0,0,0,0,0,0,0,0,0,0,0,0,0,0,0,0,0,0,0,0,0,0,0,0,0,0,0,0,0,0,0,0,0,0,0,0,0,0,0,0,0,0,0,0,0,0,0,0,0,0,0,0,0,0,0,0,0,0,0,0,0,0,0,0,0,0,0,0,0,0,0,0,0,0,0,0
Late_calc,1,0,1,1,1,1,1,1,1,1,0,0,0,1,1,0,1,1,1,1,0,1,1,1,1,2,2,4,1,0,1,1,0,1,0,0,2,1,1,1,1,3,2,1,3,0,1,1,1,0,2,2,0,0,1,0,1,2,2,0,2,1,1,0,0,2,2,1,2,1,1,0,0,0,2,2,2,1,3,0,0,1,0,1,2,0,1,0,0,2,0,1,1,1,1,1,1,1,1,1,0,1,1,3,2,3,0,1,1,1,0,1,2,1,0,1,1,0,0,1,1,0,0,1,0,1,2,1,2,1,1,0,0,1,1,0,1,0,1,0,0,1,0,1,0,0,1,0,1,0,0,1,0,1,0,2,0,0,0,1,0,1,0,1,0,0,0,1,0,1,0,1,1,2,1,0,0,1,0,0,1,0,1,1,1,1,1,0,0,0,0,1,1,0,0,0,1,0,1,1,1,1,1,2,2,0,1,1,1,2,0,0,0,1,1,1
Lati_chal,1,0,1,0,1,1,1,1,1,1,1,1,1,1,1,0,1,1,1,0,1,0,0,1,1,1,1,3,1,1,1,1,1,1,0,1,1,1,1,1,1,2,1,1,1,1,1,1,1,1,1,1,1,1,0,1,2,1,1,0,1,2,3,1,1,1,1,1,2,0,1,1,1,1,1,1,1,0,1,0,1,1,0,1,1,1,1,0,1,1,1,0,1,1,1,1,1,1,1,1,1,1,1,2,3,1,0,1,1,1,2,1,1,1,1,0,0,1,1,0,1,0,0,0,0,2,2,1,1,1,1,0,1,1,0,1,1,1,1,1,1,2,0,0,1,1,0,1,1,1,2,2,2,1,2,2,2,1,2,1,2,2,2,1,3,1,1,1,1,1,1,1,1,1,1,1,0,0,1,1,1,1,0,1,1,0,1,0,0,0,0,1,1,1,1,2,1,1,0,1,1,1,1,1,1,1,1,1,2,1,1,1,1,1,1,1
Lati_lati,0,0,1,1,1,1,1,1,1,1,1,1,1,1,1,1,1,1,1,1,1,1,1,1,1,1,2,1,1,1,1,1,1,1,1,1,2,1,1,1,1,1,3,1,1,2,1,1,2,2,2,2,0,0,1,2,2,1,2,0,1,1,3,1,0,1,2,1,3,1,1,1,1,1,1,2,0,0,1,0,1,1,2,1,1,1,0,0,1,0,1,1,1,1,1,0,1,0,1,1,1,1,1,1,3,1,2,1,1,1,2,1,1,2,0,0,0,1,0,0,0,0,0,0,2,3,2,1,1,0,1,1,1,1,0,1,1,1,2,1,1,2,1,1,1,1,2,1,1,1,1,2,1,1,0,0,2,0,0,0,0,1,1,1,0,1,0,0,1,1,1,1,1,0,1,0,0,2,1,0,0,0,1,1,1,1,1,1,0,1,0,1,1,0,0,0,1,2,1,1,0,1,1,1,0,1,0,1,1,1,0,0,1,1,1,1
Leio_lute,0,0,0,0,0,0,0,0,0,0,1,1,1,1,1,1,1,1,1,0,1,1,1,1,1,2,1,0,1,1,1,1,1,1,0,0,1,0,1,1,1,0,0,1,0,0,0,0,0,0,0,0,0,1,0,0,0,0,0,0,0,1,1,1,1,0,0,1,3,1,1,1,1,1,0,0,0,0,0,0,0,0,0,0,0,0,0,0,0,0,0,1,1,1,1,0,0,0,1,1,1,1,1,0,0,0,0,0,1,0,1,0,0,0,1,1,1,1,1,1,1,1,0,1,1,0,0,0,0,0,0,1,1,1,1,1,1,1,1,1,1,1,1,1,1,1,1,1,1,1,0,0,0,1,1,0,1,0,0,0,1,0,0,0,1,2,1,1,1,1,1,1,1,1,1,0,0,1,0,1,1,2,1,1,0,1,1,1,1,1,1,1,1,0,1,2,1,1,1,1,0,1,1,0,0,0,0,0,0,0,0,1,1,0,0,0
Lepe_salm,1,0,0,0,0,0,0,0,0,0,0,0,0,0,0,0,0,0,0,0,0,0,0,0,0,0,0,0,0,0,0,0,0,0,0,0,0,0,0,0,0,0,0,0,0,0,0,0,0,0,0,0,0,0,0,0,0,0,0,0,0,0,0,0,0,0,0,0,0,0,0,0,0,0,0,0,0,0,0,0,0,0,0,0,0,0,0,0,0,0,0,0,0,0,0,0,0,0,0,0,0,0,0,0,0,0,0,0,0,0,0,0,0,0,0,0,0,0,0,0,0,0,0,1,0,0,0,0,0,0,0,0,0,0,0,0,0,0,0,0,0,0,0,0,0,0,0,0,0,0,0,0,0,0,0,0,0,0,0,0,0,0,0,0,0,0,0,0,0,0,0,0,0,0,0,0,0,0,0,0,0,0,0,0,0,0,0,0,0,0,0,0,0,0,0,0,0,0,0,0,0,0,0,0,0,0,0,0,0,0,0,0,0,0,0,0
Lepi_ocul,1,0,1,1,1,1,1,1,1,1,1,1,1,1,1,1,1,1,1,1,1,1,0,1,1,0,1,0,1,1,1,1,1,1,0,1,2,1,1,1,1,2,2,0,0,1,1,0,0,1,1,1,0,1,1,0,0,1,1,0,0,0,1,1,1,1,1,1,2,1,1,0,1,1,1,1,1,1,1,0,0,1,2,1,1,1,1,1,1,1,0,1,1,1,1,1,1,1,1,1,0,1,0,2,2,0,0,0,0,0,0,0,1,1,1,0,1,1,1,1,1,0,0,1,0,0,1,0,1,0,0,2,0,0,0,1,0,0,0,1,0,2,0,1,0,2,1,1,1,1,1,2,2,1,0,2,1,2,2,1,1,2,1,1,2,0,1,1,1,0,0,1,0,1,0,0,1,2,1,1,0,2,1,1,1,1,1,0,1,0,1,1,1,1,1,1,0,1,1,1,1,1,0,2,1,1,2,1,1,1,1,1,1,1,1,1
Lept_aspa,1,0,1,1,0,1,1,1,1,1,1,1,1,1,1,1,1,1,1,1,1,1,1,1,1,2,0,0,1,1,1,1,1,0,0,1,1,1,1,0,1,0,0,1,0,0,1,0,1,0,0,0,1,0,0,1,1,1,0,0,1,1,1,1,1,0,0,1,0,1,0,0,1,1,0,0,1,1,0,0,1,1,1,1,1,1,1,1,1,1,1,1,1,1,1,1,1,1,1,1,1,1,1,0,0,0,0,1,0,1,1,1,0,0,1,1,1,1,1,1,1,1,0,0,1,1,1,1,1,1,1,1,1,1,1,1,1,1,1,1,1,1,1,1,1,1,1,1,1,1,1,1,1,3,3,4,1,2,2,1,1,0,2,1,1,2,2,2,1,1,1,1,1,1,1,1,1,0,1,0,0,2,0,0,0,0,0,1,1,1,1,1,1,0,1,2,3,1,1,1,1,1,1,0,0,1,0,0,0,0,1,1,1,0,0,0
Lept_deli,0,0,0,0,0,0,0,0,0,0,0,0,0,0,0,0,0,0,0,0,0,0,0,0,0,0,0,0,0,0,0,0,0,0,0,0,0,0,0,1,0,0,0,0,0,0,0,0,0,1,0,0,0,0,0,0,0,0,0,0,0,0,0,0,0,0,0,0,0,0,0,0,0,0,0,0,0,0,0,0,0,0,0,0,0,0,0,0,0,0,0,0,0,0,0,0,1,0,0,0,0,0,0,0,0,0,0,0,0,0,0,0,0,0,0,0,0,0,0,0,0,0,0,0,0,0,0,0,0,0,0,0,0,0,0,0,0,0,0,0,0,0,0,0,0,0,0,0,0,0,0,0,0,0,0,0,0,0,0,0,0,0,0,0,0,0,0,0,0,0,0,0,0,0,0,0,0,0,0,0,0,0,0,0,0,0,0,0,0,0,0,1,1,0,0,0,0,0,0,0,0,0,0,0,0,0,0,0,0,0,0,0,0,0,0,0
Lept_disc,0,0,0,0,0,0,0,0,0,0,1,1,1,1,1,1,0,1,1,1,1,1,1,1,1,1,0,0,1,1,0,1,1,0,0,1,1,1,0,0,1,0,2,0,0,1,0,0,1,0,0,0,1,0,0,1,0,0,1,0,0,1,0,1,1,1,1,0,1,0,1,0,1,1,1,1,0,0,0,0,0,0,1,0,0,0,0,0,0,0,0,0,0,0,0,0,0,0,0,0,0,0,0,0,2,0,1,0,1,1,0,0,0,0,1,1,0,1,1,1,1,1,0,0,1,0,0,0,0,0,0,1,0,0,0,0,0,0,0,1,1,1,1,1,1,1,1,1,1,1,0,0,1,1,2,2,1,1,1,0,0,1,1,1,1,0,1,0,0,0,0,1,1,0,1,1,0,0,1,1,1,1,1,1,1,1,1,1,1,0,1,0,0,0,0,1,1,1,1,1,0,1,1,1,0,0,0,1,0,1,1,1,1,1,1,1
Lept_leis,1,0,1,1,1,1,1,1,1,1,1,1,1,1,1,1,1,0,1,1,1,1,1,1,1,1,1,3,0,0,1,0,1,1,0,1,2,1,1,1,1,1,1,1,2,0,2,1,1,1,2,1,0,2,1,0,2,1,1,0,2,2,1,1,0,1,1,1,3,1,1,1,1,0,1,1,1,1,1,0,0,0,0,0,1,1,0,1,1,1,1,1,1,1,1,0,0,0,1,1,1,1,1,1,1,2,0,1,1,1,1,1,2,1,1,1,1,1,1,1,1,1,0,0,1,1,1,1,2,1,1,1,0,1,1,1,2,1,0,1,2,1,0,1,1,2,1,1,1,1,2,1,2,1,0,2,1,1,1,1,2,1,2,1,3,0,1,1,0,0,2,1,1,1,0,0,2,1,0,1,1,1,1,1,1,1,1,0,0,1,0,1,1,0,0,0,0,1,1,1,2,1,1,1,1,0,1,1,1,1,1,1,1,1,1,1
Lept_wedd,1,1,1,1,1,1,1,1,1,1,1,1,1,1,1,1,1,1,1,1,1,1,1,1,1,0,1,3,1,1,1,1,1,1,1,1,1,1,1,1,1,1,1,1,2,2,1,1,1,2,1,2,2,3,2,3,2,1,2,0,1,1,1,1,1,0,1,1,1,1,1,1,1,1,0,1,1,1,2,1,1,1,1,1,1,1,1,1,1,1,1,1,1,1,1,1,1,1,1,1,1,1,1,1,1,1,2,2,1,1,1,0,1,2,1,1,1,1,1,1,1,1,1,3,3,1,1,1,1,1,1,2,1,1,1,1,1,1,1,1,1,2,1,1,1,2,1,1,1,1,2,1,2,1,0,1,1,2,2,2,1,2,1,1,3,2,1,1,1,1,2,1,1,1,1,2,3,2,3,2,2,2,1,1,1,1,1,1,1,1,1,1,1,1,1,1,1,1,1,1,1,1,1,1,1,1,2,1,1,1,1,1,1,1,1,1
Leuc_crea,0,1,0,0,0,0,0,0,0,0,0,0,0,0,0,0,0,0,0,0,0,0,0,0,0,0,0,0,0,0,0,0,0,0,0,0,0,0,0,0,0,0,0,0,0,0,0,0,0,0,0,0,0,0,0,0,0,0,0,0,0,0,0,0,0,0,0,0,0,0,0,0,0,0,0,0,0,0,0,0,0,0,0,0,0,0,0,0,0,0,0,0,0,0,0,0,0,0,0,0,0,0,0,0,0,0,0,0,0,0,0,0,0,0,0,0,0,0,0,0,0,0,0,0,0,0,0,0,0,0,0,0,0,0,0,0,0,0,0,0,0,0,0,0,0,0,0,0,0,0,0,0,0,0,0,0,0,0,0,0,0,0,0,0,0,0,0,0,0,0,0,0,0,0,0,0,0,0,0,0,0,0,0,0,0,0,0,0,0,0,0,0,0,0,0,0,0,0,0,0,0,0,0,0,0,0,0,0,0,0,0,0,0,0,0,0
Leuc_roth,1,0,1,1,1,1,1,1,1,1,1,1,1,1,1,1,0,1,1,1,1,1,1,1,1,1,0,0,1,1,0,1,1,0,0,1,1,1,1,0,1,0,0,1,0,1,1,0,1,1,0,0,0,0,0,0,1,0,0,0,0,1,1,1,1,0,0,0,0,1,0,0,1,1,0,0,1,1,0,0,1,1,1,1,1,1,1,1,1,1,1,0,1,1,1,1,1,1,1,1,1,1,1,0,0,0,1,1,0,1,1,1,0,0,1,1,1,1,1,1,1,1,0,1,1,2,1,1,0,1,1,0,0,0,0,0,0,0,0,0,0,0,0,0,0,0,0,0,0,0,0,0,0,0,0,0,0,0,0,0,0,0,0,0,0,0,0,0,1,1,1,1,1,1,1,0,0,0,0,1,1,0,0,0,0,0,0,1,1,1,1,0,0,0,1,2,3,1,1,1,0,1,1,0,0,0,0,0,0,0,0,1,1,0,0,0
Limo_lapp,0,0,0,0,1,0,0,0,0,0,1,1,1,1,0,1,1,1,1,0,1,1,1,0,1,0,0,0,0,1,0,0,0,1,1,1,1,2,0,0,0,0,0,1,0,0,0,0,1,1,0,0,0,1,0,0,1,1,1,0,0,1,0,1,1,1,2,1,0,2,0,1,1,1,1,2,0,1,0,0,0,1,0,0,0,0,0,0,1,0,0,0,1,0,1,0,0,0,1,1,0,0,1,0,0,0,0,0,1,1,1,1,0,0,0,0,0,0,0,0,0,0,0,1,1,1,1,1,0,2,1,1,0,0,0,0,1,0,0,1,0,1,2,1,1,1,1,0,0,0,1,1,0,1,2,3,1,1,1,2,1,0,2,2,1,2,1,1,1,1,1,1,0,0,0,0,1,0,0,1,1,2,1,1,1,1,1,1,0,1,1,0,0,0,1,1,0,1,0,1,0,1,1,1,0,1,0,0,1,0,1,1,0,0,2,1
Ling_ungu,1,0,1,0,0,0,0,0,0,0,2,2,2,0,0,0,0,0,0,0,0,0,0,0,0,0,1,0,0,0,0,0,0,1,0,0,0,0,0,1,0,0,0,0,0,0,1,0,0,0,1,1,0,0,0,0,0,0,1,0,0,0,0,0,0,1,0,0,0,0,0,0,0,0,1,0,0,0,0,0,0,0,0,0,0,0,0,0,0,0,1,0,0,0,0,0,0,0,0,0,0,0,0,0,0,0,0,1,0,0,0,0,1,1,0,0,0,0,0,0,0,0,0,0,0,0,0,0,0,0,0,0,0,0,0,0,0,0,0,0,0,0,0,0,0,0,0,0,0,0,0,1,0,0,0,0,0,0,0,0,0,1,0,0,0,0,0,0,0,0,0,0,0,0,0,0,0,1,0,0,0,0,0,0,0,0,2,0,0,0,0,1,1,0,0,0,0,0,0,0,0,0,0,0,0,0,0,0,0,0,0,0,0,0,1,0
Lipa_tana,0,0,1,0,0,0,0,0,0,0,0,0,0,0,0,0,3,0,0,1,0,1,1,0,1,0,2,1,0,0,1,0,0,1,0,1,0,1,0,1,0,2,2,0,3,0,1,1,0,1,0,1,0,0,1,0,1,2,0,0,1,1,0,0,0,1,1,1,2,0,1,0,0,0,1,1,0,0,3,0,0,0,0,0,1,1,0,0,0,1,1,0,0,1,0,0,0,0,0,0,0,0,0,2,2,4,0,0,1,0,1,0,0,1,0,0,0,0,0,0,0,0,0,0,0,1,1,1,2,1,1,0,0,0,0,0,0,1,0,0,0,1,0,0,0,0,0,0,0,0,0,1,0,0,0,0,0,0,0,0,0,1,0,0,0,0,0,0,1,0,0,0,0,1,0,0,0,0,0,1,0,0,1,1,1,1,1,0,0,0,0,1,1,0,0,0,0,0,1,0,2,0,0,2,0,0,1,1,0,1,0,0,0,1,1,1
Lipo_vexi,1,1,1,1,1,1,1,1,1,1,1,1,1,1,1,1,1,1,1,1,1,1,1,1,1,1,1,3,1,1,1,1,1,1,1,1,1,1,1,1,1,1,1,1,1,1,1,1,1,2,1,1,4,4,2,4,1,1,2,0,2,1,1,1,1,1,1,2,1,1,1,2,1,1,1,1,0,1,0,0,1,0,1,1,1,1,1,1,1,0,1,0,1,0,0,1,1,1,1,1,1,1,1,1,1,1,1,2,1,1,1,1,1,1,1,1,1,1,1,1,1,1,1,2,1,1,1,2,2,1,2,1,1,1,1,1,1,1,1,1,1,1,1,1,1,1,1,1,1,2,2,1,1,1,1,1,1,2,2,2,1,2,2,1,3,1,1,2,1,1,1,1,1,1,1,4,4,4,4,1,1,3,1,1,1,1,1,1,1,1,1,1,1,1,1,1,1,1,1,1,2,1,1,1,1,1,1,1,1,1,2,1,1,1,1,1
Lith_cate,0,0,0,0,0,0,0,0,0,0,0,0,0,1,0,1,1,1,0,0,1,1,1,1,1,0,0,0,0,0,0,0,0,2,0,0,0,0,0,0,0,0,0,0,0,0,0,0,0,0,0,0,0,0,0,0,1,0,1,0,0,0,1,0,0,0,1,0,0,0,0,0,0,0,0,1,0,0,1,0,0,0,0,0,0,0,0,0,0,0,0,0,0,0,0,0,0,0,1,0,1,1,0,0,0,0,0,0,0,0,0,0,0,0,1,0,0,1,0,0,0,0,0,0,0,1,0,0,0,0,1,0,0,1,0,0,0,0,0,1,1,0,1,0,1,0,0,0,0,0,1,0,0,0,0,0,0,0,0,0,0,0,0,0,0,0,0,0,0,0,0,0,0,0,0,0,0,0,0,0,0,0,1,1,0,1,0,0,0,0,0,0,0,0,0,0,0,1,0,1,0,0,0,0,0,0,0,0,0,0,0,0,0,0,0,0
Lito_sigm,0,0,0,0,0,0,0,0,0,0,0,0,0,0,0,0,0,0,0,0,0,0,0,0,0,0,0,0,0,0,0,0,0,0,0,0,0,0,0,1,0,0,0,0,0,0,0,0,0,0,0,0,0,0,0,0,0,0,0,0,0,0,0,0,0,0,0,0,0,0,0,0,0,0,0,0,0,0,0,0,0,0,0,0,0,0,0,0,0,0,0,0,0,0,0,0,0,0,0,0,0,0,0,0,0,0,0,0,0,0,0,0,0,0,0,0,0,0,0,0,0,0,0,0,0,0,0,0,0,0,0,0,0,0,0,0,0,0,0,0,0,0,0,0,0,0,0,0,0,0,0,0,0,0,0,0,0,0,0,0,0,0,0,0,0,0,0,0,0,0,0,0,0,0,0,0,0,0,0,0,0,0,0,0,0,0,0,0,0,0,0,0,0,0,0,0,0,0,0,0,0,0,0,0,0,0,0,0,0,0,0,0,0,0,0,0
LoaX_loaX,0,0,0,0,0,0,0,0,0,0,0,0,0,0,0,0,0,0,0,0,0,0,0,0,0,0,0,0,0,0,0,0,0,0,0,0,0,0,0,1,0,0,0,0,0,0,0,0,0,0,0,0,0,0,0,0,0,0,0,0,0,0,0,0,0,0,0,0,0,0,0,0,0,0,0,0,0,0,0,0,0,0,0,0,0,0,0,0,0,0,0,0,0,0,0,0,0,0,0,0,0,0,0,0,0,0,0,0,0,0,0,0,0,0,0,0,0,0,0,0,0,0,0,0,0,0,0,0,0,0,0,0,0,0,0,0,0,0,0,0,0,0,0,0,0,0,0,0,0,0,0,0,0,0,0,0,0,0,0,0,0,0,0,0,0,0,0,0,0,0,0,0,0,0,0,0,0,0,0,0,0,0,0,0,0,0,0,0,0,0,0,0,0,0,0,0,0,0,0,0,0,0,0,0,0,0,0,0,0,0,0,0,0,0,0,0
Locu_ocho,1,0,1,1,1,1,1,1,1,1,1,1,1,0,0,0,0,0,0,0,0,0,0,0,0,1,0,0,1,1,1,1,1,0,0,0,0,0,1,0,1,0,0,0,0,0,0,0,0,0,0,0,0,0,0,0,1,1,0,0,0,0,1,1,1,1,1,1,3,2,1,1,1,1,1,1,1,1,0,0,1,1,1,1,1,1,1,1,1,0,1,1,1,1,1,1,1,1,1,1,1,1,1,0,0,0,0,0,0,0,0,0,0,0,1,1,1,1,1,1,1,1,0,1,0,1,1,1,0,1,1,1,2,1,1,1,1,1,1,1,1,1,1,1,1,1,1,1,1,0,0,1,0,1,0,0,1,0,0,0,1,0,0,0,1,2,1,1,1,1,1,1,1,1,1,0,0,0,0,1,1,2,0,0,0,0,0,1,1,1,1,1,1,0,1,2,1,1,1,1,0,1,1,1,1,1,1,1,2,1,0,1,1,0,0,0
Lonc_stri,1,0,1,1,1,1,1,1,1,1,1,1,1,1,1,1,1,1,1,1,2,1,1,1,1,0,0,3,1,1,1,1,1,0,1,1,1,1,1,1,1,0,0,1,0,1,1,1,0,0,0,0,1,1,0,1,1,1,0,0,3,1,0,1,1,1,2,2,2,2,1,1,1,1,1,2,1,1,1,0,1,1,1,1,1,1,1,1,1,1,1,1,0,0,1,1,1,1,1,1,1,1,1,0,0,0,1,0,1,0,1,1,0,0,1,1,1,1,1,1,1,1,0,0,1,1,1,1,3,2,1,1,2,1,1,1,1,1,1,1,1,1,1,1,1,1,1,1,1,1,1,1,1,3,2,3,2,1,2,1,0,1,2,1,1,2,2,2,1,1,1,1,1,1,1,1,1,0,1,1,1,3,0,0,1,0,0,1,1,1,1,1,0,0,1,2,1,1,1,1,1,1,1,1,0,1,0,1,1,1,2,1,1,1,1,1
Loph_rufi,0,0,0,0,0,0,0,0,0,0,1,1,1,1,1,1,1,1,1,1,1,1,1,1,1,1,0,0,1,1,0,1,1,1,0,1,1,1,1,0,1,0,0,1,0,1,1,0,0,0,0,0,0,0,0,0,0,0,1,0,0,1,1,1,1,0,0,1,2,1,2,1,1,1,0,0,1,1,0,0,0,0,0,0,0,0,1,1,1,0,1,1,1,1,1,0,0,0,1,1,1,1,1,0,2,0,1,1,0,1,1,1,0,0,1,1,1,1,1,1,1,1,0,0,0,0,0,0,0,0,0,1,1,1,1,1,1,1,1,1,1,0,1,1,1,1,1,1,1,0,0,0,0,0,1,0,0,0,0,0,2,0,0,1,1,1,1,0,1,1,1,1,1,1,1,0,0,0,0,1,1,0,1,1,1,1,1,1,1,1,1,1,1,0,1,2,3,1,1,1,0,1,1,0,1,0,0,0,0,0,0,1,1,0,0,0
Lott_giga,1,0,1,0,0,0,0,0,0,0,0,0,0,0,0,0,0,0,0,0,0,0,0,0,0,0,1,0,0,0,0,0,0,1,0,0,0,0,0,1,0,0,0,0,0,0,0,0,0,0,1,1,0,0,0,0,0,0,0,0,0,0,0,0,0,1,0,0,0,0,0,0,0,0,1,0,0,0,0,0,0,0,0,0,0,0,0,0,0,0,0,0,0,0,0,0,0,0,0,0,0,0,0,0,0,0,0,0,0,0,0,0,1,1,0,0,0,0,0,0,0,0,0,0,1,0,0,0,0,0,0,0,0,0,0,0,0,0,0,0,0,0,0,0,0,0,0,0,0,0,0,0,0,0,0,0,0,0,0,0,0,0,0,0,0,0,0,0,0,0,0,0,0,0,0,0,0,0,0,0,0,0,0,0,0,0,1,0,0,0,0,1,1,0,0,0,0,0,0,0,0,0,0,0,0,0,0,0,0,0,0,0,0,0,0,0
Loxi_curv,1,0,1,1,0,1,1,1,1,1,1,1,1,1,1,1,1,1,1,1,1,1,1,1,1,0,1,2,1,1,1,1,1,0,0,0,0,0,1,1,1,0,0,1,0,0,1,0,0,0,0,0,1,1,0,1,1,0,0,0,1,1,1,1,1,1,1,1,2,1,1,1,1,1,1,1,1,1,0,0,1,1,1,1,1,1,1,1,1,0,1,1,1,1,1,1,1,1,1,1,1,1,1,0,0,0,0,0,1,0,1,0,0,0,1,1,1,1,1,1,1,1,0,0,0,1,1,1,1,1,1,1,1,1,1,1,1,1,1,1,1,1,1,1,1,1,1,1,1,1,1,0,1,2,1,1,2,1,1,0,1,0,1,0,3,2,1,1,1,1,1,1,1,1,1,1,1,1,1,1,1,0,1,1,1,1,1,1,1,1,1,1,1,0,1,2,2,1,1,1,1,1,1,1,1,2,1,1,1,1,0,1,1,0,0,0
Loxo_afri,0,0,0,1,1,1,1,1,1,1,1,1,1,1,1,0,1,1,1,0,1,1,1,1,1,0,0,2,1,1,1,1,1,1,1,1,0,0,1,1,1,1,1,1,0,2,1,1,1,0,1,1,2,2,2,3,1,1,1,1,1,1,1,1,1,1,1,0,2,0,1,1,1,1,1,1,0,1,0,0,1,1,1,1,1,1,1,1,1,1,1,1,1,1,1,1,1,1,1,1,1,1,1,1,1,0,2,1,1,1,0,1,1,1,1,1,1,1,1,1,1,1,1,2,3,2,1,1,1,1,2,1,1,1,1,1,1,1,1,1,1,1,1,1,1,1,0,1,1,2,2,1,1,2,1,3,2,2,2,2,1,1,1,1,3,1,2,2,1,1,1,1,1,1,1,1,2,2,3,1,2,2,1,1,1,1,1,1,1,1,1,1,1,1,1,1,1,1,1,1,1,1,1,1,2,2,2,1,1,1,2,1,1,1,2,1
Luci_cupr,0,0,0,0,0,0,0,0,0,0,0,0,0,0,0,0,0,0,0,0,0,0,0,0,0,0,1,0,0,0,0,0,0,0,0,0,0,0,0,0,0,0,0,0,0,0,0,0,0,0,0,0,0,0,0,0,0,0,0,0,0,0,0,0,0,0,0,0,0,0,0,0,0,0,0,0,0,0,0,0,0,0,0,0,0,0,0,0,0,0,0,0,0,0,0,0,0,0,0,0,0,0,0,0,0,0,0,0,0,0,0,0,0,0,0,0,0,0,0,0,0,0,0,0,0,0,0,0,0,0,0,0,0,0,0,0,0,0,0,0,0,0,0,0,0,0,0,0,0,0,0,0,0,0,0,0,0,0,0,0,0,0,0,0,0,0,0,0,0,0,0,0,0,0,0,0,0,0,0,0,0,0,0,0,0,0,0,0,0,0,0,0,0,0,0,0,0,0,0,0,0,0,0,0,0,0,0,0,0,0,0,0,0,0,0,0
Lynx_cana,1,0,1,1,1,1,1,1,1,1,1,1,1,1,1,1,1,1,1,1,1,1,1,1,1,0,0,4,1,1,1,1,1,1,1,1,1,1,1,1,1,2,2,2,2,3,2,2,2,3,2,2,2,3,2,3,1,1,2,0,2,1,1,2,2,2,2,1,1,1,1,1,2,2,2,2,1,1,2,1,1,1,1,1,1,1,1,1,1,1,1,1,1,1,1,1,1,1,1,1,1,1,1,2,2,2,2,2,2,2,2,2,2,2,1,1,1,1,1,1,1,1,1,2,3,1,1,2,1,1,2,0,0,1,1,0,1,0,0,1,1,1,1,1,1,1,1,1,1,2,2,1,2,2,1,1,1,2,2,2,1,2,1,1,1,1,1,1,1,1,1,1,1,1,1,3,3,3,3,1,2,3,1,1,1,1,1,1,1,1,1,0,1,1,1,1,1,1,1,1,2,1,1,1,1,2,1,1,1,1,1,1,1,1,1,1
Lynx_pard,1,1,1,1,1,1,1,1,1,1,1,1,1,1,1,1,1,1,1,1,1,1,1,1,1,1,0,5,0,0,1,0,0,1,1,1,1,1,1,1,1,1,1,1,1,2,1,1,1,2,1,1,3,5,1,3,1,1,2,1,2,1,1,1,1,1,1,1,1,1,1,1,1,1,1,1,1,1,2,1,1,1,1,1,1,1,1,1,1,0,1,1,1,1,1,1,2,1,1,1,1,1,1,1,1,1,1,2,1,1,1,1,1,1,1,1,1,1,1,0,1,0,1,2,3,3,0,0,2,1,1,1,1,1,1,1,1,1,1,1,1,1,2,1,1,2,1,1,1,0,2,1,1,1,0,0,2,1,1,2,1,2,1,1,1,2,1,1,1,1,1,1,1,1,1,3,4,3,3,1,2,3,1,1,1,1,1,1,1,1,1,0,0,0,1,1,1,1,1,1,2,1,1,1,1,1,1,1,1,0,1,1,1,1,1,1
Maca_fasc,1,1,1,1,1,1,1,1,1,1,1,0,1,1,1,1,1,1,1,1,1,1,1,1,1,0,0,4,1,1,1,1,1,0,0,1,1,1,1,1,1,2,2,2,2,3,3,2,2,3,2,2,3,3,3,3,1,1,1,1,3,1,1,2,2,2,2,1,1,1,1,1,2,2,2,2,1,1,2,1,1,1,1,1,1,1,1,1,1,1,1,1,1,1,1,1,1,1,1,1,1,1,1,2,2,2,3,3,2,2,2,2,2,2,1,1,1,1,1,1,1,1,1,2,1,1,1,1,3,2,2,2,1,1,1,2,1,1,1,1,0,2,1,1,1,1,1,1,1,2,2,2,2,2,1,1,1,2,2,2,1,2,1,1,3,1,1,1,1,1,1,1,1,1,1,3,3,3,3,1,1,3,1,1,1,1,1,1,1,1,1,0,0,0,1,1,1,1,1,1,3,1,1,1,0,0,2,1,1,0,1,1,1,1,1,1
Maca_mula,1,1,1,1,1,1,1,1,1,1,1,1,1,1,1,1,1,1,1,1,1,1,1,1,1,1,2,5,1,1,1,1,1,1,1,1,1,1,1,1,1,2,2,2,2,3,3,2,2,3,2,2,4,4,4,4,1,1,1,1,3,1,1,2,2,2,2,1,1,1,1,1,1,2,2,2,1,1,2,1,1,1,1,1,1,1,1,1,1,1,1,1,1,1,1,1,1,1,1,1,1,1,1,2,2,2,3,3,2,2,2,2,2,2,1,1,1,1,1,1,1,1,0,2,1,1,1,2,3,1,2,1,1,1,1,2,1,1,1,1,1,2,1,1,1,1,1,1,1,2,2,2,2,2,1,1,1,2,2,2,1,2,1,1,3,1,1,2,1,1,1,1,1,1,1,4,4,4,4,1,1,3,1,1,1,1,1,1,1,1,1,1,1,1,1,1,1,1,1,1,3,1,1,1,1,1,2,1,1,1,1,1,1,1,1,1
Maca_neme,1,1,1,1,1,1,1,1,1,1,1,1,1,1,1,1,1,1,1,1,1,1,1,1,1,1,1,3,0,1,1,0,1,1,0,1,1,1,1,1,1,1,1,1,1,2,2,1,1,2,1,1,2,2,2,2,1,1,1,1,2,1,1,1,1,1,1,1,1,1,1,1,1,1,1,1,1,1,2,1,1,1,1,1,1,1,1,1,1,1,1,1,1,1,1,1,1,1,1,1,1,1,1,1,1,1,2,2,1,1,1,1,1,1,1,1,1,1,1,1,1,1,1,2,1,1,1,2,2,2,2,1,1,1,1,1,1,1,1,1,1,1,1,1,1,1,1,1,1,2,2,1,2,2,1,1,1,2,2,2,1,2,1,1,3,0,1,2,0,0,1,1,1,1,1,2,2,2,2,1,1,3,1,1,1,1,1,1,1,1,1,1,1,1,1,1,1,1,1,1,2,1,1,1,1,1,2,1,1,1,1,1,1,1,1,1
Mach_nigr,1,0,1,0,0,0,0,0,0,0,1,1,1,1,1,1,1,1,1,1,1,1,1,1,1,1,0,0,1,1,1,1,1,0,0,1,1,1,1,1,1,0,0,1,0,0,1,0,0,0,0,0,1,1,0,0,1,1,0,0,0,1,1,1,1,0,0,1,2,1,1,1,1,1,0,0,0,0,0,0,0,0,0,0,0,0,0,0,0,0,0,1,1,1,1,0,0,0,1,1,1,1,1,0,0,0,1,1,1,0,1,1,0,1,1,1,1,1,1,1,1,1,0,1,0,1,1,1,0,1,1,1,2,1,1,1,1,2,1,1,2,1,1,1,1,1,1,1,1,0,1,1,0,1,0,1,2,0,0,0,2,0,0,0,0,2,1,0,1,1,1,1,1,1,1,1,1,0,0,1,1,0,0,0,0,0,0,1,1,1,1,0,0,0,1,2,1,1,1,1,0,1,1,1,0,1,0,1,1,1,1,1,1,1,1,1
Macl_cord,0,0,0,0,0,0,0,0,0,0,0,0,0,0,0,0,0,0,0,0,0,0,0,0,0,0,0,0,0,0,0,0,0,0,0,0,0,0,0,0,0,0,0,0,0,0,0,0,0,0,0,0,0,0,0,0,0,0,0,0,0,0,0,0,0,0,0,0,0,0,0,0,0,0,0,0,0,0,0,0,0,0,0,0,0,0,0,0,0,0,0,0,0,0,0,0,0,0,0,0,1,0,0,0,0,0,0,0,0,0,0,0,0,0,0,0,0,0,0,0,0,0,0,0,0,0,0,0,0,0,0,0,0,0,0,0,0,0,0,0,0,0,0,0,0,0,0,0,0,0,0,0,0,0,0,0,0,0,0,0,0,0,0,0,0,0,0,0,0,0,0,0,0,0,0,0,0,0,0,0,0,0,0,0,0,0,0,0,0,0,0,0,0,0,0,0,0,0,0,0,0,0,0,0,0,0,0,0,0,0,0,0,0,0,0,0
Macr_lign,0,0,0,0,0,0,0,0,0,0,0,0,0,0,0,0,0,0,0,0,0,0,0,0,0,0,1,0,0,0,0,0,0,0,0,0,0,0,0,0,0,0,0,0,0,0,0,0,0,0,0,0,0,0,0,0,0,0,0,0,0,0,0,0,0,0,0,0,0,0,0,0,0,0,0,0,0,0,0,0,0,0,0,0,0,0,0,0,0,0,0,0,0,0,0,0,0,0,0,0,0,0,0,0,0,0,0,0,0,0,0,0,0,0,0,0,0,0,0,0,0,0,0,0,0,0,0,0,0,0,0,0,0,0,0,0,0,0,0,0,0,0,0,0,0,0,0,0,0,0,0,0,0,0,0,0,0,0,0,0,0,0,0,0,0,0,0,0,0,0,0,0,0,0,0,0,0,0,0,0,0,0,0,0,0,0,0,0,0,0,0,0,0,0,0,0,0,0,0,0,0,0,0,0,0,0,0,0,0,0,0,0,0,0,0,0
Malu_cyan,1,0,2,1,1,1,1,1,1,1,1,0,0,1,1,1,1,1,1,1,1,1,1,1,1,0,0,0,1,1,1,1,1,1,0,1,1,1,1,0,1,0,0,1,0,1,1,0,1,0,0,1,0,0,0,1,1,1,1,0,1,0,0,1,1,1,1,0,0,0,1,0,1,1,1,1,1,1,1,0,1,1,1,1,1,1,1,1,1,1,1,1,1,1,1,1,1,1,0,1,0,1,1,0,0,0,1,0,1,1,1,1,0,1,1,1,1,1,1,1,1,1,0,0,2,1,1,1,1,1,1,2,1,1,1,1,1,1,1,1,1,0,1,1,1,1,2,1,1,1,0,0,0,2,1,2,1,1,1,0,0,2,2,1,0,3,1,0,1,1,1,1,1,1,1,0,0,0,1,1,1,1,1,1,1,1,1,1,1,1,1,1,1,0,1,0,1,1,1,1,1,1,1,1,0,0,0,1,0,0,1,1,1,1,1,1
Malu_eleg,1,0,1,1,1,1,1,1,1,1,1,1,1,1,1,1,1,1,1,1,1,1,1,1,1,1,0,0,1,1,1,1,1,1,0,1,1,1,1,1,1,0,0,1,0,0,1,1,0,0,0,1,0,0,0,0,1,1,0,0,0,1,1,1,1,0,0,1,3,2,1,1,1,1,0,0,1,1,0,0,1,1,1,1,1,1,1,1,1,0,1,1,1,1,1,1,1,1,1,1,1,1,1,0,0,0,0,0,1,1,1,1,0,0,1,1,1,1,1,1,1,1,0,0,0,1,1,1,0,1,1,1,2,1,1,1,1,1,1,1,1,1,1,1,1,1,1,1,1,1,0,1,0,0,1,0,1,0,0,0,0,0,0,0,0,2,1,0,1,1,1,1,1,1,1,0,0,0,0,1,1,3,1,1,1,1,1,1,1,1,1,1,1,0,1,2,1,1,1,1,0,1,1,1,1,1,1,1,1,1,0,1,1,0,0,0
Mana_vite,0,0,0,1,0,1,1,1,1,1,0,0,0,1,1,1,0,1,1,1,1,1,1,1,1,0,0,2,1,1,0,1,1,1,0,1,1,1,1,0,1,0,0,1,0,1,1,0,1,0,0,0,1,1,0,1,0,0,1,0,0,0,1,1,1,1,1,0,0,0,1,0,1,1,1,1,1,1,0,0,1,1,2,1,1,2,0,1,1,1,1,1,1,1,1,1,1,1,1,1,1,1,1,0,0,0,1,1,0,1,0,1,0,0,0,0,0,0,0,0,0,0,0,0,1,0,0,0,0,0,0,0,0,0,0,0,0,0,0,1,1,0,1,1,1,1,1,1,1,1,2,0,1,1,2,1,1,1,1,0,1,1,1,1,0,0,1,1,1,1,1,1,1,1,1,1,1,0,1,1,1,1,0,0,0,0,0,1,1,0,1,1,1,0,0,0,0,1,1,1,0,1,1,1,1,1,0,1,1,1,1,1,1,0,0,0
Mand_leuc,1,0,1,1,1,1,1,1,1,1,1,1,1,1,1,1,1,1,1,1,1,1,1,1,1,1,2,3,1,0,1,1,1,1,1,1,1,1,1,1,1,1,1,1,1,2,1,1,1,2,1,1,3,3,3,3,1,1,1,1,1,1,1,1,1,1,1,1,1,1,1,1,1,1,1,1,1,1,1,0,1,1,1,1,1,1,1,1,1,0,1,1,1,1,1,1,1,1,1,1,1,1,1,1,1,1,2,1,1,1,1,1,1,1,1,1,1,1,1,1,1,1,1,2,1,1,1,1,1,2,1,1,1,1,1,1,1,1,1,1,1,2,1,1,1,1,1,1,1,2,2,2,2,2,1,1,1,2,2,2,1,2,1,1,3,1,1,2,1,1,1,1,1,1,1,3,3,3,3,1,2,3,1,1,1,1,1,1,1,1,1,0,0,0,1,1,1,1,1,1,1,1,1,1,1,1,2,1,1,1,1,1,1,1,1,1
Mani_escu,0,0,0,0,0,0,0,0,0,0,0,0,0,0,0,0,0,0,0,0,0,0,0,0,0,0,0,0,0,0,0,0,0,0,0,0,0,0,0,1,0,0,0,0,0,0,0,0,0,0,0,0,0,0,0,0,0,0,0,0,0,0,0,0,0,0,0,0,0,0,0,0,0,0,0,0,0,0,0,0,0,0,0,0,0,0,0,0,0,0,0,0,0,0,0,0,0,0,0,0,0,0,0,0,0,0,0,0,0,0,0,0,0,0,0,0,0,0,0,0,0,0,0,0,0,0,0,0,0,0,0,0,0,0,0,0,0,0,0,0,0,0,0,0,0,0,0,0,0,0,0,0,0,0,0,0,0,0,0,0,0,0,0,0,0,0,0,0,0,0,0,0,0,0,0,0,0,0,0,0,0,0,0,0,0,0,0,0,0,0,0,0,0,0,0,0,0,0,0,0,0,0,0,0,0,0,0,0,0,0,0,0,0,0,0,0
Marc_poly,0,0,0,0,0,0,0,0,0,0,0,0,0,0,0,0,0,0,0,0,0,0,0,0,0,0,0,0,0,0,0,0,0,0,0,0,0,0,0,1,0,0,0,0,0,0,0,0,0,0,0,0,0,0,0,0,0,0,0,0,0,0,0,0,0,0,0,0,0,0,0,0,0,0,0,0,0,0,0,0,0,0,0,0,0,0,0,0,0,0,0,0,0,0,0,0,0,0,0,0,0,0,0,0,0,0,0,0,0,0,0,0,0,0,0,0,0,0,0,0,0,0,0,0,0,0,0,0,0,0,0,0,0,0,0,0,0,0,0,0,0,0,0,0,0,0,0,0,0,0,0,0,0,0,0,0,0,0,0,0,0,0,0,0,0,0,0,0,0,0,0,0,0,0,0,0,0,0,0,0,0,0,0,0,0,0,0,0,0,0,0,0,0,0,0,0,0,0,0,0,0,0,0,0,0,0,0,0,0,0,0,0,0,0,0,0
Marm_marm,1,1,1,1,1,1,1,1,1,1,1,1,1,1,1,1,1,1,1,1,2,1,1,1,1,1,1,3,0,1,1,0,1,1,0,1,1,1,1,1,1,2,2,2,2,3,2,2,2,2,2,2,3,3,5,3,2,1,1,0,1,1,1,2,2,2,2,1,1,1,1,1,2,2,2,2,1,1,1,0,1,1,1,1,1,1,1,1,1,1,1,1,1,1,1,0,0,0,1,1,1,1,1,2,2,2,2,3,2,2,2,2,2,2,1,1,1,1,1,1,1,1,1,2,1,1,1,1,1,1,1,1,1,1,1,1,1,1,1,1,1,3,1,1,1,1,1,1,1,1,1,3,1,1,1,1,1,1,1,2,1,4,1,1,1,1,1,1,1,1,1,1,1,1,1,3,2,5,3,1,2,3,1,1,1,1,1,1,1,1,1,1,1,1,1,1,3,1,1,1,1,1,1,1,1,1,2,1,1,1,0,1,1,1,2,1
Marm_mona,1,0,1,1,2,1,1,1,1,1,1,1,1,0,1,1,0,1,1,1,1,1,0,1,1,1,1,3,1,1,1,1,1,1,1,1,1,1,1,1,1,1,1,2,1,2,1,1,1,1,1,1,4,6,4,4,2,1,2,0,1,1,2,1,1,1,1,1,1,1,1,1,1,1,1,1,1,1,1,1,1,1,1,1,1,1,1,1,2,1,1,1,1,1,1,0,0,0,1,1,1,1,1,1,1,1,2,1,1,1,1,2,1,1,1,1,1,1,1,1,1,1,1,2,3,2,1,2,1,1,1,1,1,1,1,1,1,1,1,1,1,1,1,1,1,1,2,1,1,3,3,1,1,2,1,1,2,2,2,3,2,3,3,2,2,2,2,2,0,0,0,1,1,1,1,3,4,4,4,1,1,1,1,1,1,1,1,1,1,1,1,0,1,1,0,0,2,1,1,1,0,0,1,1,1,1,2,1,1,1,1,1,1,1,1,1
Mast_arma,1,0,1,1,1,1,0,0,0,0,0,1,1,1,1,1,2,1,1,0,1,0,1,1,1,2,2,4,1,1,1,0,1,1,0,1,2,1,0,1,0,3,3,1,3,1,1,1,1,1,2,2,0,1,1,1,1,2,2,0,2,1,1,0,0,2,1,0,0,0,0,0,1,0,2,2,2,1,3,0,0,1,0,1,1,1,1,0,0,2,0,1,1,1,0,0,0,0,0,0,0,0,0,3,3,3,1,1,1,1,1,1,2,2,0,0,0,0,0,1,0,1,0,1,0,1,2,1,2,1,1,0,0,1,1,0,0,0,1,0,0,1,0,1,0,0,1,0,0,0,0,1,2,0,0,2,1,0,0,1,1,1,1,1,2,0,0,1,1,1,0,0,0,1,1,0,0,1,0,1,0,0,1,1,1,1,1,0,1,0,1,1,1,1,1,2,0,0,0,1,2,1,0,2,0,0,1,1,1,1,1,0,0,1,1,1
Mayl_zebr,1,0,1,1,1,1,1,0,1,0,0,1,1,1,1,0,3,2,0,2,0,1,1,2,2,2,3,3,0,0,1,0,0,1,0,0,2,1,1,1,1,2,4,1,4,0,3,1,1,1,3,2,0,0,2,0,1,2,1,0,1,1,1,0,0,2,3,1,2,0,0,0,0,0,2,2,1,0,4,0,0,1,0,1,1,1,1,1,0,2,0,1,1,1,0,1,1,1,1,1,0,1,1,3,4,5,0,2,1,1,0,1,3,1,0,0,0,0,0,0,0,0,0,1,0,1,1,1,2,1,1,0,0,0,0,0,0,0,0,0,0,0,0,1,0,0,0,0,0,0,0,2,1,0,0,2,1,0,0,1,1,2,1,1,2,1,0,0,0,1,0,0,0,1,1,1,0,1,0,1,0,0,1,1,1,1,1,0,1,1,1,1,1,1,0,2,0,0,1,1,2,1,1,1,1,0,1,1,1,1,1,0,0,2,2,0
Medi_subp,0,0,0,0,0,0,0,0,0,0,0,0,0,0,0,0,0,0,0,0,0,0,0,0,0,0,1,0,0,0,0,0,0,0,0,0,0,0,0,0,0,0,0,0,0,0,0,0,0,0,0,0,0,0,0,0,0,0,0,0,0,0,0,0,0,1,0,0,0,0,0,0,0,0,1,0,0,0,0,0,0,0,0,0,0,0,0,0,0,0,0,0,0,0,0,0,0,0,0,0,0,0,0,0,0,0,0,0,0,0,0,0,0,0,0,0,0,0,0,0,0,0,0,0,0,0,0,0,0,0,0,0,0,0,0,0,0,0,0,0,0,0,0,0,0,0,0,0,0,0,0,0,0,0,0,0,0,0,0,0,0,0,0,0,0,0,0,0,0,0,0,0,0,0,0,0,0,0,0,0,0,0,0,0,0,0,0,0,0,0,0,0,0,0,0,0,0,0,0,0,0,0,0,0,0,0,0,0,0,0,0,0,0,0,0,0
Medi_trun,0,0,0,0,0,0,0,0,0,0,0,0,0,0,0,0,0,0,0,0,0,0,0,0,0,0,0,0,0,0,0,0,0,0,0,0,0,0,0,1,0,0,0,0,0,0,0,0,0,0,0,0,0,0,0,0,0,0,0,0,0,0,0,0,0,0,0,0,0,0,0,0,0,0,0,0,0,0,0,0,0,0,0,0,0,0,0,0,0,0,0,0,0,0,0,0,0,2,0,0,1,0,0,0,0,0,0,0,0,0,0,0,0,0,0,0,0,0,0,0,0,0,0,0,0,0,0,0,0,0,0,0,0,0,0,0,0,0,0,0,0,0,0,0,0,0,0,0,0,0,0,0,0,0,0,0,0,0,0,0,0,0,0,0,0,0,0,0,0,0,0,0,0,0,0,0,0,0,0,0,0,0,0,0,0,0,0,0,0,0,0,0,0,0,0,0,0,0,0,0,0,0,0,0,0,0,0,0,0,0,0,0,0,0,0,0
Mela_vers,0,0,0,0,0,0,0,0,0,0,1,1,1,1,1,1,0,1,1,1,1,1,1,1,1,1,0,0,1,1,0,1,1,0,0,1,1,1,0,0,0,0,0,1,0,1,1,0,1,1,0,0,0,0,0,0,1,1,0,0,0,1,1,1,1,0,0,1,1,1,1,0,1,1,0,0,1,1,0,0,1,1,1,1,1,1,1,1,1,1,1,1,1,1,1,0,0,0,1,1,1,1,1,0,0,0,1,1,0,1,1,1,0,1,1,1,1,1,1,1,1,1,0,1,1,1,1,1,0,1,1,2,2,1,1,1,1,1,1,1,1,0,1,0,1,1,1,1,1,0,1,0,0,0,0,0,0,0,0,0,2,0,0,0,0,1,1,0,1,1,1,1,1,1,1,0,0,0,0,1,1,0,0,0,1,0,0,1,1,1,1,1,1,0,1,1,1,1,1,1,0,1,1,1,0,0,0,1,0,1,0,1,1,0,0,0
Mele_gall,1,0,1,1,0,1,1,1,1,1,1,1,1,1,1,1,0,1,1,0,0,1,1,1,1,0,0,0,0,1,0,0,1,1,0,1,1,1,1,0,1,1,2,0,0,0,0,1,1,1,0,0,1,1,0,1,1,1,1,0,0,0,1,1,1,0,1,1,0,0,1,1,1,1,0,1,1,1,0,0,1,1,1,1,1,1,1,2,1,1,1,1,1,1,1,1,1,1,0,1,0,0,1,1,2,0,0,0,0,1,1,0,0,0,1,1,1,1,1,1,1,1,0,1,1,1,1,1,0,1,1,1,1,1,1,1,1,1,1,1,1,2,1,1,1,1,1,1,1,1,1,2,1,1,2,1,2,1,1,0,0,1,1,0,2,2,2,1,1,1,0,1,1,1,1,1,1,0,1,1,2,1,1,1,1,1,1,1,1,1,1,1,1,0,0,0,1,1,1,1,0,1,1,1,1,1,1,1,1,1,1,1,1,1,1,1
Meli_quad,0,0,0,0,0,0,0,0,0,0,0,0,0,0,0,0,0,0,0,0,0,0,0,0,0,0,1,0,0,0,0,0,0,0,0,0,0,0,0,0,0,1,1,0,1,0,0,0,0,0,0,0,0,0,0,0,0,0,0,0,0,0,0,0,0,1,0,0,0,0,0,0,0,0,1,0,0,0,0,0,0,0,0,0,0,0,0,0,0,0,0,0,0,0,0,0,0,0,0,0,0,0,0,1,1,1,0,0,0,0,0,0,0,1,0,0,0,0,0,0,0,0,0,0,0,0,0,0,0,0,0,0,0,0,0,0,0,0,0,0,0,0,0,0,0,0,0,0,0,0,0,0,0,0,0,0,0,0,0,0,0,0,0,0,0,0,0,0,0,0,0,0,0,0,0,0,0,0,0,0,0,0,0,0,0,0,0,0,0,0,0,0,0,0,0,0,0,0,0,0,0,0,0,0,0,0,0,0,0,0,0,0,0,0,0,0
Melo_melo,1,0,1,1,0,1,1,1,1,1,1,1,1,0,0,0,0,0,0,0,0,0,0,0,0,0,1,2,1,1,1,1,1,0,0,1,1,1,1,1,1,0,0,0,0,0,0,0,0,0,0,0,0,0,0,0,1,1,0,0,0,0,1,1,1,1,1,0,0,1,0,0,1,1,1,1,1,1,0,0,1,1,1,1,1,1,1,1,1,1,1,1,1,1,1,1,1,1,1,1,1,1,1,0,0,0,0,0,0,0,0,0,0,0,0,0,0,0,0,0,0,0,0,0,0,1,1,1,0,1,1,1,1,1,1,1,1,1,1,1,1,1,1,1,1,1,1,1,1,0,0,1,0,0,1,0,1,0,0,0,1,0,0,0,1,2,1,0,1,1,1,1,1,1,1,0,0,0,0,0,0,2,1,1,1,1,1,1,1,1,1,1,1,0,1,2,1,1,1,1,0,1,1,0,0,1,0,0,1,0,0,1,1,0,0,0
Melo_undu,1,0,1,0,0,0,0,0,0,0,1,1,1,1,0,1,1,1,1,1,1,1,1,1,1,0,0,0,1,1,1,1,1,1,1,1,1,1,1,0,1,0,2,0,0,1,0,1,1,1,1,1,1,2,0,1,1,1,1,0,0,0,1,1,1,1,1,1,0,1,1,1,1,1,1,1,1,1,0,0,1,1,2,1,1,1,1,1,1,1,1,1,1,1,1,0,0,0,1,1,1,1,1,0,2,0,1,0,1,1,0,0,0,1,1,1,1,1,1,1,1,1,0,1,1,1,1,1,0,1,1,0,1,1,0,0,0,0,0,1,1,0,1,0,1,1,1,1,1,1,1,1,1,1,2,4,1,2,2,2,2,2,2,2,1,2,1,2,1,1,1,1,1,1,1,1,2,1,1,0,2,4,1,1,1,1,1,1,1,1,1,1,1,0,0,0,1,1,1,1,0,1,1,1,1,1,1,1,1,1,1,1,1,1,1,1
Menu_nova,0,0,0,0,0,0,0,0,0,0,0,0,0,0,0,0,0,0,0,0,0,0,0,0,0,0,0,0,0,0,0,0,0,0,0,0,0,0,0,0,0,0,0,0,0,0,0,0,0,0,0,0,0,0,0,0,0,0,0,0,0,0,0,0,0,0,0,0,0,0,0,0,0,0,0,0,0,0,0,0,0,0,0,0,0,0,0,0,0,0,0,0,0,0,0,0,0,0,0,0,0,0,0,0,0,0,0,0,0,0,0,0,0,0,0,0,0,0,0,0,0,0,0,0,0,0,0,0,0,0,0,0,0,0,0,0,0,0,0,1,1,0,1,1,1,1,1,1,1,0,0,0,0,0,0,0,0,0,0,0,1,0,0,1,0,0,0,0,0,0,0,0,0,0,0,0,0,0,0,0,0,0,0,0,0,0,0,0,0,0,0,0,0,0,0,0,0,0,0,0,0,0,0,0,0,0,0,0,0,0,0,0,0,0,0,0
Mero_nubi,0,0,0,0,0,1,0,1,0,1,1,1,1,0,0,1,0,0,0,0,0,0,0,0,0,0,0,0,1,1,0,1,1,0,0,0,0,0,1,0,1,0,0,1,0,0,0,0,0,0,0,0,1,0,0,1,0,0,2,0,0,1,1,0,0,1,1,0,0,0,0,0,0,0,1,1,0,1,0,0,0,0,1,0,0,0,1,1,1,0,1,0,0,0,0,1,1,1,0,0,0,0,0,0,0,0,0,0,0,0,0,1,0,0,1,0,0,1,1,0,0,0,0,1,1,1,1,1,0,0,1,1,0,0,0,0,0,0,0,1,1,1,1,1,1,1,0,1,1,2,2,0,1,1,2,1,1,1,1,0,1,1,1,1,0,0,1,0,1,1,0,1,1,0,1,1,1,0,1,1,1,0,0,0,0,0,0,1,1,0,1,0,0,0,0,0,0,1,1,1,0,1,1,1,0,0,0,1,0,0,0,1,0,0,0,0
Mese_caye,0,0,1,1,1,1,1,1,1,1,0,0,0,1,1,1,1,1,1,1,1,1,1,1,1,1,0,0,1,1,1,1,1,1,0,1,1,1,1,0,1,0,0,0,0,0,0,1,1,0,0,0,0,0,0,0,0,0,1,0,0,1,0,1,1,0,0,0,0,1,0,0,1,1,0,0,1,1,0,0,1,1,1,1,1,1,1,1,1,0,1,1,1,1,1,1,1,1,1,1,1,1,1,0,0,0,0,0,1,1,1,0,0,0,1,1,1,1,1,1,1,1,0,0,1,0,0,0,0,1,0,1,1,1,1,1,1,1,1,1,1,0,1,1,1,1,1,1,1,1,0,0,0,1,0,0,0,0,0,0,1,0,0,1,0,0,1,1,1,1,1,1,1,0,1,0,0,0,0,1,1,2,1,1,1,1,1,1,0,1,0,1,1,0,1,2,1,1,1,1,0,1,1,1,2,2,1,1,1,1,0,1,1,0,0,0
Mesi_unic,1,0,1,0,0,0,0,0,0,0,1,1,1,1,1,1,0,1,1,1,1,1,1,1,1,1,0,0,0,0,0,0,0,1,0,1,1,1,1,0,1,0,0,0,0,0,0,0,1,0,1,0,1,0,0,0,0,1,0,0,0,1,1,1,1,1,1,0,0,0,1,0,1,1,1,1,1,1,0,0,1,1,1,1,1,2,0,1,1,1,1,1,1,1,1,0,0,0,1,1,1,1,1,0,0,0,0,1,1,1,1,0,1,0,1,1,1,1,1,1,1,1,0,0,1,1,1,1,0,1,1,0,0,0,0,0,0,0,0,1,1,0,1,1,1,1,1,1,1,1,1,0,1,1,1,1,0,1,1,0,1,0,1,1,0,0,1,0,0,0,0,1,1,0,1,1,0,0,0,1,1,0,0,0,0,0,0,1,1,0,1,1,1,0,1,0,3,1,1,0,0,0,0,0,0,0,0,0,0,0,1,1,1,0,0,0
Meso_aura,1,1,1,1,1,1,1,1,1,1,1,1,1,1,1,1,1,1,1,1,1,1,1,1,1,1,1,1,1,1,1,1,1,1,1,1,1,1,1,1,1,1,1,1,1,3,1,2,1,3,1,1,2,2,2,3,2,2,3,0,2,2,3,1,1,1,1,1,1,0,1,1,1,1,1,1,1,1,2,1,1,0,1,1,1,1,1,1,1,1,1,1,1,1,1,0,0,0,1,1,1,1,1,1,1,1,3,2,2,1,1,1,1,1,1,1,1,1,1,1,1,1,1,2,1,2,1,1,2,1,1,1,2,2,2,3,2,2,2,1,1,2,1,1,1,1,1,1,1,2,1,1,2,2,1,2,2,1,1,1,1,1,1,0,3,1,1,1,1,1,1,1,1,1,1,2,2,1,3,2,1,3,1,1,1,1,1,1,1,1,1,1,1,2,1,1,0,1,1,1,3,1,1,1,2,1,2,1,1,1,2,1,1,1,1,1
Micr_muri,1,1,1,1,1,0,1,1,1,1,1,1,1,1,1,1,1,1,1,1,1,1,1,1,1,1,2,3,1,1,1,1,1,1,1,1,1,1,1,1,1,1,1,1,1,1,1,1,1,2,1,1,1,1,2,1,2,1,1,1,3,1,1,1,1,1,1,1,1,1,1,1,1,1,1,1,1,1,2,1,1,1,1,1,1,1,1,1,1,1,1,1,1,1,1,1,1,1,1,1,1,1,1,1,1,1,1,1,1,1,1,1,1,1,1,1,1,0,1,1,1,1,1,2,1,1,1,2,3,1,2,1,1,1,1,1,1,1,1,1,1,1,1,1,1,1,1,1,1,2,2,1,2,2,1,1,1,2,2,2,1,2,2,1,3,1,1,1,0,1,1,1,1,1,1,1,1,1,1,1,2,3,1,1,1,1,1,1,1,1,1,0,0,0,1,1,1,1,1,1,3,1,1,1,1,1,1,1,1,1,1,1,1,1,1,1
Micr_ochr,1,1,0,0,1,0,1,1,1,1,1,0,0,1,1,1,1,1,0,1,1,1,1,1,0,1,1,3,0,1,1,0,1,1,1,1,1,1,1,1,1,1,1,1,1,1,1,1,1,2,1,1,1,2,2,2,3,1,1,0,1,1,2,0,1,0,2,1,1,1,1,1,0,1,0,2,0,1,1,1,1,1,1,1,1,2,1,1,1,0,1,1,0,1,1,0,0,0,0,1,0,0,0,1,1,1,1,1,1,1,1,1,1,1,1,1,1,1,1,1,1,1,1,2,1,2,1,1,1,1,1,1,1,1,1,2,1,1,1,1,1,2,2,1,1,1,1,1,1,2,1,2,0,2,1,1,2,0,0,2,0,3,2,1,1,1,0,0,1,1,1,0,1,1,1,1,2,1,3,1,1,3,1,1,1,1,1,1,0,1,1,1,1,1,1,2,1,2,1,1,1,1,1,1,1,1,2,2,1,1,1,0,0,1,1,1
Micr_unic,1,0,0,1,1,1,1,1,1,1,1,1,1,1,1,1,2,1,1,1,1,1,1,1,1,1,2,3,1,1,1,1,1,1,1,1,1,1,1,1,1,1,1,2,2,1,2,1,1,1,2,1,1,2,0,0,3,1,1,0,2,1,1,1,1,1,1,1,1,2,1,1,0,1,1,1,1,1,2,0,1,1,0,1,1,1,1,1,1,1,1,1,1,1,1,0,0,0,1,1,1,1,1,1,1,2,1,1,1,1,1,2,2,1,1,1,0,1,1,1,1,1,1,2,1,3,3,2,2,1,2,1,1,1,0,1,1,1,1,1,0,1,1,1,0,1,1,1,1,2,2,1,2,1,1,1,1,1,1,1,1,1,1,1,3,1,1,1,1,1,1,1,1,0,0,0,2,0,0,0,2,1,1,1,1,1,1,1,1,1,1,2,2,0,1,0,1,1,1,1,1,1,1,1,1,2,1,1,1,0,1,1,1,1,1,1
Mika_micr,0,0,0,0,0,0,0,0,0,0,0,0,0,0,0,0,0,0,0,0,0,0,0,0,0,0,0,0,0,0,0,0,0,0,0,0,0,0,0,0,0,0,0,0,0,0,0,0,0,0,0,0,0,0,0,0,0,0,0,0,0,0,0,0,0,0,0,0,0,0,0,0,0,0,0,0,0,0,0,0,0,0,0,0,0,0,0,0,0,0,0,0,0,0,0,0,1,2,0,0,1,0,0,0,0,0,0,0,0,0,0,0,0,0,0,0,0,0,0,0,0,0,0,0,0,0,0,0,0,0,0,0,0,0,0,0,0,0,0,0,0,0,0,0,0,0,0,0,0,0,0,0,0,0,0,0,0,0,0,0,0,0,0,0,0,0,0,0,0,0,0,0,0,0,0,0,0,0,0,0,0,0,0,0,0,0,0,0,0,0,0,0,0,0,0,0,0,0,0,0,0,0,0,0,0,0,0,0,0,0,0,0,0,0,0,0
Mion_macc,1,0,1,0,0,0,0,0,0,0,1,1,1,1,1,1,1,1,1,1,1,1,1,1,1,0,0,0,1,1,1,1,1,1,0,0,0,0,0,0,0,0,0,1,0,0,1,1,1,0,0,0,1,1,0,1,1,1,0,0,1,1,1,1,1,0,0,1,1,1,1,1,1,1,0,0,1,1,0,0,1,1,1,1,1,1,1,1,1,0,1,1,1,1,1,0,0,0,1,1,1,1,1,0,0,0,0,0,1,0,1,1,0,0,1,1,1,1,1,1,1,1,0,0,0,1,1,1,1,1,1,1,1,1,1,1,1,1,1,1,1,1,1,1,1,1,1,1,1,1,1,1,1,2,1,1,2,1,1,0,1,1,1,1,1,2,1,0,1,1,1,1,1,1,1,1,1,0,1,1,1,0,1,1,1,1,1,1,1,1,1,1,1,0,1,2,1,1,1,1,1,1,1,1,1,1,1,1,1,1,0,1,1,1,1,1
Misc_luta,0,0,0,0,0,0,0,0,0,0,0,0,0,0,0,0,0,0,0,0,0,0,0,0,0,0,0,0,0,0,0,0,0,0,0,0,0,0,0,1,0,0,0,0,0,0,0,0,0,0,0,0,0,0,0,0,0,0,0,0,0,0,0,0,0,0,0,0,0,0,0,0,0,0,0,0,0,0,0,0,0,0,0,0,0,0,0,0,0,0,0,0,0,0,0,0,0,0,0,0,0,0,0,0,0,0,0,0,0,0,0,0,0,0,0,0,0,0,0,0,0,0,0,0,0,0,0,0,0,0,0,0,0,0,0,0,0,0,0,0,0,0,0,0,0,0,0,0,0,0,0,0,0,0,0,0,0,0,0,0,0,0,0,0,0,0,0,0,0,0,0,0,0,0,0,0,0,0,0,0,0,0,0,0,0,0,0,0,0,0,0,0,0,0,0,0,0,0,0,0,0,0,0,0,0,0,0,0,0,0,0,0,0,0,0,0
Mizu_yess,1,0,1,0,0,0,0,0,0,0,0,0,0,0,0,0,0,0,0,0,0,0,0,0,0,0,1,0,0,0,0,0,0,1,0,0,0,0,0,1,0,0,0,0,0,0,0,0,0,1,2,2,0,0,0,0,0,0,1,0,0,0,0,0,0,1,0,0,0,0,0,0,0,0,1,0,0,0,0,0,0,0,0,0,0,0,0,0,0,0,0,0,0,0,0,0,0,0,0,0,0,0,0,0,0,0,0,0,0,0,1,0,2,2,0,0,0,0,0,0,0,0,0,0,0,0,0,0,0,0,0,0,0,0,0,0,0,0,0,0,0,0,0,0,0,0,0,0,0,0,0,0,0,0,0,0,0,0,0,0,0,0,0,0,0,0,0,0,0,0,0,0,0,0,0,0,0,0,0,0,0,0,0,0,0,0,1,0,0,0,0,1,1,0,0,0,0,0,0,0,0,0,0,0,0,0,0,0,0,0,0,0,0,0,0,0
Moho_ochr,1,0,1,1,0,1,1,1,1,1,1,1,1,1,0,1,0,0,1,1,1,1,1,1,1,1,0,0,1,0,1,1,0,0,0,1,1,1,1,0,1,0,0,1,0,1,1,0,1,0,0,1,1,1,0,1,1,0,0,0,0,0,0,1,1,0,0,1,1,1,1,1,1,1,0,0,1,1,0,0,1,1,2,1,1,1,1,1,1,0,1,1,1,1,1,1,1,1,1,1,1,1,1,0,0,0,1,1,1,1,0,1,0,1,1,1,1,1,1,1,1,1,0,0,0,1,1,1,0,1,1,1,2,1,1,1,1,2,1,1,1,0,1,1,1,1,1,1,1,1,1,0,1,1,1,1,1,1,1,0,1,1,1,0,2,0,1,0,1,1,1,1,1,1,1,1,1,1,1,0,0,2,0,0,0,0,0,1,1,1,1,1,1,0,1,2,1,0,0,0,0,0,0,1,1,2,0,1,1,1,0,1,1,0,0,0
Mola_mola,1,0,1,0,1,1,0,0,0,0,0,0,1,1,1,1,3,1,0,1,0,1,1,0,1,2,2,2,0,0,1,0,0,1,0,1,2,1,1,1,1,3,1,1,4,0,1,1,1,1,1,2,0,0,2,1,1,2,1,0,2,1,2,0,0,2,4,1,1,0,0,0,0,0,2,2,2,0,3,0,1,1,0,1,0,1,0,0,0,2,0,1,1,0,1,0,0,0,1,1,0,1,1,3,3,4,0,1,1,1,2,1,1,1,0,1,0,0,0,1,0,0,0,0,0,1,1,1,2,1,1,1,0,0,1,0,0,0,0,1,0,1,0,0,0,0,0,0,0,0,1,2,0,1,0,2,1,0,0,1,1,2,1,1,0,0,0,0,0,0,0,1,0,0,1,1,0,1,0,0,0,0,1,1,1,1,1,0,0,0,0,1,1,1,0,0,0,1,1,0,2,0,1,0,0,0,0,1,0,1,1,0,0,0,0,0
Molo_ater,1,0,1,1,0,1,1,1,1,1,1,1,1,1,1,1,1,1,1,1,1,1,1,1,1,1,1,2,0,0,0,0,0,0,0,1,1,1,1,1,1,0,0,2,0,1,2,1,1,0,0,1,1,1,0,1,1,1,1,0,1,1,1,1,1,1,1,2,2,1,1,1,1,1,1,1,1,1,0,0,1,1,1,1,1,1,1,1,1,0,1,1,1,1,1,1,1,1,1,1,1,1,1,0,0,0,1,1,1,1,0,1,0,1,1,0,1,1,1,0,1,0,0,0,0,1,1,1,1,1,1,1,1,1,1,1,1,1,1,1,1,1,1,1,1,1,1,1,1,1,1,1,1,1,2,1,2,1,1,0,2,0,1,0,3,2,0,0,0,1,1,1,1,1,1,1,1,0,1,1,1,2,1,1,2,1,2,1,1,1,1,1,1,0,1,2,1,1,1,1,1,1,1,1,1,2,1,1,1,1,0,1,1,0,0,0
Molo_molo,1,1,1,1,1,1,1,1,1,1,1,1,1,1,1,1,1,1,1,1,1,1,1,1,1,1,1,3,1,1,1,1,1,0,0,1,1,1,1,1,1,1,1,1,1,2,1,1,1,2,1,1,2,2,1,2,1,1,2,0,3,1,1,2,2,2,2,1,1,0,1,1,2,2,2,2,1,1,2,0,1,1,0,1,1,1,1,1,1,1,1,1,1,1,1,1,1,1,1,1,1,1,1,1,1,1,1,2,1,1,1,1,1,1,1,1,1,1,1,1,1,1,1,2,3,1,1,1,3,2,2,1,1,1,1,2,1,1,1,0,0,0,0,0,0,0,0,0,0,1,2,1,2,2,1,1,1,2,2,1,1,2,2,1,3,1,1,2,1,1,1,1,1,1,1,2,2,2,2,1,1,3,1,1,1,1,1,1,1,1,1,1,1,1,1,1,1,1,1,1,3,1,1,1,1,1,2,1,1,1,1,1,1,1,1,1
Mono_dome,1,1,1,1,1,1,1,1,0,1,1,1,1,1,1,1,1,1,1,1,1,1,1,1,1,0,1,2,1,1,1,1,1,0,0,1,1,1,1,1,1,0,0,1,0,1,0,0,0,1,1,1,1,1,1,1,2,1,1,0,1,1,1,1,1,1,1,0,0,1,1,0,1,1,1,1,1,1,1,1,1,1,1,1,1,1,1,1,1,1,1,0,1,0,0,2,2,1,1,0,1,1,1,0,0,0,1,1,0,0,0,1,1,1,1,1,1,1,1,1,1,1,1,3,1,1,1,1,1,1,1,3,2,1,1,1,1,2,2,1,1,1,0,1,0,1,1,1,1,1,2,1,2,1,1,3,1,2,2,1,2,1,3,1,3,1,2,2,1,1,1,1,1,1,1,1,2,0,1,0,1,3,1,1,1,1,1,1,1,1,1,1,1,1,1,2,1,1,1,1,2,1,1,1,0,0,0,1,0,0,1,1,1,1,1,1
Mono_mono,1,1,1,1,1,0,1,1,1,1,1,1,1,1,1,1,1,1,1,1,1,1,1,1,1,1,1,3,0,1,1,0,1,1,1,0,1,0,1,1,1,1,2,1,1,1,1,1,1,1,1,1,0,0,2,1,2,1,1,0,0,1,1,0,1,0,1,1,0,1,1,1,0,1,0,1,0,1,1,1,1,1,1,1,1,1,1,1,1,0,1,0,0,1,1,1,1,1,1,1,1,1,0,1,2,1,1,1,1,1,1,1,1,1,1,1,1,1,1,1,1,1,1,1,1,1,1,2,0,1,2,1,1,1,1,1,1,1,1,1,0,2,1,1,1,1,1,1,1,2,0,1,0,1,1,1,1,0,0,2,0,1,1,1,0,1,0,0,1,1,1,0,1,1,1,0,0,1,1,1,1,1,1,0,1,1,1,1,0,1,1,1,1,1,0,1,0,1,1,1,0,1,1,1,0,1,2,2,1,1,1,1,2,1,1,1
Moru_nota,0,0,0,0,0,0,0,0,0,0,0,0,0,0,0,0,0,0,0,0,0,0,0,0,0,0,0,0,0,0,0,0,0,0,0,0,0,0,0,0,0,0,0,0,0,0,0,0,0,0,0,0,0,0,0,0,0,0,0,0,0,0,0,0,0,0,0,0,0,0,0,0,0,0,0,0,0,0,0,0,0,0,0,0,0,0,0,0,0,0,0,0,0,0,0,0,0,1,0,0,1,0,0,0,0,0,0,0,0,0,0,0,0,0,0,0,0,0,0,0,0,0,0,0,0,0,0,0,0,0,0,0,0,0,0,0,0,0,0,0,0,0,0,0,0,0,0,0,0,0,0,0,0,0,0,0,0,0,0,0,0,0,0,0,0,0,0,0,0,0,0,0,0,0,0,0,0,0,0,0,0,0,0,0,0,0,0,0,0,0,0,0,0,0,0,0,0,0,0,0,0,0,0,0,0,0,0,0,0,0,0,0,0,0,0,0
Mosc_mosc,1,1,1,1,2,2,1,1,1,1,1,1,1,1,1,1,1,1,1,1,1,1,1,1,1,1,1,3,1,1,1,1,1,1,1,1,1,1,1,1,1,1,1,2,1,2,1,1,1,1,1,1,1,1,4,1,1,1,2,1,2,1,1,1,1,1,1,1,1,1,1,1,1,1,1,1,1,1,1,1,1,1,0,1,1,1,1,1,1,1,1,1,1,1,1,1,1,1,1,1,1,1,1,1,1,1,2,1,1,1,1,1,1,1,1,1,1,1,1,1,1,1,1,2,1,1,1,1,2,2,1,1,1,1,1,1,1,1,1,1,1,2,1,1,1,1,1,1,1,2,2,2,1,1,1,1,1,2,2,2,1,2,2,1,1,1,1,2,1,1,1,1,1,1,1,1,0,2,1,1,2,3,1,1,1,1,1,1,1,1,1,1,1,1,1,1,1,1,1,1,2,1,1,1,1,1,2,1,1,1,2,1,1,1,1,1
Mota_alba,1,0,1,1,1,1,1,1,1,1,1,1,1,1,1,1,1,1,1,1,1,1,1,1,1,1,1,0,1,1,0,1,1,0,0,0,0,0,1,0,1,0,0,1,0,0,1,0,0,0,0,0,1,1,0,0,1,1,0,0,0,1,1,1,1,0,0,2,1,1,1,0,1,1,0,0,1,1,0,0,1,1,1,1,1,1,1,1,1,0,1,1,1,1,1,1,1,1,1,1,1,1,1,0,0,0,0,0,1,1,0,1,0,0,1,1,1,1,1,1,1,1,0,0,1,1,1,1,0,1,1,1,1,1,1,1,1,2,1,1,2,0,1,1,1,1,1,1,1,1,1,0,0,0,1,1,1,0,0,0,3,0,0,1,0,1,0,0,1,1,1,1,1,1,1,1,1,0,0,1,1,0,1,1,1,1,1,1,1,1,1,0,0,0,1,2,1,1,1,1,0,1,1,1,1,2,1,1,1,1,0,1,0,1,1,1
Munt_reev,1,1,1,1,1,1,1,1,1,1,2,1,1,2,1,1,1,1,1,1,1,1,1,1,1,1,1,1,1,1,1,1,1,1,0,1,1,1,1,1,1,1,1,0,1,1,0,0,0,1,0,0,0,0,3,2,2,1,1,0,0,1,1,1,1,1,2,1,1,1,1,1,1,1,1,2,1,1,1,1,1,1,0,1,1,1,1,1,1,1,1,1,1,1,1,1,1,1,1,1,1,1,1,1,1,1,1,0,0,0,1,0,0,0,1,1,1,1,2,1,1,1,1,2,1,1,1,1,0,2,1,1,1,1,1,1,1,1,1,1,1,3,1,1,1,1,1,1,1,2,0,2,1,1,1,1,1,1,1,1,0,2,1,0,4,0,0,0,0,1,1,1,1,1,1,0,0,2,2,1,2,3,1,1,1,1,1,1,1,1,1,1,1,1,1,1,1,1,1,1,0,1,1,1,1,1,2,0,1,0,1,1,1,2,1,2
MusX_musc,1,1,1,1,1,1,1,1,1,1,1,1,1,1,1,1,1,1,1,1,2,1,1,1,1,1,1,3,1,1,1,1,1,1,1,1,1,1,1,1,1,2,2,2,2,3,3,2,2,3,2,2,2,2,2,2,2,1,2,0,2,1,1,2,2,2,3,1,1,1,1,1,2,1,2,3,1,1,1,1,1,1,1,1,1,1,1,1,1,1,1,1,1,1,1,0,0,0,1,1,1,1,1,2,2,2,3,3,2,2,2,2,2,2,1,1,1,1,1,1,1,1,1,2,1,2,1,1,2,2,1,1,1,1,1,2,1,1,1,1,1,2,1,1,1,1,1,1,1,2,2,1,1,2,1,1,1,2,2,2,1,2,2,1,1,1,2,2,1,1,1,1,1,1,1,2,2,1,2,1,1,3,1,1,1,1,1,1,1,1,1,1,1,2,1,1,1,1,1,1,3,1,1,1,1,1,2,1,1,1,2,1,1,1,1,1
MusX_spic,1,1,1,1,1,1,1,1,1,1,2,1,1,1,1,1,1,1,1,1,2,1,1,1,1,1,1,3,0,1,1,0,1,1,1,1,1,0,1,1,1,2,2,1,2,3,2,2,1,2,1,2,2,2,2,2,3,2,2,0,0,1,2,2,1,1,3,1,1,1,1,1,2,1,1,3,1,1,1,1,1,1,1,1,1,1,1,1,1,1,1,1,1,1,1,0,0,0,1,1,1,1,1,2,2,2,3,3,2,1,1,1,1,2,1,1,1,1,1,1,1,1,1,2,1,2,1,1,0,2,1,1,1,1,1,2,1,1,1,1,1,2,1,1,1,1,1,1,1,2,2,1,1,3,1,1,1,2,2,2,1,2,2,1,1,1,2,2,1,1,1,1,1,1,1,2,2,1,2,1,1,3,1,1,1,1,1,1,1,1,1,1,1,2,1,1,0,1,1,1,1,1,1,1,1,1,2,1,1,1,2,1,1,1,1,1
Musa_acum,0,0,0,0,0,0,0,0,0,0,0,0,0,0,0,0,0,0,0,0,0,0,0,0,0,0,0,0,0,0,0,0,0,0,0,0,0,0,0,0,0,0,0,0,0,0,0,0,0,0,0,0,0,0,0,0,0,0,0,0,0,0,0,0,0,0,0,0,0,0,0,0,0,0,0,0,0,0,0,0,0,0,0,0,0,0,0,0,0,0,0,0,0,0,0,1,1,1,0,0,1,0,0,0,0,0,0,0,0,0,0,0,0,0,0,0,0,0,0,0,0,0,0,0,0,0,0,0,0,0,0,0,0,0,0,0,0,0,0,0,0,0,0,0,0,0,0,0,0,0,0,0,0,0,0,0,0,0,0,0,0,0,0,0,0,0,0,0,0,0,0,0,0,0,0,0,0,0,0,0,0,0,0,0,0,0,0,0,0,0,0,0,0,0,0,0,0,0,0,0,0,0,0,0,0,0,0,0,0,0,0,0,0,0,0,0
Musa_balb,0,0,0,0,0,0,0,0,0,0,0,0,0,0,0,0,0,0,0,0,0,0,0,0,0,0,0,0,0,0,0,0,0,0,0,0,0,0,0,0,0,0,0,0,0,0,0,0,0,0,0,0,0,0,0,0,0,0,0,0,0,0,0,0,0,0,0,0,0,0,0,0,0,0,0,0,0,0,0,0,0,0,0,0,0,0,0,0,0,0,0,0,0,0,0,1,1,1,0,0,1,0,0,0,0,0,0,0,0,0,0,0,0,0,0,0,0,0,0,0,0,0,0,0,0,0,0,0,0,0,0,0,0,0,0,0,0,0,0,0,0,0,0,0,0,0,0,0,0,0,0,0,0,0,0,0,0,0,0,0,0,0,0,0,0,0,0,0,0,0,0,0,0,0,0,0,0,0,0,0,0,0,0,0,0,0,0,0,0,0,0,0,0,0,0,0,0,0,0,0,0,0,0,0,0,0,0,0,0,0,0,0,0,0,0,0
Must_puto,1,1,1,1,1,1,1,1,1,1,1,1,1,1,1,1,1,1,1,1,1,1,1,1,1,1,1,3,1,1,1,1,1,1,1,1,1,1,1,1,1,2,2,2,2,3,2,2,3,2,2,2,3,3,3,3,2,1,2,0,3,1,1,2,2,2,2,1,1,1,1,1,2,2,2,2,1,1,2,1,1,1,1,1,1,1,1,1,1,1,1,1,1,1,1,1,1,1,1,1,1,1,1,2,2,2,3,3,2,2,2,2,2,2,1,1,1,1,1,1,1,1,0,2,3,1,1,2,2,2,2,2,2,1,1,2,2,2,2,1,1,1,1,1,1,1,1,1,1,2,2,2,2,2,1,1,1,2,2,2,1,2,2,1,3,1,1,1,1,1,1,2,2,2,2,3,3,3,3,1,2,3,1,1,1,1,1,1,1,1,1,1,1,1,1,1,1,1,1,1,3,1,1,1,1,1,2,1,1,1,2,1,1,1,2,1
Myia_hebe,1,0,1,1,1,1,1,1,1,1,1,1,1,1,1,1,0,1,1,1,1,1,1,1,1,1,0,0,0,0,0,0,0,0,0,1,1,1,0,0,0,0,0,1,0,1,1,0,1,0,0,0,0,0,0,0,1,1,0,0,0,1,1,1,1,0,0,1,0,1,0,0,1,1,0,0,1,1,0,0,1,1,1,1,1,1,1,1,1,1,1,1,1,1,1,1,1,1,1,1,1,1,1,0,0,0,1,1,1,1,0,1,0,0,1,1,1,1,1,1,1,1,0,0,1,1,1,1,0,1,1,1,1,1,1,1,1,2,1,1,1,0,1,1,1,1,1,1,1,0,0,0,0,0,0,0,0,0,0,0,2,0,0,1,0,1,1,0,1,1,1,1,1,1,1,0,0,0,0,0,0,2,0,0,1,0,0,1,1,1,1,0,0,0,1,2,1,1,1,1,0,1,1,1,1,1,1,1,1,1,0,1,1,1,1,1
Myot_bran,1,0,1,1,1,1,1,1,1,1,1,1,1,1,1,1,2,1,1,1,1,1,1,1,1,0,0,0,0,0,0,0,0,1,1,1,1,1,2,1,2,1,4,1,1,2,1,2,1,3,1,2,4,3,4,3,2,1,2,0,0,1,1,2,2,2,3,1,1,1,1,1,2,2,2,3,2,1,1,0,1,2,1,3,3,2,2,2,2,2,3,1,1,1,1,0,0,0,1,1,0,0,1,1,4,1,2,2,2,1,2,1,1,2,1,1,1,1,2,1,1,1,1,1,3,1,1,1,0,1,1,1,1,1,1,2,1,1,1,1,0,1,1,1,1,2,1,1,1,1,1,3,1,2,2,1,1,2,2,1,0,2,2,1,3,0,1,2,1,1,1,1,1,1,1,4,3,3,3,1,2,3,1,1,1,1,1,2,1,2,1,1,1,0,1,1,1,1,1,1,0,1,1,2,1,2,2,1,1,1,1,1,1,1,1,1
Myot_davi,1,0,1,0,0,0,0,0,0,0,0,0,0,1,1,1,1,0,1,1,1,1,1,1,1,0,1,2,1,1,0,1,0,0,0,0,0,0,1,1,1,1,1,1,1,1,1,2,1,2,1,2,1,0,1,2,1,1,1,1,1,1,1,0,0,1,2,1,1,1,1,1,0,0,1,2,1,1,1,0,0,0,0,1,0,1,1,1,1,1,1,1,1,1,1,1,1,1,1,1,1,1,0,1,1,1,1,2,2,1,1,1,1,2,1,1,1,1,1,1,1,1,0,0,2,1,1,1,1,1,1,1,1,1,1,1,1,1,1,1,0,2,1,1,1,1,0,1,1,2,1,1,1,1,1,1,1,1,1,1,0,1,1,0,2,0,0,1,1,1,1,1,1,1,1,1,0,2,2,1,2,3,0,0,0,0,0,2,0,2,1,0,0,0,1,1,1,0,0,0,1,0,0,2,1,1,2,1,1,0,2,1,2,0,0,0
Myot_luci,1,0,1,1,1,1,1,1,1,1,1,1,1,1,1,1,1,1,1,1,1,1,1,1,1,1,1,1,1,1,1,1,1,1,1,1,1,1,1,1,1,1,1,1,1,1,1,1,1,2,1,2,5,5,5,6,1,1,2,1,1,1,1,1,1,1,1,1,1,1,1,1,1,1,1,1,2,2,1,1,3,3,0,3,3,3,2,2,3,1,3,0,0,0,0,1,0,0,1,1,1,1,0,1,1,1,1,1,1,1,1,1,1,2,1,1,1,1,1,1,1,1,1,2,1,1,1,1,1,1,1,1,1,1,1,2,1,1,1,1,1,0,1,1,1,1,0,1,1,2,3,4,2,2,1,1,2,2,2,2,1,1,2,1,3,1,1,2,1,1,1,1,1,1,1,6,4,6,6,1,1,3,0,0,1,0,0,2,1,2,2,1,1,1,0,0,0,1,1,1,1,1,1,1,1,1,1,1,2,1,2,1,1,1,1,1
Myot_myot,1,0,1,1,1,1,1,1,1,1,1,1,1,1,1,1,1,1,1,1,1,1,1,1,1,1,1,1,0,1,1,0,1,0,0,1,1,1,0,1,0,1,1,1,1,2,1,1,1,2,1,2,4,3,2,3,1,1,2,0,3,1,1,1,1,1,1,1,1,1,1,1,1,1,1,1,1,1,1,0,1,1,0,1,1,1,1,1,1,1,1,1,1,1,1,1,1,1,1,1,1,1,1,1,1,1,1,2,1,1,1,1,1,2,1,1,1,1,1,1,1,1,1,2,3,1,1,1,3,2,1,1,1,1,1,1,1,1,1,0,0,0,0,0,0,0,0,0,0,1,2,1,2,2,1,1,1,2,2,1,1,2,2,1,1,1,1,2,1,1,1,1,1,1,1,4,3,3,3,1,2,3,1,1,1,1,1,1,1,1,1,1,1,1,1,1,1,1,1,1,3,1,1,1,1,1,2,1,1,1,2,1,1,1,1,1
Myri_murd,1,0,1,0,1,1,1,1,1,1,0,1,1,1,0,1,1,1,1,0,0,1,1,0,1,2,2,2,1,1,1,1,1,1,1,1,2,0,1,1,1,3,3,1,2,0,2,1,1,1,1,2,1,0,2,0,2,2,1,0,2,1,1,0,0,2,2,1,3,0,1,0,1,0,2,2,1,0,3,0,1,1,0,1,2,1,1,0,0,2,0,1,1,1,1,1,1,1,1,1,0,1,1,3,3,3,1,1,1,1,1,1,1,2,1,0,1,0,0,0,0,0,0,0,0,1,2,1,2,1,1,0,0,1,2,0,0,1,1,1,0,2,0,1,0,0,1,0,1,0,0,1,0,0,0,2,1,1,2,2,0,1,1,1,2,0,0,1,1,0,0,0,1,1,1,1,0,2,0,1,0,0,1,1,1,1,1,0,1,0,1,1,1,1,0,0,0,0,1,1,2,1,1,4,0,0,0,1,0,2,0,1,0,1,1,1
Myst_cros,1,0,1,1,0,0,0,0,0,0,1,1,1,0,0,0,0,0,0,0,0,0,0,0,0,0,0,0,1,1,1,1,1,1,0,1,1,1,1,0,1,0,0,0,0,0,0,0,0,0,0,0,0,0,0,0,0,0,0,0,0,0,0,0,0,0,1,0,0,1,0,0,0,0,0,1,0,0,0,0,0,0,0,0,0,0,0,0,0,0,0,0,0,0,0,0,0,0,0,0,0,0,0,0,0,0,0,0,0,0,0,0,0,0,1,1,1,1,1,0,1,0,0,0,0,0,0,0,0,0,0,0,0,0,0,0,0,0,0,0,1,0,1,1,0,0,1,1,0,0,0,0,0,0,0,0,0,0,0,0,0,0,0,0,0,1,1,0,0,0,1,1,1,1,1,0,0,0,0,1,1,1,0,0,0,0,0,1,1,1,1,1,1,0,1,2,0,0,0,0,0,0,0,0,0,0,0,0,0,0,0,1,0,0,0,0
Myti_coru,1,0,1,0,1,0,0,0,0,0,0,1,1,0,0,0,0,0,0,0,0,0,0,0,0,0,0,0,0,0,0,0,0,0,0,0,0,0,0,1,0,0,0,0,0,0,0,0,0,0,0,0,0,0,0,0,0,0,0,0,0,0,0,0,0,1,0,0,0,0,0,0,0,0,1,0,0,0,0,0,0,0,0,0,0,0,0,0,0,0,0,0,0,0,0,0,0,0,0,0,0,0,0,0,0,0,0,0,0,0,0,0,0,0,0,0,0,0,0,0,0,0,0,0,0,0,0,0,0,0,0,0,0,0,0,0,0,0,0,0,0,0,0,0,0,0,0,0,0,0,0,0,0,0,0,0,0,0,0,0,0,0,0,0,0,0,0,0,0,0,0,0,0,0,0,0,0,0,0,0,0,0,0,0,1,0,0,0,0,0,0,1,1,0,0,0,0,0,0,0,0,0,0,0,0,0,0,0,0,0,0,0,0,0,0,0
Naja_naja,1,1,1,1,1,1,1,1,1,1,0,1,1,1,1,1,1,1,1,1,1,1,0,1,1,0,0,0,1,1,1,1,1,1,1,0,0,0,1,1,1,1,3,1,2,2,1,1,2,1,2,2,1,1,1,0,2,1,1,0,2,3,2,1,1,1,1,1,3,2,1,1,1,1,1,1,1,1,2,0,1,1,1,1,1,1,1,1,1,1,1,1,1,1,1,0,1,0,1,1,1,1,1,1,3,1,2,1,1,1,1,1,1,1,1,1,1,1,1,1,1,1,0,0,2,2,2,1,2,2,1,1,1,1,0,1,1,1,1,1,0,2,1,1,1,1,1,1,1,1,1,0,2,1,0,3,0,2,2,1,0,0,1,1,3,0,1,1,1,1,1,0,1,0,0,1,0,1,0,0,0,0,1,1,1,1,1,1,1,1,1,1,1,0,1,4,1,1,0,1,1,1,1,1,1,1,1,1,1,1,1,1,1,0,1,1
Nann_gali,1,1,1,1,1,1,1,1,1,1,1,1,1,1,1,1,1,1,1,1,1,1,1,1,1,1,1,3,1,1,1,1,1,1,1,1,1,1,1,1,1,1,1,1,2,1,1,1,1,2,1,1,2,2,2,2,1,1,2,0,2,1,2,1,1,1,1,0,1,0,1,0,1,1,1,1,1,1,1,1,1,1,1,1,1,1,1,1,1,1,1,1,1,1,1,1,1,1,1,1,1,1,1,1,1,2,1,1,1,1,1,1,1,1,1,1,1,1,1,1,1,1,1,2,1,1,1,1,2,1,1,1,1,1,1,1,1,1,1,1,1,2,1,1,1,1,1,1,1,2,2,1,1,1,1,1,2,1,1,1,1,2,1,0,0,1,0,1,1,1,1,1,1,1,1,2,1,1,2,1,1,3,1,1,1,1,1,1,1,1,1,1,1,1,1,1,1,1,1,1,2,1,1,1,1,1,2,1,1,1,2,1,1,1,1,1
Naso_vitr,0,0,0,0,0,0,0,0,0,0,0,0,0,0,0,0,0,0,0,0,0,0,0,0,0,0,1,0,0,0,0,0,0,0,0,0,0,0,0,0,0,1,1,0,1,0,0,0,0,0,0,1,0,0,0,0,0,0,0,0,0,0,0,0,0,1,0,0,0,0,0,0,0,0,1,0,0,0,0,0,0,0,0,0,0,0,0,0,0,0,0,0,0,0,0,0,0,0,0,0,0,0,0,1,1,1,0,0,0,0,0,0,0,1,0,0,0,0,0,0,0,0,0,0,0,0,0,0,0,0,0,0,0,0,0,0,0,0,0,0,0,0,0,0,0,0,0,0,0,0,0,0,0,0,0,0,0,0,0,0,0,0,0,0,0,0,0,0,0,0,0,0,0,0,0,0,0,0,0,0,0,0,0,0,0,0,0,0,0,0,0,0,0,0,0,0,0,0,0,0,0,0,0,0,0,0,0,0,0,0,0,0,0,0,0,0
Neca_amer,0,0,0,0,0,0,0,0,0,0,0,0,0,0,0,0,0,0,0,0,0,0,0,0,0,0,0,0,0,0,0,0,0,0,0,0,0,0,0,1,0,0,0,0,0,0,0,0,0,0,0,0,0,0,0,0,0,0,0,0,0,0,0,0,0,0,0,0,0,0,0,0,0,0,0,0,0,0,0,0,0,0,0,0,0,0,0,0,0,0,0,0,0,0,0,0,0,0,0,0,0,0,0,0,0,0,0,0,0,0,0,0,0,0,0,0,0,0,0,0,0,0,0,0,0,0,0,0,0,0,0,0,0,0,0,0,0,0,0,0,0,0,0,0,0,0,0,0,0,0,0,0,0,0,0,0,0,0,0,0,0,0,0,0,0,0,0,0,0,0,0,0,0,0,0,0,0,0,0,0,0,0,0,0,0,0,0,0,0,0,0,0,0,0,0,0,0,0,0,0,0,0,0,0,0,0,0,0,0,0,0,0,0,0,0,0
Nema_vect,0,0,0,0,0,0,0,0,0,0,0,0,0,0,0,0,0,0,0,0,0,0,0,0,0,0,0,0,0,0,0,0,0,1,0,0,0,0,0,1,0,0,0,0,0,0,0,0,0,0,0,0,0,0,0,0,0,0,0,0,0,0,0,0,0,0,0,0,0,0,0,0,0,0,1,0,0,0,0,0,0,0,0,0,0,0,0,0,0,0,0,0,0,0,0,0,0,0,0,0,0,0,0,0,0,0,0,0,0,0,0,0,0,0,0,0,0,0,0,0,0,0,0,0,0,0,0,0,0,0,0,0,0,0,0,0,0,0,0,0,0,0,0,0,0,0,0,0,0,0,0,0,0,0,0,0,0,0,0,0,0,0,0,0,0,0,0,0,0,0,0,0,0,0,0,0,0,0,0,0,0,0,0,0,0,0,0,0,0,0,0,1,0,0,0,0,0,0,0,0,0,0,0,0,0,0,0,0,0,0,0,0,0,1,1,0
Neod_coru,1,0,1,0,0,0,0,0,0,0,1,1,1,0,0,0,0,0,0,0,0,0,0,0,0,0,0,0,1,1,0,1,0,1,0,0,0,0,0,0,0,0,0,0,0,0,0,0,0,0,0,0,0,0,0,0,0,0,0,0,0,0,0,0,0,0,1,0,0,1,0,0,0,0,0,1,0,0,0,0,0,0,0,0,0,0,0,0,0,0,0,0,0,0,0,0,0,0,0,0,0,0,0,0,0,0,0,0,0,0,0,0,0,0,1,0,0,1,1,0,1,0,0,1,0,1,1,1,0,0,1,0,0,0,0,0,0,0,0,0,1,0,0,0,0,0,1,0,0,0,0,0,0,0,0,0,0,0,0,0,0,0,0,0,0,0,0,0,1,1,1,1,1,1,1,0,0,0,0,1,1,2,0,0,0,0,0,1,0,1,1,1,1,0,1,0,0,0,0,0,0,0,0,0,0,0,0,0,0,0,0,0,0,0,0,0
Neod_leco,0,0,0,0,0,0,0,0,0,0,0,0,0,0,0,0,0,0,0,0,0,0,0,0,0,0,0,0,0,0,0,0,0,1,0,0,0,0,0,0,0,1,1,0,1,0,0,1,0,0,0,1,0,0,0,0,0,0,0,0,0,0,0,0,0,0,0,0,0,0,0,0,0,0,0,0,0,0,0,0,0,0,0,0,0,0,0,0,0,0,0,0,0,0,0,0,0,0,0,0,0,0,0,1,1,0,0,0,0,0,0,0,0,1,0,0,0,0,0,0,0,0,0,0,0,0,0,0,0,0,0,0,0,0,0,0,0,0,0,0,0,0,0,0,0,0,0,0,0,0,0,0,0,0,0,0,0,0,0,0,0,0,0,0,0,0,0,0,0,0,0,0,0,0,0,0,0,0,0,0,0,0,0,0,0,0,0,0,0,0,0,0,0,0,0,0,0,0,0,0,0,0,0,0,0,0,0,0,0,0,0,0,0,0,0,0
Neog_mela,1,0,1,1,0,0,0,0,0,0,0,0,0,1,0,0,1,1,0,0,0,0,1,0,0,2,2,2,0,0,0,0,0,1,0,0,0,0,0,1,0,2,0,0,1,0,0,0,0,0,1,1,1,0,3,0,0,1,0,0,1,0,0,0,0,1,0,1,1,0,0,0,0,0,1,0,1,1,3,0,0,0,0,0,0,0,0,1,0,1,0,1,0,1,1,0,0,0,0,1,0,0,1,2,0,1,0,0,0,0,0,1,1,1,0,0,0,0,0,0,0,0,0,0,0,2,1,1,1,1,1,0,0,0,1,0,0,0,0,1,0,1,1,1,0,0,0,0,0,0,1,2,2,0,0,2,1,0,0,1,1,2,1,1,2,0,0,1,0,0,0,0,0,1,0,1,0,3,0,0,0,0,1,0,1,1,1,0,0,0,0,0,1,1,1,0,0,0,1,0,0,0,1,1,0,0,1,1,1,1,0,0,0,0,0,0
Neol_bric,0,0,0,1,1,1,1,1,1,1,0,0,0,1,1,0,2,1,1,1,0,1,1,1,1,2,3,3,0,0,1,0,1,1,0,0,0,1,1,1,1,4,3,1,3,0,2,1,1,2,2,2,1,0,2,0,1,2,1,0,1,1,1,0,0,2,2,1,2,0,0,0,0,0,2,2,1,0,3,1,0,1,0,1,1,1,1,0,0,2,0,1,1,1,0,1,1,1,1,1,0,1,1,4,3,4,0,1,1,1,0,1,2,1,0,0,1,0,0,0,0,0,0,1,0,1,1,1,2,1,1,1,0,0,0,0,0,0,0,1,0,1,0,0,0,0,0,0,0,0,0,2,2,0,0,2,1,1,1,1,0,2,1,1,4,0,1,1,0,1,0,0,1,1,1,1,0,2,0,1,0,0,1,1,1,1,1,0,1,0,1,1,1,1,0,2,0,1,1,0,2,1,1,1,0,0,1,1,1,1,0,0,0,1,1,0
Neop_cinn,1,0,1,1,1,1,1,1,1,1,1,1,1,1,1,1,1,1,1,1,1,1,1,1,1,1,0,0,1,1,1,1,1,1,0,0,0,0,1,1,1,0,0,2,0,0,1,0,1,0,0,0,0,0,0,0,1,0,0,0,0,0,0,1,1,0,0,1,0,1,1,1,1,1,0,0,1,1,0,0,1,1,0,1,1,1,1,1,2,0,2,0,1,1,1,1,1,1,0,0,0,0,1,0,0,0,0,0,0,1,1,2,0,0,0,0,0,0,0,0,0,0,0,0,0,1,1,1,0,1,1,1,2,1,1,1,1,1,1,1,1,1,1,1,1,1,1,1,1,0,0,1,0,1,1,0,1,0,0,0,1,0,0,0,0,1,1,1,1,1,1,1,1,1,1,0,0,0,0,1,1,2,1,1,1,1,1,1,1,1,1,1,1,0,1,2,1,0,0,0,0,0,0,1,1,1,1,1,1,1,0,1,1,1,1,1
Neot_lepi,1,1,1,0,0,0,1,1,1,1,1,1,1,1,1,0,1,1,1,1,0,1,0,1,0,1,1,4,1,1,1,1,1,1,0,1,1,0,0,0,0,2,2,2,1,3,2,1,1,2,2,2,2,2,1,3,1,1,1,0,0,1,2,0,1,0,1,1,0,1,1,1,0,1,0,1,1,1,1,0,1,1,1,1,1,1,1,1,1,1,1,0,1,1,1,0,0,0,1,1,1,1,1,2,2,1,3,2,1,1,2,2,2,2,1,2,1,1,1,2,2,2,1,2,1,1,1,1,0,2,1,1,1,1,0,2,1,1,1,1,1,2,1,1,1,2,2,1,1,2,1,2,1,1,0,1,2,1,1,2,0,2,2,1,1,1,0,1,1,0,1,1,0,1,0,2,2,2,3,1,1,3,1,1,1,1,1,1,0,1,1,1,1,1,1,1,1,0,0,0,0,1,0,1,0,2,0,1,1,1,1,0,1,1,1,1
Neov_viso,0,0,0,1,1,1,1,1,1,1,1,1,1,1,0,1,1,1,1,1,1,1,1,1,1,1,1,4,1,1,1,1,1,1,1,1,1,1,1,1,1,1,1,2,1,2,1,1,1,1,1,1,3,3,4,3,2,1,2,1,1,1,1,1,1,1,1,1,1,1,1,1,1,1,1,1,1,1,2,1,1,1,1,1,1,1,1,1,1,1,1,1,1,1,1,1,1,1,1,1,1,1,1,1,1,1,1,2,1,1,1,1,1,1,1,1,1,1,1,1,1,1,1,2,3,1,1,2,1,1,2,1,1,1,1,1,1,1,1,1,1,2,1,1,1,1,1,1,1,2,2,3,2,2,1,1,2,1,1,2,1,4,2,1,3,1,1,1,1,1,1,1,1,1,1,3,3,3,3,1,2,3,1,1,1,1,1,1,1,1,1,1,1,1,1,1,1,1,1,1,1,1,1,0,1,1,1,0,1,1,2,1,1,2,3,2
Neso_acun,1,0,1,1,0,1,1,1,1,1,1,1,1,1,1,1,1,1,1,1,1,1,1,1,1,1,1,0,0,1,1,0,1,0,0,1,1,1,1,0,1,0,0,1,0,0,0,0,0,1,0,0,0,0,0,0,0,0,1,0,0,1,1,0,0,0,0,1,0,1,0,0,0,0,0,0,1,1,0,0,1,1,1,1,1,1,1,1,1,0,1,1,1,1,1,1,1,1,1,1,1,1,1,0,0,0,0,0,1,0,0,1,0,0,1,1,1,1,1,1,1,1,0,0,0,0,0,0,0,0,0,1,1,1,1,1,1,1,1,0,0,0,0,0,0,0,0,0,0,0,0,0,0,0,0,0,0,0,0,0,1,0,0,0,1,1,0,0,1,1,1,1,1,1,0,0,0,0,0,0,0,2,1,1,1,1,1,1,1,1,1,0,0,0,1,2,1,1,1,1,0,1,1,1,1,2,1,1,1,1,0,1,1,0,0,0
Nest_nota,0,0,1,0,0,0,0,0,0,0,0,0,0,1,1,1,0,1,1,1,1,1,1,1,1,0,0,0,1,1,0,1,1,0,0,1,1,1,0,0,0,0,0,0,0,1,0,1,1,0,1,0,1,0,0,1,0,0,0,0,0,1,1,0,0,0,1,0,1,0,0,0,0,0,1,1,1,1,0,0,1,1,2,1,1,2,1,1,1,1,1,1,0,1,1,0,0,0,1,1,1,1,0,0,2,0,1,0,1,1,0,0,1,0,1,1,1,1,1,1,1,1,0,0,1,0,0,0,0,0,0,1,0,0,0,0,0,0,0,0,0,0,0,0,0,0,0,0,0,1,0,1,1,1,1,1,1,1,1,0,0,1,1,0,2,0,0,1,1,1,1,0,0,0,0,1,0,1,1,0,0,0,1,1,1,1,1,1,1,0,1,0,0,0,0,1,0,1,1,1,0,1,1,1,0,0,0,1,0,1,1,1,1,1,1,1
Nica_chlo,1,0,1,0,0,0,0,0,0,0,0,1,0,1,1,1,1,1,1,1,1,1,1,1,1,0,0,0,1,1,1,1,1,1,0,1,1,1,1,1,1,0,0,1,0,0,1,0,0,0,0,0,1,1,0,0,0,0,0,0,0,0,0,0,1,0,1,1,2,2,1,1,0,1,0,1,0,1,0,0,1,1,1,1,1,1,0,1,1,0,1,0,0,0,0,0,0,0,0,0,0,0,0,0,0,0,0,0,1,0,0,0,0,0,1,1,1,1,1,1,1,1,0,0,1,0,0,0,0,0,0,1,1,1,1,1,1,1,1,0,2,0,1,1,0,0,1,1,1,1,1,0,0,0,1,1,1,0,0,0,1,0,0,0,0,1,1,1,1,1,1,1,1,1,1,1,1,0,0,0,0,0,1,1,0,1,1,1,0,1,1,1,1,0,1,2,1,0,0,0,0,0,0,1,1,2,1,1,1,1,0,1,1,0,0,0
Nipp_bras,0,0,2,0,0,0,0,0,0,0,0,0,0,0,0,0,0,0,0,0,0,0,0,0,0,0,0,0,0,0,0,0,0,0,0,0,0,0,0,1,0,0,0,0,0,0,0,0,0,0,0,0,0,0,0,0,0,0,0,0,0,0,0,0,0,0,0,0,0,0,0,0,0,0,0,0,0,0,0,0,0,0,0,0,0,0,0,0,0,0,0,0,0,0,0,0,0,0,0,0,0,0,0,0,0,0,0,0,0,0,0,0,0,0,0,0,0,0,0,0,0,0,0,0,0,0,0,0,0,0,0,0,0,0,0,0,0,0,0,0,0,0,0,0,0,0,0,0,0,0,0,0,0,0,0,0,0,0,0,0,0,0,0,0,0,0,0,0,0,0,0,0,0,0,0,0,0,0,0,0,0,0,0,0,0,0,0,0,0,0,0,0,0,0,0,0,0,0,0,0,0,0,0,0,0,0,0,0,0,0,0,0,0,0,0,0
Nipp_nipp,0,0,0,1,0,1,1,1,1,1,1,1,1,1,1,1,0,1,1,1,1,1,1,1,1,0,0,0,1,1,0,1,1,0,0,1,1,1,1,0,1,1,0,0,0,1,0,1,1,1,0,0,1,1,0,1,0,0,1,0,0,1,0,0,0,0,0,0,2,0,0,0,0,0,0,0,1,1,0,0,1,1,1,1,1,2,1,1,1,1,1,1,1,1,1,1,1,1,1,1,1,1,1,0,0,0,1,0,1,1,1,0,0,0,1,1,1,1,1,1,1,1,0,1,0,0,0,0,0,0,0,1,1,1,1,1,1,1,1,0,1,1,1,1,1,1,1,1,1,1,2,1,1,2,2,2,1,1,1,0,1,0,1,1,0,0,1,2,0,1,1,1,1,0,1,1,1,0,1,0,1,0,1,1,1,1,1,1,1,0,1,1,1,0,0,1,1,1,1,1,0,1,1,1,2,1,0,1,1,1,0,0,0,1,1,1
Noma_leuc,1,1,1,1,1,1,1,1,1,1,1,1,1,1,1,1,1,1,1,1,1,1,1,1,1,1,1,4,1,1,0,1,0,1,1,1,1,1,1,1,1,1,1,1,1,2,2,1,1,2,1,1,4,4,4,4,1,1,1,1,1,1,1,1,1,1,1,1,1,1,1,1,1,1,1,1,1,1,1,1,1,1,1,1,1,1,1,1,1,1,1,1,1,1,1,1,1,1,1,1,1,1,1,1,1,1,2,2,1,1,1,1,1,1,0,1,1,1,1,1,1,1,1,2,2,1,0,1,1,1,1,1,1,1,1,1,1,1,1,1,1,1,1,1,1,1,1,0,0,2,2,1,3,2,1,1,1,2,2,2,1,2,1,1,1,1,1,2,1,1,2,1,1,1,1,4,4,4,4,1,1,1,1,1,1,1,1,1,1,1,1,1,1,1,1,1,1,1,1,1,1,1,1,1,1,2,1,1,1,1,1,1,1,1,2,1
Note_scut,1,0,1,1,1,1,1,1,1,1,1,1,1,1,1,1,1,1,1,1,2,1,1,1,1,1,2,1,1,1,1,1,1,1,1,1,2,1,1,1,1,1,3,1,2,1,1,1,2,2,1,2,1,2,2,0,2,1,1,0,2,3,1,1,1,1,1,1,3,1,1,1,1,1,1,1,1,1,1,0,1,1,1,1,1,1,1,1,1,1,1,1,1,1,1,0,1,0,1,1,1,1,1,1,3,1,1,1,1,0,2,1,1,2,1,1,1,1,1,1,1,1,0,0,2,2,2,1,2,1,1,1,1,1,1,1,1,1,1,1,2,2,1,1,0,1,1,1,1,0,2,1,1,1,0,3,2,1,1,1,1,1,1,1,1,1,1,1,1,1,1,1,1,0,1,1,2,2,1,0,0,0,1,1,1,1,1,1,1,1,1,1,1,1,1,3,2,2,1,1,1,1,1,1,0,1,0,0,2,1,1,1,1,1,1,1
Noth_furz,1,0,1,1,1,1,0,0,0,0,0,1,1,1,0,0,3,0,1,0,0,1,1,1,0,2,2,3,1,0,1,1,0,1,1,0,0,1,1,1,1,2,3,1,4,0,1,1,1,2,2,2,0,0,1,0,2,2,1,0,2,2,1,0,0,1,1,1,2,0,1,0,0,0,1,1,1,0,3,0,1,1,0,0,0,1,0,0,0,2,0,1,1,0,1,0,0,0,0,1,0,1,0,3,3,4,0,1,1,1,2,1,2,2,0,0,0,0,0,0,0,1,0,1,0,1,1,0,2,1,0,0,0,1,0,0,0,0,0,1,0,1,0,0,0,0,1,0,0,0,0,1,1,0,0,2,1,0,0,2,0,1,1,1,2,0,1,1,0,1,0,0,0,1,0,0,0,1,0,1,0,0,1,1,1,1,1,0,0,1,0,0,0,0,1,1,0,0,0,1,2,1,1,1,0,0,1,1,1,1,1,0,0,0,0,0
Noth_juli,1,0,1,1,0,1,1,1,1,1,1,1,1,1,1,1,1,1,1,1,1,1,1,1,1,0,0,0,1,1,1,1,1,1,0,1,1,1,1,1,1,0,0,0,0,1,0,1,1,0,0,0,0,1,0,1,1,1,1,0,0,1,1,1,1,0,0,0,2,1,0,0,1,1,0,0,1,1,0,0,1,1,2,1,1,1,1,1,1,1,1,1,1,1,1,1,1,1,1,1,1,1,1,0,0,0,1,0,0,1,1,0,0,0,1,1,1,1,1,1,1,1,0,1,1,1,1,1,0,1,1,1,1,1,1,1,1,1,2,1,1,0,1,1,1,1,1,1,1,1,0,1,1,1,1,1,1,1,1,0,1,0,1,0,2,1,1,0,1,1,1,1,1,0,1,0,0,0,1,1,1,0,1,1,1,1,1,1,1,1,1,1,1,0,1,2,4,1,1,1,0,1,1,1,1,1,1,1,1,1,1,1,1,0,0,0
Noth_orna,1,0,1,1,0,1,1,1,1,1,1,0,0,1,1,1,1,1,1,1,1,1,1,1,1,0,0,0,1,1,1,1,1,1,0,1,1,1,1,1,1,0,0,0,0,1,0,1,0,0,0,0,0,0,0,1,1,1,0,0,0,0,1,1,1,0,0,0,2,1,0,0,1,1,0,0,1,1,0,0,1,1,2,1,1,1,1,1,1,1,1,1,1,1,1,1,1,1,1,1,1,1,1,0,0,0,1,0,0,1,0,0,0,0,1,1,1,1,1,1,1,1,0,1,1,1,1,1,0,1,1,1,2,1,1,1,1,1,2,1,1,1,1,1,1,1,1,1,1,0,0,0,0,0,1,0,1,0,0,0,0,0,0,1,1,2,1,0,1,1,1,1,1,1,1,0,0,0,1,1,1,2,1,1,1,1,1,1,1,1,1,0,0,0,1,2,2,1,1,1,0,1,1,1,1,1,1,1,1,1,0,1,1,1,1,1
Noth_perd,1,0,1,1,1,1,1,1,1,1,1,0,0,1,1,1,1,1,1,1,1,1,1,1,1,1,0,2,1,1,1,1,1,1,0,1,1,1,1,1,1,0,0,1,0,1,0,1,1,0,0,0,0,1,0,1,1,1,0,0,0,0,0,1,1,1,1,1,1,2,1,0,1,1,1,1,1,1,1,0,1,1,1,1,1,1,1,1,1,1,1,1,1,1,1,1,1,1,1,1,1,1,1,0,0,0,1,0,0,0,0,1,0,0,1,1,1,1,1,1,1,1,0,0,0,1,1,1,0,1,1,2,1,1,1,1,1,1,2,1,0,1,0,1,1,2,1,1,1,2,1,1,0,2,2,0,3,0,0,1,1,1,1,2,0,3,0,0,1,1,1,1,1,0,1,0,0,0,1,1,1,1,1,1,1,1,1,1,1,1,1,1,1,0,1,0,1,1,0,0,0,0,0,1,1,0,1,1,1,0,2,1,0,1,1,1
Noti_cinc,1,0,1,1,0,0,1,1,1,1,1,1,1,1,1,1,0,1,1,1,1,1,1,1,1,1,0,0,0,0,0,0,0,0,0,1,1,1,1,0,1,0,2,1,0,1,1,0,1,0,0,0,0,0,0,0,1,1,0,0,0,1,1,1,1,0,0,1,2,0,1,1,1,1,0,0,1,1,0,0,1,1,2,1,1,1,1,1,1,1,1,1,1,1,1,1,1,1,1,1,1,1,1,0,2,0,1,0,1,1,0,1,0,0,1,1,1,1,1,1,1,1,0,0,0,1,1,1,0,1,1,1,2,1,1,1,1,2,1,1,1,0,1,1,1,1,1,1,1,0,0,0,0,0,1,0,0,0,0,0,1,0,0,1,0,0,0,0,1,1,1,1,1,0,1,0,0,0,0,1,1,2,1,1,0,1,1,1,1,1,1,1,1,0,1,1,1,1,1,1,0,1,1,1,0,2,0,1,1,1,0,1,1,0,0,0
Noto_cori,0,0,0,1,1,1,0,1,1,1,0,0,0,0,0,0,0,1,0,1,0,0,1,1,0,1,2,4,1,1,1,1,0,0,0,0,0,0,1,1,1,3,2,0,2,0,1,1,0,0,2,1,1,0,1,1,1,1,2,0,1,1,1,0,0,1,2,1,0,0,0,0,0,0,1,1,1,0,2,0,0,0,0,0,0,0,1,0,0,0,0,1,1,1,1,1,1,0,0,1,0,1,1,3,2,2,0,0,1,0,1,0,2,1,0,0,0,0,0,0,0,1,0,0,0,1,0,0,1,1,1,0,0,0,0,0,1,1,0,0,0,1,0,1,0,0,0,0,0,0,0,2,1,0,0,2,1,0,0,1,0,1,1,1,2,0,0,1,0,0,0,0,1,1,0,0,0,1,1,0,0,0,1,1,1,1,1,0,0,0,0,1,1,0,1,0,0,0,1,1,2,0,1,1,1,0,1,1,1,1,0,0,0,1,1,0
Nyct_brac,0,0,0,1,1,1,1,1,1,1,1,1,1,1,1,1,1,1,1,1,1,1,1,1,1,0,0,0,1,1,0,1,1,1,0,1,1,1,1,0,1,1,0,0,0,1,0,0,1,0,0,0,1,1,1,1,0,0,1,0,0,1,0,1,1,0,0,1,0,1,1,1,1,1,0,0,1,1,0,0,1,1,1,1,1,1,1,1,1,1,1,1,1,1,1,1,1,1,1,1,1,1,1,0,0,0,1,0,1,1,1,0,0,0,1,1,1,1,1,1,1,1,0,0,1,0,0,0,0,0,0,1,1,1,1,1,1,1,1,1,1,0,1,1,1,1,1,1,1,1,1,1,1,2,2,3,1,2,2,0,1,1,2,2,3,0,2,1,1,1,1,1,1,1,1,1,1,1,1,1,1,2,1,1,1,1,1,1,1,1,1,1,1,0,1,2,1,1,1,1,0,1,1,0,0,1,0,0,0,0,1,1,1,1,1,1
Nyct_gran,0,0,1,1,1,1,1,1,1,1,1,1,1,1,1,1,0,1,1,1,1,1,1,1,1,1,0,0,1,1,1,1,1,1,0,0,0,0,1,0,1,1,2,0,0,1,0,1,1,0,1,0,0,0,0,0,0,0,1,0,0,1,2,1,1,0,0,1,2,1,1,1,1,1,0,0,1,1,0,0,1,1,2,1,1,1,1,1,1,1,1,1,1,1,1,1,1,1,1,1,1,1,1,0,0,0,1,1,0,1,0,0,1,0,0,0,0,0,0,0,0,0,0,0,1,1,1,1,0,1,1,1,1,1,1,1,1,1,1,1,1,0,1,0,1,1,1,1,1,1,0,0,0,0,1,0,0,0,0,0,1,0,0,1,0,0,1,0,1,1,1,1,1,1,1,0,0,0,0,1,1,2,1,1,1,1,1,1,1,1,1,1,1,0,1,2,1,1,1,1,0,1,1,0,1,0,0,0,0,0,1,1,1,1,1,1
Nyct_leuc,1,0,1,1,1,1,1,1,1,1,1,1,1,1,0,1,1,1,1,1,1,1,1,1,1,1,0,0,1,1,1,1,1,1,0,1,1,1,1,1,1,1,0,1,0,1,0,1,1,1,0,1,0,0,0,0,0,0,1,0,0,1,1,1,1,0,0,1,1,1,1,1,1,1,0,0,1,1,0,0,1,1,2,1,1,1,1,1,1,1,1,0,0,0,0,1,1,1,0,0,0,0,0,0,0,0,1,0,1,1,1,1,1,1,1,1,1,1,1,1,1,1,0,0,0,1,1,1,0,1,1,0,1,0,0,1,1,1,1,1,1,0,1,1,1,1,1,1,1,0,0,0,0,0,0,0,0,0,0,0,1,0,0,1,0,0,1,1,1,1,1,1,1,1,1,0,0,0,0,1,1,2,1,1,1,1,1,1,1,1,1,1,1,0,1,1,1,1,1,1,0,1,1,0,0,0,0,0,0,0,1,1,1,1,1,1
Nyct_proc,1,1,1,1,1,1,1,1,1,1,1,1,1,1,1,1,1,1,1,1,1,1,1,1,1,1,1,3,1,1,1,1,1,1,1,1,1,1,1,1,1,1,1,1,1,2,1,1,1,2,1,2,4,3,3,3,1,1,2,0,3,1,1,1,1,1,1,1,1,1,1,1,1,1,1,1,1,1,2,1,1,1,1,1,1,1,1,1,1,1,1,1,1,1,1,1,1,1,1,1,1,1,1,1,1,1,1,1,1,1,1,1,1,2,1,1,1,1,1,1,1,1,1,2,3,2,1,2,2,2,2,1,1,1,1,1,1,1,1,1,1,2,1,1,1,1,1,1,1,2,1,1,1,2,1,1,2,2,2,2,0,2,1,1,1,1,1,1,1,1,2,1,1,1,1,4,3,3,3,1,1,1,1,1,1,1,1,1,1,1,1,1,1,1,1,1,1,1,1,1,3,1,1,1,1,1,2,1,1,1,1,1,1,1,1,1
Nyct_semi,1,0,1,1,0,1,1,1,1,1,1,1,1,1,1,1,1,1,1,1,1,1,1,1,1,1,0,0,1,1,1,1,1,1,0,1,1,1,1,1,1,0,0,0,0,0,0,0,1,0,0,1,0,1,0,0,1,1,1,0,0,1,1,1,1,0,0,1,3,2,1,1,1,1,0,0,1,1,0,0,1,1,1,1,1,1,1,1,1,1,1,1,1,1,1,1,1,1,1,1,1,1,1,0,0,0,1,1,1,0,1,0,0,0,1,1,1,1,1,1,1,1,0,0,1,1,1,1,0,1,1,1,1,0,0,1,1,2,1,1,2,1,2,1,1,1,1,1,1,0,1,1,0,0,1,2,0,1,1,2,1,0,1,2,1,2,2,2,1,1,1,1,1,1,1,0,1,0,0,1,1,0,1,1,1,1,1,1,1,1,1,0,0,0,1,2,1,1,1,1,0,1,1,0,0,0,0,0,0,0,1,1,1,1,1,1
Nymp_stri,0,0,0,0,0,0,0,0,0,0,0,0,0,0,0,0,0,0,0,0,0,0,0,0,0,0,0,0,0,0,0,0,0,1,0,0,0,0,0,0,0,0,1,0,1,0,0,0,0,0,0,0,0,0,0,0,0,0,0,0,0,0,0,0,0,0,0,0,0,0,0,0,0,0,0,0,0,0,0,0,0,0,0,0,0,0,0,0,0,0,0,0,0,0,0,0,0,0,0,0,0,0,0,0,1,1,0,0,0,0,0,0,1,0,0,0,0,0,0,0,0,0,0,0,0,0,0,0,0,0,0,0,0,0,0,0,0,0,0,0,0,0,0,0,0,0,0,0,0,0,0,0,0,0,0,0,0,0,0,0,0,0,0,0,0,0,0,0,0,0,0,0,0,0,0,0,0,0,0,0,0,0,0,0,0,0,0,0,0,0,0,0,1,0,0,0,0,0,0,0,0,0,0,0,0,0,0,0,0,0,0,0,0,0,0,0
Ocea_ocea,1,0,1,1,0,0,1,1,1,1,1,1,1,1,1,1,1,1,1,1,1,1,1,1,1,1,0,0,1,1,0,1,1,1,0,1,1,1,1,0,1,0,2,0,0,1,0,1,1,0,1,0,1,1,1,1,0,0,0,0,0,1,0,1,1,0,0,1,1,1,1,1,1,1,0,0,1,1,0,0,1,1,1,1,1,1,1,1,1,1,1,1,1,1,1,1,1,1,1,1,1,1,1,0,2,0,1,0,1,1,1,0,1,0,1,1,1,1,1,1,1,1,0,0,1,0,0,0,0,0,0,1,1,1,1,1,1,1,1,1,1,0,1,1,1,1,1,1,1,1,1,1,1,1,1,1,1,1,1,0,3,1,1,1,0,1,1,1,1,1,1,1,1,1,1,1,1,1,1,1,1,2,1,1,1,1,1,1,1,1,1,0,0,0,1,2,1,1,1,1,0,1,1,0,0,1,0,0,0,0,0,1,1,1,1,1
Ocea_spXH,0,0,0,0,0,0,0,0,0,0,0,0,0,0,0,0,0,0,0,0,0,0,0,0,0,0,0,0,0,0,0,0,0,0,0,0,0,0,0,0,0,0,0,0,0,0,0,0,0,0,0,0,0,0,0,0,0,0,0,0,0,0,0,0,0,0,0,0,0,0,0,0,0,0,0,0,0,0,0,0,0,0,0,0,0,0,0,0,0,0,0,0,0,0,0,0,0,0,0,0,0,0,0,0,0,0,0,0,0,0,0,0,0,0,0,0,0,0,0,0,0,0,0,0,0,0,0,0,0,0,0,0,0,0,0,0,0,0,0,0,0,0,0,0,0,0,0,0,0,0,0,0,0,0,0,0,0,0,0,0,0,0,0,0,0,0,0,0,0,0,0,0,0,0,0,0,0,0,0,0,0,0,0,0,0,0,0,0,0,0,0,0,0,0,0,0,0,0,0,0,0,0,0,0,0,0,0,0,0,0,0,0,0,1,0,0
Ocea_teth,1,0,1,0,1,1,1,1,1,1,1,1,1,1,1,1,0,1,1,1,1,1,1,1,1,1,0,0,1,1,0,1,1,1,0,0,0,0,1,0,1,1,0,0,0,1,0,1,1,0,0,0,0,0,0,0,0,0,1,0,0,0,1,1,1,0,0,0,0,1,0,0,1,1,0,0,1,1,0,0,1,1,2,1,1,1,1,1,1,1,1,1,1,1,1,1,1,1,1,1,1,1,1,0,0,0,1,1,1,1,0,0,0,0,1,1,1,1,1,1,1,1,0,0,0,0,0,0,0,0,0,1,1,1,1,1,1,1,1,1,1,0,1,1,1,1,1,1,1,1,0,0,0,0,0,0,0,0,0,0,1,0,0,1,0,0,1,1,1,1,1,1,1,1,1,0,0,0,0,1,1,2,1,1,1,1,1,1,1,1,1,1,1,0,1,2,1,1,1,1,0,1,1,1,2,2,1,1,1,1,0,1,1,1,1,1
Octo_bima,1,0,1,0,1,0,0,0,0,0,0,0,0,0,0,0,0,0,0,0,0,0,0,0,0,0,0,0,0,0,0,0,0,0,0,0,0,0,0,1,0,0,0,0,0,0,0,0,0,0,1,0,0,0,0,0,0,0,0,0,0,0,0,0,0,0,0,0,0,0,0,0,0,0,0,0,0,0,0,0,0,0,0,0,0,0,0,0,0,0,0,0,0,0,0,1,1,1,0,0,0,0,0,0,0,0,0,0,0,0,0,0,1,1,0,0,0,0,0,0,0,0,0,0,0,0,0,0,0,0,0,0,0,0,0,0,0,0,0,0,0,0,0,0,0,0,0,0,0,0,0,0,0,0,0,0,0,0,0,0,0,0,0,0,0,0,0,0,0,0,0,0,0,0,0,0,0,0,0,0,0,0,0,0,0,0,1,0,0,0,0,0,1,0,0,0,0,0,0,0,0,0,0,0,0,0,0,0,0,0,0,0,0,0,0,0
Octo_degu,1,1,1,1,1,1,1,1,1,1,1,1,1,1,1,1,1,1,1,1,1,1,1,1,1,1,2,3,1,1,1,1,1,1,1,1,1,1,1,1,1,1,1,1,1,2,1,1,1,2,1,1,3,3,1,3,1,1,2,0,1,1,1,1,1,1,1,1,1,0,1,1,1,1,1,1,1,1,1,1,1,1,1,1,1,1,1,1,1,1,1,1,1,1,1,0,0,0,1,1,1,1,1,1,1,1,1,2,1,1,1,1,1,1,1,1,1,1,1,1,1,1,1,2,1,1,1,2,1,1,1,1,1,1,1,1,1,1,1,1,1,1,1,1,1,2,1,1,1,2,2,1,2,2,1,3,1,2,2,2,1,2,1,1,1,1,1,1,1,0,3,1,1,1,1,3,2,2,3,1,1,1,1,1,1,1,1,1,1,1,1,1,1,1,1,1,2,1,1,1,1,1,1,1,1,1,2,1,1,1,2,1,1,1,1,1
Octo_vulg,1,0,1,0,0,0,0,0,0,0,0,0,0,0,0,0,0,0,0,0,0,0,0,0,0,0,1,0,0,0,0,0,0,0,0,0,0,0,0,1,0,0,0,0,0,0,0,0,0,0,1,0,0,0,0,0,0,0,0,0,0,0,0,0,0,1,0,0,0,0,0,0,0,0,1,0,0,0,0,1,0,0,0,0,0,0,0,0,0,0,0,0,0,0,0,1,1,1,0,0,0,0,0,0,0,0,0,0,0,0,0,0,1,0,0,0,0,0,0,0,0,0,0,0,0,0,0,0,0,0,0,0,0,0,0,0,0,0,0,0,0,0,0,0,0,0,0,0,0,0,0,0,0,0,0,0,0,0,0,0,0,0,0,0,0,0,0,0,0,0,0,0,0,0,0,0,0,0,0,0,0,0,0,0,1,0,1,0,0,0,0,1,1,0,0,0,0,0,0,0,0,0,0,0,0,0,0,0,0,0,0,0,0,0,0,0
Odob_rosm,1,1,1,1,1,1,1,1,1,1,1,1,1,1,1,1,1,1,1,1,1,1,1,1,1,1,1,5,1,1,1,1,1,1,1,1,1,1,1,1,1,2,2,2,2,3,2,2,2,3,2,3,3,3,3,3,1,1,2,0,2,1,1,2,2,2,2,1,1,1,1,1,2,2,2,2,1,1,1,1,1,1,1,1,1,1,1,1,1,1,1,0,1,0,0,1,1,1,1,1,1,1,1,2,2,2,2,3,2,2,2,2,2,3,1,1,1,1,1,1,1,1,1,2,2,1,1,2,1,1,2,1,1,1,1,1,1,1,1,1,1,1,1,1,1,1,1,1,1,2,2,2,2,2,1,1,1,2,2,2,1,2,1,1,3,1,1,2,1,1,1,1,1,1,1,3,3,3,3,1,1,3,1,1,1,1,1,1,1,1,1,1,1,1,1,1,1,1,1,1,2,1,1,1,1,1,2,1,1,1,2,1,1,1,1,1
Odoc_virg,1,1,1,1,1,1,1,1,1,1,2,2,2,1,1,1,1,1,1,1,1,1,1,1,1,1,1,3,1,1,1,1,1,1,1,1,1,1,1,1,1,1,2,1,1,3,1,2,1,1,1,1,2,3,4,3,1,1,2,0,1,1,1,2,2,2,2,1,1,1,1,1,1,2,2,2,1,1,0,0,1,0,1,1,1,1,1,1,1,1,1,1,1,0,0,1,1,1,1,1,1,1,1,1,2,1,3,1,2,1,1,1,1,1,1,1,1,1,1,1,1,1,1,2,1,1,1,2,1,1,1,1,1,1,1,2,1,1,1,1,1,2,1,1,1,1,1,1,1,2,2,2,0,1,1,0,1,2,2,2,2,2,1,1,1,1,1,1,1,1,1,1,1,1,1,2,4,2,3,1,1,3,1,1,1,1,1,1,1,1,1,1,1,1,1,1,1,1,1,1,1,1,1,1,1,1,2,1,1,1,2,1,1,1,1,1
Odon_guja,1,0,1,1,1,1,1,1,1,1,1,1,1,1,1,1,1,1,1,1,1,1,1,1,1,1,0,0,1,1,1,1,1,1,0,0,0,0,1,1,1,0,0,0,0,0,0,0,0,0,0,0,1,1,0,1,0,0,0,0,0,1,0,1,1,0,0,1,0,1,1,1,1,1,0,0,1,1,0,0,1,1,1,1,1,1,1,1,1,1,1,1,1,1,1,1,1,1,1,1,1,1,1,0,2,0,1,0,0,1,1,1,0,0,1,1,1,1,1,1,1,1,0,0,0,0,0,0,0,0,0,1,1,1,1,1,1,1,1,1,1,1,1,1,1,1,1,1,1,1,1,1,1,1,1,2,1,1,2,0,1,0,1,0,2,1,1,0,1,1,1,1,1,1,1,1,1,0,1,1,1,2,1,1,1,1,1,1,1,1,1,1,1,0,1,2,1,1,1,1,0,1,1,0,0,0,0,0,0,0,1,1,1,1,1,1
Oena_oena,1,0,1,1,1,1,1,1,1,1,1,1,1,1,1,1,1,1,1,1,1,1,1,1,1,1,0,0,1,1,1,1,1,1,0,1,1,1,1,0,1,0,0,1,0,0,1,1,0,0,0,0,0,0,0,0,1,0,0,0,1,1,1,1,1,0,0,1,2,1,1,1,1,1,0,0,1,1,0,0,1,0,1,1,1,1,1,1,1,0,1,0,0,0,0,1,1,1,0,0,0,0,0,0,0,0,0,0,0,0,1,0,0,0,1,1,1,1,1,1,1,1,0,0,1,1,1,1,1,1,1,1,1,1,1,1,1,1,1,1,1,0,1,1,1,1,1,1,1,0,0,0,0,0,1,0,0,0,0,0,1,0,0,1,0,0,0,0,1,1,1,1,1,1,1,0,0,0,0,1,1,3,1,1,0,1,0,1,1,1,1,1,1,0,1,2,1,1,1,1,1,1,1,1,1,2,1,1,2,1,0,1,1,0,0,0
Oiko_dioi,0,0,0,0,0,0,0,0,0,0,0,0,0,0,0,0,0,0,0,0,0,0,0,0,0,0,0,0,0,0,0,0,0,0,0,0,0,0,0,0,0,0,0,0,0,0,0,0,0,0,0,0,0,0,0,0,0,0,0,0,0,0,0,0,0,0,0,0,0,0,0,0,0,0,0,0,0,0,0,0,0,0,0,0,0,0,0,0,0,0,0,0,0,0,0,1,1,1,0,0,1,0,0,0,0,0,0,0,0,0,0,0,0,0,0,0,0,0,0,0,0,0,0,0,0,0,0,0,0,0,0,0,0,0,0,0,0,0,0,0,0,0,0,0,0,0,0,0,0,0,0,0,0,0,0,0,0,0,0,0,0,0,0,0,0,0,0,0,0,0,0,0,0,0,0,0,0,0,0,0,0,0,0,0,0,0,0,0,0,0,0,0,0,0,0,0,0,0,0,0,0,0,0,0,0,0,0,0,0,0,0,0,0,1,0,0
Onch_flex,0,0,0,0,0,0,0,0,0,0,0,0,0,0,0,0,0,0,0,0,0,0,0,0,0,0,0,0,0,0,0,0,0,0,0,0,0,0,0,1,0,0,0,0,0,0,0,0,0,0,0,0,0,0,0,0,0,0,0,0,0,0,0,0,0,0,0,0,0,0,0,0,0,0,0,0,0,0,0,0,0,0,0,0,0,0,0,0,0,0,0,0,0,0,0,0,0,0,0,0,0,0,0,0,0,0,0,0,0,0,0,0,0,0,0,0,0,0,0,0,0,0,0,0,0,0,0,0,0,0,0,0,0,0,0,0,0,0,0,0,0,0,0,0,0,0,0,0,0,0,0,0,0,0,0,0,0,0,0,0,0,0,0,0,0,0,0,0,0,0,0,0,0,0,0,0,0,0,0,0,0,0,0,0,0,0,0,0,0,0,0,0,0,0,0,0,0,0,0,0,0,0,0,0,0,0,0,0,0,0,0,0,0,0,0,0
Onco_kisu,1,0,1,1,0,2,2,2,2,2,0,0,0,2,2,2,3,0,2,2,1,2,2,0,0,3,5,9,2,1,2,2,1,1,0,2,0,2,2,3,2,5,2,2,7,2,2,4,2,2,2,2,1,0,1,0,2,4,4,0,4,2,2,1,0,4,3,1,6,0,2,0,1,0,4,3,0,2,6,0,2,1,0,2,1,1,0,2,2,3,2,1,1,1,1,2,2,2,1,0,0,1,1,5,2,6,2,2,2,2,2,2,2,2,4,2,2,2,2,2,1,0,0,0,0,3,2,2,4,2,2,0,0,2,3,0,1,0,2,0,0,1,0,0,2,0,1,2,1,0,1,2,2,0,0,4,2,3,1,2,1,1,2,2,2,0,0,0,2,0,4,1,0,2,1,0,0,2,0,0,0,0,1,1,1,1,1,0,0,0,0,2,2,0,2,0,0,2,3,3,6,1,0,3,2,0,2,2,2,3,1,0,0,1,1,1
Onco_myki,0,0,0,0,0,0,0,0,0,0,0,0,0,0,0,0,0,0,0,0,0,0,0,0,0,0,0,0,0,0,0,0,0,0,0,0,0,0,0,0,0,0,0,0,0,0,0,0,0,0,0,0,0,0,0,0,0,0,0,0,0,0,0,0,0,0,0,0,0,0,0,0,0,0,0,0,0,0,0,0,0,0,0,0,0,0,0,0,0,0,0,0,0,0,0,0,0,0,0,0,0,0,0,0,0,0,0,0,0,0,0,0,0,0,0,0,0,0,0,0,0,0,0,0,0,0,0,0,0,0,0,0,0,0,0,0,0,0,0,1,0,0,0,0,1,0,1,1,0,0,0,0,0,0,0,0,0,0,0,0,0,0,0,0,0,0,0,0,0,0,0,0,0,0,0,0,0,0,0,0,0,0,0,0,0,0,0,0,0,0,0,0,0,0,0,0,0,2,1,1,1,1,0,0,0,0,0,0,0,1,0,0,0,0,0,0
Onco_tsha,0,0,0,1,0,2,1,1,1,1,0,0,0,2,2,2,2,0,2,2,1,2,2,0,0,1,4,5,2,1,2,2,1,1,0,0,0,1,1,3,1,5,2,2,6,2,2,4,2,2,2,2,0,0,1,1,2,2,3,0,2,2,1,1,0,4,3,1,3,0,2,0,1,0,4,1,0,2,5,0,2,2,0,2,0,1,0,2,2,3,2,0,1,1,1,1,1,1,1,0,0,1,1,5,3,6,2,2,2,2,2,2,2,2,2,2,3,1,2,2,1,0,0,0,0,1,0,0,3,0,0,0,0,2,1,0,2,1,2,1,0,2,0,0,2,0,0,1,1,1,0,2,0,0,0,0,1,0,0,1,0,1,0,0,0,0,0,0,1,0,2,1,0,2,1,0,0,2,1,0,0,0,1,1,1,1,1,0,0,0,0,2,2,0,0,0,1,1,4,3,6,1,0,3,2,0,2,2,2,3,0,0,0,1,1,1
Onyc_coro,1,0,1,1,0,1,1,1,1,1,1,1,1,1,1,1,1,1,1,1,1,1,1,1,1,1,0,0,1,1,1,1,1,1,0,1,1,1,1,1,1,0,0,1,0,0,1,0,0,0,0,1,1,1,0,1,1,1,0,0,0,1,1,1,1,0,0,1,1,1,1,1,1,1,0,0,1,1,0,0,1,1,1,1,1,1,1,1,1,0,1,1,1,1,1,1,1,1,1,1,1,1,1,0,0,0,0,0,0,0,1,1,0,1,1,1,1,1,1,1,1,1,1,1,0,1,1,1,0,1,1,1,1,1,1,1,1,1,1,1,1,1,1,1,1,1,1,1,1,1,1,1,1,1,2,1,2,1,1,0,0,1,1,0,0,2,1,0,1,1,1,1,1,1,1,1,1,0,1,1,1,2,1,1,1,1,1,1,1,1,1,1,1,0,1,2,1,1,1,1,0,1,1,1,1,1,1,1,1,1,0,1,1,1,1,1
Onyc_macr,1,0,1,1,1,0,1,1,1,1,1,1,1,0,0,1,0,0,1,0,0,0,1,0,0,2,2,3,1,0,1,1,0,1,1,0,2,1,1,1,1,2,2,1,0,1,1,1,1,1,2,1,1,0,2,1,1,2,1,0,2,1,2,0,0,2,3,1,2,0,1,0,1,0,2,3,0,1,3,0,0,0,0,0,0,0,1,1,1,2,0,1,1,1,1,1,1,1,1,0,0,0,0,2,2,0,1,1,1,1,1,2,2,2,0,0,0,0,1,1,1,0,0,1,1,2,2,1,2,1,1,0,0,1,1,0,0,0,0,1,0,1,1,1,1,0,1,1,1,0,0,2,1,0,0,2,1,1,1,1,0,1,1,1,2,0,0,1,1,0,0,1,0,1,0,1,1,1,1,0,0,0,1,1,1,1,1,0,0,0,0,1,1,1,0,0,0,2,0,1,3,1,1,2,1,0,1,1,1,0,2,0,1,1,2,1
Ooce_biro,0,0,0,0,0,0,0,0,0,0,0,0,0,0,0,0,0,0,0,0,0,0,0,0,0,0,1,0,0,0,0,0,0,1,0,0,0,0,0,0,0,1,1,0,0,0,0,0,0,0,0,0,0,0,0,0,0,0,0,0,0,0,0,0,0,1,0,0,0,0,0,0,0,0,1,0,0,0,0,0,0,0,0,0,0,0,0,0,0,0,0,0,0,0,0,0,0,0,0,0,0,0,0,1,1,0,0,0,0,0,0,0,0,1,0,0,0,0,0,0,0,0,0,1,0,0,0,0,0,0,0,0,0,0,0,0,0,0,0,0,0,0,0,0,0,0,0,0,0,0,0,0,0,0,0,0,0,0,0,0,0,0,0,0,0,0,0,0,0,0,0,0,0,0,0,0,0,0,0,0,0,0,0,0,0,0,0,0,0,0,0,0,0,0,0,0,0,0,0,0,0,0,0,0,0,0,0,0,0,0,0,0,0,1,0,0
Oper_brum,0,0,0,0,0,0,0,0,0,0,0,0,0,0,0,0,0,0,0,0,0,0,0,0,0,0,0,0,0,0,0,0,0,0,0,0,0,0,0,0,0,0,0,0,1,0,0,0,0,0,0,0,0,0,0,0,0,0,0,0,0,0,0,0,0,0,0,0,0,0,0,0,0,0,0,0,0,0,0,0,0,0,0,0,0,0,0,0,0,0,0,0,0,0,0,0,0,0,0,0,0,0,0,0,0,1,0,0,0,0,0,0,0,0,0,0,0,0,0,0,0,0,0,0,0,0,0,0,0,0,0,0,0,0,0,0,0,0,0,0,0,0,0,0,0,0,0,0,0,0,0,0,0,0,0,0,0,0,0,0,0,0,0,0,0,0,0,0,0,0,0,0,0,0,0,0,0,0,0,0,0,0,0,0,0,1,0,0,0,0,0,0,0,0,0,0,0,0,0,0,0,0,0,0,0,0,0,0,0,0,0,0,0,0,0,0
Ophi_hann,0,0,0,1,1,1,1,1,1,1,1,0,0,0,1,0,0,1,2,1,1,1,0,1,1,0,1,0,1,1,0,1,1,1,0,1,2,1,0,0,1,0,2,0,0,0,0,0,1,0,0,1,0,1,1,0,1,0,0,0,0,1,1,0,0,1,1,0,0,1,0,0,0,0,1,1,1,1,0,0,1,0,1,1,1,1,1,1,1,1,0,0,0,0,0,0,0,0,0,0,0,0,0,0,2,0,0,0,0,0,0,0,0,0,1,1,1,1,1,1,1,1,0,0,0,1,1,1,0,1,1,0,0,1,1,1,2,1,0,1,1,2,1,1,1,2,2,1,0,1,2,0,2,1,0,3,2,1,0,1,2,0,1,1,1,1,1,1,0,0,0,0,0,0,0,0,1,1,0,0,0,0,1,1,1,1,1,1,1,1,1,1,1,0,1,0,2,0,0,0,0,0,0,0,0,0,0,0,0,0,1,1,1,1,1,1
Opis_feli,0,0,0,0,0,0,0,0,0,0,0,0,0,0,0,0,0,0,0,0,0,0,0,0,0,0,0,0,0,0,0,0,0,0,0,0,0,0,0,1,0,0,0,0,0,0,0,0,0,0,0,0,0,0,0,0,0,0,0,0,0,0,0,0,0,0,0,0,0,0,0,0,0,0,0,0,0,0,0,0,0,0,0,0,0,0,0,0,0,0,0,0,0,0,0,1,0,1,0,0,1,0,0,0,0,0,0,0,0,0,0,0,0,0,0,0,0,0,0,0,0,0,0,0,0,0,0,0,0,0,0,0,0,0,0,0,0,0,0,0,0,0,0,0,0,0,0,0,0,0,0,0,0,0,0,0,0,0,0,0,0,0,0,0,0,0,0,0,0,0,0,0,0,0,0,0,0,0,0,0,0,0,0,0,0,0,0,0,0,0,0,0,0,0,0,0,0,0,0,0,0,0,0,0,0,0,0,0,0,0,0,0,0,0,0,0
Opis_hoaz,0,0,0,1,0,1,1,1,1,1,0,0,0,1,1,1,0,1,1,1,1,1,1,1,1,0,0,2,1,1,0,1,1,0,0,1,1,1,1,0,1,0,2,0,0,1,0,0,1,0,1,0,0,0,0,0,1,1,0,0,0,0,1,1,1,1,1,0,2,0,0,0,1,1,1,1,1,1,0,0,1,1,2,1,1,2,0,1,1,1,1,1,1,1,1,1,1,1,1,1,1,1,1,0,2,0,1,1,1,1,0,0,1,0,0,0,0,0,0,0,0,0,0,0,1,1,1,1,0,2,1,0,0,1,1,1,1,0,0,0,0,0,0,0,0,0,0,0,0,0,0,0,0,1,1,2,0,1,1,1,0,0,1,1,1,0,1,1,0,0,0,1,1,0,1,0,0,0,0,0,0,0,1,1,1,1,1,1,1,0,1,1,0,0,0,1,2,1,1,1,0,1,1,1,2,2,0,1,1,0,1,1,1,0,0,0
Opis_vive,0,0,0,0,0,0,0,0,0,0,0,0,0,0,0,0,0,0,0,0,0,0,0,0,0,0,0,0,0,0,0,0,0,0,0,0,0,0,0,1,0,0,0,0,0,0,0,0,0,0,0,0,0,0,0,0,0,0,0,0,0,0,0,0,0,0,0,0,0,0,0,0,0,0,0,0,0,0,0,0,0,0,0,0,0,0,0,0,0,0,0,0,0,0,0,1,0,1,0,0,1,0,0,0,0,0,0,0,0,0,0,0,0,0,0,0,0,0,0,0,0,0,0,0,0,0,0,0,0,0,0,0,0,0,0,0,0,0,0,0,0,0,0,0,0,0,0,0,0,0,0,0,0,0,0,0,0,0,0,0,0,0,0,0,0,0,0,0,0,0,0,0,0,0,0,0,0,0,0,0,0,0,0,0,0,0,0,0,0,0,0,0,0,0,0,0,0,0,0,0,0,0,0,0,0,0,0,0,0,0,0,0,0,0,0,0
Oppi_nova,0,0,0,0,0,0,0,0,0,0,0,0,0,0,0,0,0,0,0,0,0,0,0,0,0,0,1,0,0,0,0,0,0,0,0,0,0,0,0,0,0,0,0,0,0,0,0,0,0,0,0,0,0,0,0,0,0,0,0,0,0,0,0,0,0,0,0,0,0,0,0,0,0,0,0,0,0,0,0,0,0,0,0,0,0,0,0,0,0,0,0,0,0,0,0,0,0,0,0,0,0,0,0,0,0,0,0,0,0,0,0,0,0,0,0,0,0,0,0,0,0,0,0,0,0,0,0,0,0,0,0,0,0,0,0,0,0,0,0,0,0,0,0,0,0,0,0,0,0,0,0,0,0,0,0,0,0,0,0,0,0,0,0,0,0,0,0,0,0,0,0,0,0,0,0,0,0,0,0,0,0,0,0,0,0,0,0,0,0,0,0,0,0,0,0,0,0,0,0,0,0,0,0,0,0,0,0,0,0,0,0,0,0,0,0,0
Orch_cinc,0,0,0,0,0,0,0,0,0,0,0,0,0,0,0,0,0,0,0,0,0,0,0,0,0,0,0,0,0,0,0,0,0,0,0,0,0,0,0,1,0,0,0,0,0,0,0,0,0,0,0,0,0,0,0,0,0,0,0,0,0,0,0,0,0,0,0,0,0,0,0,0,0,0,0,0,0,0,0,0,0,0,0,0,0,0,0,0,0,0,0,0,0,0,0,0,0,0,0,0,0,0,0,0,0,0,0,0,0,0,0,0,0,0,0,0,0,0,0,0,0,0,0,0,0,0,0,0,0,0,0,0,0,0,0,0,0,0,0,0,0,0,0,0,0,0,0,0,0,0,0,0,0,0,0,0,0,0,0,0,0,0,0,0,0,0,0,0,0,0,0,0,0,0,0,0,0,0,0,0,0,0,0,0,0,0,0,0,0,0,0,0,0,0,0,0,0,0,0,0,0,0,0,0,0,0,0,0,0,0,0,0,0,0,0,0
Oreo_arfa,1,0,1,1,1,1,1,1,1,1,1,1,1,1,1,1,1,1,1,1,1,1,1,1,1,1,0,0,1,1,1,1,1,1,0,1,1,1,0,0,0,0,0,1,0,0,1,0,1,0,0,0,0,0,0,0,0,0,0,0,0,1,1,1,1,0,0,1,2,1,1,1,1,1,0,0,1,1,0,0,1,1,1,1,1,1,1,1,1,0,1,1,1,1,1,1,1,1,1,1,1,1,1,0,0,0,0,0,1,1,0,1,0,0,1,1,1,1,1,1,1,1,0,0,0,0,0,0,0,0,0,1,1,1,1,1,1,1,1,1,1,0,1,1,1,1,1,1,1,0,0,0,0,1,1,2,0,1,1,1,0,0,1,1,1,1,2,1,1,1,1,1,1,1,1,0,0,0,0,0,0,0,0,0,0,0,0,1,1,1,1,0,0,0,1,2,1,1,1,1,0,1,1,1,1,2,1,1,1,1,1,1,1,0,1,1
Oreo_aure,1,0,1,1,1,1,1,1,1,1,0,1,1,1,1,1,2,1,1,1,1,1,1,1,1,2,3,3,0,1,1,1,1,1,1,0,2,1,1,1,1,3,3,1,3,0,2,2,1,1,2,2,1,0,2,0,1,2,1,0,1,1,1,0,0,2,3,1,2,0,1,0,0,0,2,2,1,1,3,0,0,1,0,1,1,1,1,0,0,2,0,1,1,1,0,1,1,1,1,1,0,1,1,3,3,4,0,2,1,1,0,1,2,2,0,0,1,0,0,0,0,0,0,1,0,1,2,1,2,1,1,0,0,0,0,0,0,0,0,0,0,1,1,0,0,0,0,0,0,0,1,2,2,0,0,2,1,0,0,2,1,2,1,1,4,0,0,1,1,1,0,1,1,1,1,1,0,2,0,1,0,0,1,1,1,1,1,0,1,1,1,1,1,1,0,2,0,0,0,1,2,1,1,1,0,0,1,1,1,1,1,0,0,1,1,1
Oreo_mela,1,0,1,1,1,1,1,1,1,1,1,1,1,1,1,1,1,1,1,1,1,1,1,1,1,1,0,0,0,0,0,0,0,0,0,1,1,1,0,0,0,0,0,0,0,0,0,1,0,0,0,1,0,0,0,0,0,0,1,0,0,0,0,1,1,0,0,1,3,1,1,1,1,1,0,0,1,1,0,0,1,1,1,1,1,1,1,1,1,1,1,1,1,1,1,1,1,1,1,1,1,1,1,0,0,0,1,0,0,0,0,0,0,0,1,1,1,1,1,1,1,1,0,1,0,0,0,0,0,0,0,0,0,1,1,0,1,0,0,1,1,0,1,1,1,1,1,1,1,1,0,0,0,0,1,2,0,1,1,1,1,0,1,2,1,0,2,1,1,1,1,1,1,0,1,0,0,0,0,1,1,2,1,1,1,1,1,1,1,1,1,1,1,0,1,2,1,1,1,1,0,1,1,0,0,0,0,0,0,0,0,1,1,1,1,1
Oreo_nilo,1,0,1,1,1,1,1,1,1,1,0,1,1,1,1,1,2,1,0,1,1,1,1,1,1,2,3,2,0,1,1,1,1,1,1,0,0,1,1,1,1,3,3,1,3,0,2,2,1,1,2,2,1,0,2,0,1,1,1,0,1,1,1,0,0,2,3,1,2,0,1,0,0,0,2,2,1,1,3,0,0,1,0,1,1,1,1,0,0,2,0,1,1,1,0,1,1,1,1,1,0,1,1,3,3,4,0,2,1,1,0,1,2,2,0,0,0,0,0,0,0,0,0,1,0,0,1,0,1,0,0,0,0,0,0,0,1,0,1,0,0,1,1,1,0,0,0,0,1,0,0,2,2,0,0,2,1,1,1,2,0,2,1,1,4,0,1,1,0,1,0,1,1,1,1,1,0,2,0,0,0,0,1,1,1,1,1,0,1,1,1,1,1,1,0,0,0,0,1,1,2,1,1,1,0,0,1,1,1,1,1,0,0,1,1,1
Orig_soli,1,0,1,1,0,1,1,1,1,1,1,1,1,1,1,1,1,1,1,1,1,1,1,1,1,1,0,0,1,1,1,1,1,1,0,1,1,1,1,1,1,0,0,2,1,1,1,1,2,1,2,1,1,1,0,1,1,1,0,0,1,1,1,1,1,0,0,1,1,1,2,1,1,1,0,0,1,1,0,0,1,1,1,1,1,1,1,1,1,1,1,1,1,1,1,1,1,1,1,1,1,1,1,0,0,1,1,1,2,1,2,2,1,1,1,1,1,1,1,1,1,1,0,0,1,1,1,1,1,1,1,1,1,1,1,1,1,1,1,1,1,0,1,0,1,1,1,1,1,1,1,0,1,1,1,2,1,1,1,0,3,1,1,0,0,1,1,0,0,0,1,1,1,1,1,1,1,1,1,1,1,1,1,1,1,1,1,1,1,1,1,1,1,0,1,2,2,1,1,1,1,1,1,1,1,2,1,1,1,1,0,1,1,0,0,0
Orio_orio,1,0,1,1,1,1,1,1,1,1,1,1,1,1,1,1,1,1,1,1,1,1,1,1,1,1,0,0,1,1,1,1,1,0,0,1,1,1,1,0,1,0,0,1,0,0,1,0,0,0,0,1,0,0,0,0,1,0,0,0,0,1,1,1,1,0,0,1,4,1,1,1,1,1,0,0,0,0,0,0,0,0,0,0,0,0,0,0,0,0,0,1,1,1,1,1,1,1,1,1,1,1,1,0,0,0,0,1,0,0,0,1,0,1,1,1,1,1,1,1,1,1,0,1,1,2,1,1,0,1,1,1,2,1,1,1,1,1,1,1,1,1,1,1,1,1,1,1,1,0,0,1,0,0,1,0,1,0,0,0,1,0,0,0,0,2,1,1,1,1,1,1,1,1,1,0,0,0,0,1,1,2,0,0,0,0,0,1,1,1,1,1,1,0,1,2,1,1,1,1,0,1,1,1,1,1,1,1,1,1,1,1,1,0,0,0
Orni_anat,1,1,1,0,1,1,0,1,1,1,1,1,1,1,1,1,1,1,1,1,1,1,1,1,1,1,1,3,1,1,1,1,1,1,1,1,1,1,1,1,1,1,1,1,2,2,2,1,1,2,2,1,1,1,1,1,2,2,1,0,1,2,1,1,1,1,1,1,4,1,1,0,1,1,1,1,1,1,1,0,1,1,0,1,1,1,1,1,1,1,1,0,1,1,1,1,1,1,1,1,1,1,1,1,3,2,2,1,1,1,1,1,2,1,1,1,1,1,1,1,1,1,1,2,3,2,2,1,1,1,1,1,0,1,1,2,1,1,0,1,1,1,1,1,1,1,1,1,1,1,2,0,1,1,2,1,1,1,1,1,2,1,1,0,2,1,0,0,1,1,1,1,1,1,1,1,1,0,1,2,1,3,0,0,1,0,1,1,1,1,1,1,1,1,1,2,1,1,1,1,2,1,1,1,1,1,1,1,2,1,2,1,1,1,1,1
Orth_spal,1,0,1,1,1,1,1,1,1,1,1,1,1,0,0,0,0,0,0,0,0,0,0,0,0,2,1,0,1,1,1,1,1,1,0,1,1,1,0,0,0,0,0,0,0,0,0,0,0,0,0,0,0,0,0,0,1,1,1,0,0,1,1,1,1,0,0,1,2,1,1,1,1,1,0,0,1,1,0,0,1,1,1,1,1,1,1,1,1,1,1,1,1,1,1,1,1,1,1,1,1,1,1,0,0,0,0,0,0,0,0,0,0,0,0,0,0,0,0,0,0,0,0,1,0,1,1,1,0,1,1,1,1,1,1,1,1,1,1,1,1,1,1,0,1,1,1,1,1,0,0,1,0,0,0,0,0,0,0,0,1,0,0,0,0,2,1,1,1,1,1,1,1,1,1,0,0,0,0,1,1,0,1,1,1,1,1,1,1,1,1,0,0,0,1,2,3,1,1,1,0,1,1,1,0,1,0,1,1,1,0,0,1,0,0,0
Oryc_afer,1,1,1,1,1,1,1,1,1,1,1,1,1,1,1,1,1,1,1,1,1,1,1,1,1,1,1,1,1,1,1,1,1,1,1,1,1,1,1,1,1,2,2,2,2,3,2,2,2,2,2,2,3,3,3,3,1,1,1,0,2,1,1,2,1,1,3,1,1,1,1,1,1,0,1,3,1,1,1,1,1,1,1,1,1,1,1,1,1,1,1,0,1,0,0,1,1,1,1,0,1,1,1,2,2,2,2,2,2,2,2,2,2,3,1,1,1,1,1,1,1,1,1,2,1,2,1,2,2,1,1,2,1,0,1,1,1,1,1,1,1,1,1,1,1,1,1,1,1,2,1,2,1,1,1,1,2,1,1,2,1,3,1,1,3,1,1,1,1,1,1,1,1,1,1,2,3,3,3,1,1,1,1,1,1,1,1,1,1,1,1,1,1,1,1,1,1,1,1,1,2,1,1,1,0,0,1,1,0,0,1,1,1,1,2,1
Oryc_borb,0,0,0,0,0,0,0,0,0,0,0,0,0,0,0,0,0,0,0,0,0,0,0,0,0,0,0,0,0,0,0,0,0,0,0,0,0,0,0,0,0,0,1,0,0,0,0,0,0,0,0,0,0,0,0,0,0,0,0,0,0,0,0,0,0,0,0,0,0,0,0,0,0,0,0,0,0,0,0,0,0,0,0,0,0,0,0,0,0,0,0,0,0,0,0,0,0,0,0,0,0,0,0,0,1,0,0,0,0,0,0,0,1,0,0,0,0,0,0,0,0,0,0,1,0,0,0,0,0,0,0,0,0,0,0,0,0,0,0,0,0,0,0,0,0,0,0,0,0,0,0,0,0,0,0,0,0,0,0,0,0,0,0,0,0,0,0,0,0,0,0,0,0,0,0,0,0,0,0,0,0,0,0,0,0,0,0,0,0,0,0,0,0,0,0,0,0,0,0,0,0,0,0,0,0,0,0,0,0,0,0,0,0,0,0,0
Oryc_cuni,0,0,0,1,1,1,1,1,1,1,1,0,0,1,1,1,1,1,1,1,1,1,1,1,1,1,2,2,0,1,1,0,1,1,1,1,1,1,0,1,0,1,1,1,2,2,1,1,1,2,1,1,4,4,4,4,2,1,1,0,1,2,2,1,1,1,1,1,1,1,1,1,1,1,1,1,1,1,2,1,1,1,0,1,1,1,1,1,1,1,1,1,1,1,1,1,1,1,1,1,1,1,1,1,1,1,2,1,1,1,2,1,1,1,1,1,1,1,1,1,1,1,1,2,1,2,1,1,1,1,2,1,1,1,1,1,1,1,1,1,1,1,1,1,1,1,1,1,1,1,1,0,1,1,0,0,0,1,1,2,1,1,1,1,1,1,1,1,1,1,1,0,1,1,1,6,4,1,4,1,1,3,1,1,1,1,1,1,1,1,1,1,1,2,1,1,3,1,1,1,1,1,1,1,1,1,2,1,1,1,2,1,1,1,1,1
Oryz_java,1,0,1,1,1,1,1,0,1,0,0,1,0,1,1,0,1,1,0,0,1,1,1,1,0,1,1,1,0,0,1,0,0,1,1,0,0,1,1,1,1,2,3,1,2,0,1,1,1,1,2,2,0,0,0,0,1,2,1,0,2,1,1,0,0,2,4,1,0,0,0,0,0,0,2,2,0,0,2,0,1,1,0,1,0,1,0,0,0,1,0,0,1,0,0,1,1,0,0,0,0,1,1,2,3,2,0,1,1,1,0,1,2,2,0,1,1,0,0,0,0,0,0,0,0,1,1,1,2,1,1,0,0,1,1,1,0,1,0,1,0,1,0,0,0,0,0,0,0,0,0,0,1,0,0,0,0,0,0,2,0,0,1,1,1,0,0,1,0,0,0,0,0,0,0,0,0,0,0,0,0,0,1,1,1,1,1,0,0,0,1,0,0,0,0,0,0,0,1,1,2,1,1,2,1,0,1,1,0,2,1,0,0,0,0,0
Oryz_lati,1,0,1,1,1,1,0,0,1,0,0,0,0,1,1,0,2,0,0,0,1,1,1,1,0,2,2,4,0,1,1,0,0,1,1,0,2,1,1,1,1,2,3,1,3,0,1,1,1,1,2,2,0,1,1,0,1,2,1,0,2,2,1,0,0,2,1,1,2,0,1,0,0,0,2,1,1,0,3,0,1,1,0,0,0,0,1,0,0,1,0,1,1,0,0,1,1,0,0,0,0,0,1,3,3,4,0,1,1,1,1,1,2,2,0,0,1,0,0,0,0,1,0,1,0,2,1,1,2,1,1,0,0,1,1,0,1,1,0,1,0,1,0,1,0,0,0,0,0,0,0,2,0,1,0,2,1,0,0,1,0,1,1,1,2,0,0,1,1,1,0,0,0,1,1,0,0,1,0,1,0,0,1,1,1,1,1,0,1,0,0,1,1,1,1,2,0,0,1,1,2,0,1,1,0,0,1,1,1,1,1,0,0,0,0,0
Oryz_mela,1,0,1,1,0,1,1,1,1,1,0,1,0,1,1,0,2,1,1,0,1,1,1,1,0,3,3,3,0,0,0,0,0,1,1,0,2,1,1,1,1,3,3,1,3,1,1,1,1,0,2,1,0,0,2,0,1,2,1,0,2,1,1,0,0,2,3,1,2,0,0,0,0,0,2,2,1,1,3,0,2,1,0,0,0,0,1,0,0,1,0,1,1,0,1,1,1,1,0,0,0,1,1,4,3,4,0,1,1,1,0,1,2,1,0,0,0,0,0,0,0,0,0,2,0,1,1,1,2,1,1,1,0,1,1,0,0,1,0,2,0,1,0,0,0,0,0,0,0,0,0,2,2,1,0,2,1,0,0,3,0,1,1,1,0,0,0,0,0,2,0,0,0,1,0,0,0,1,0,0,0,0,1,1,1,1,1,1,1,0,1,1,1,1,0,1,0,2,0,0,1,1,0,1,0,0,0,2,2,3,1,0,0,0,0,0
Oryz_sine,1,0,1,1,1,1,1,1,1,1,0,0,0,1,1,0,2,1,0,1,0,1,1,1,0,2,2,3,0,0,1,0,0,0,0,0,2,1,1,1,1,2,3,1,3,0,1,1,1,1,2,2,0,0,0,0,1,2,1,0,2,1,1,0,0,1,1,1,3,0,1,0,0,0,1,1,1,1,3,0,1,0,0,0,0,0,0,0,0,1,0,1,1,0,1,1,1,1,0,0,0,0,1,3,2,4,0,1,1,1,1,1,2,2,0,0,1,0,0,0,0,0,0,1,0,2,1,1,2,1,1,0,0,1,1,0,1,1,0,1,0,1,0,1,0,0,0,0,0,0,0,1,1,1,0,2,1,0,0,2,0,0,0,0,2,0,0,0,1,1,0,1,0,1,1,0,0,0,0,1,0,0,1,1,1,1,1,0,0,0,0,1,1,1,0,1,0,0,1,0,2,0,1,1,0,0,1,1,1,2,1,0,0,0,0,0
Otol_garn,1,1,1,1,1,1,1,1,1,1,0,0,0,0,1,1,1,1,1,1,1,1,1,1,1,1,1,1,1,1,1,1,1,1,1,1,1,1,1,1,1,1,1,1,1,1,1,1,1,1,1,1,2,2,3,2,2,1,2,1,1,1,1,1,1,1,1,1,1,1,1,1,1,1,1,1,0,1,0,0,1,1,1,1,1,1,1,1,0,0,1,1,1,1,1,1,1,1,1,1,1,1,1,1,1,1,1,1,1,1,1,1,1,1,1,1,1,1,1,1,1,1,1,2,1,1,1,2,1,2,2,1,1,1,1,1,2,1,1,1,1,1,1,1,1,1,1,1,1,2,2,2,2,1,1,1,2,1,1,1,1,2,1,0,3,1,1,1,1,1,1,1,1,1,1,2,2,2,2,1,2,1,1,1,1,1,1,1,1,1,1,1,1,0,1,1,1,1,1,1,1,1,1,2,1,1,0,2,1,1,1,1,1,1,2,1
Otus_suni,0,0,0,1,1,1,1,1,1,1,1,1,1,1,1,1,2,1,1,1,1,1,1,1,1,0,0,0,1,1,1,1,1,1,1,1,1,1,1,0,1,0,0,0,1,1,0,1,1,1,0,0,1,1,1,1,1,1,0,0,1,0,0,1,1,1,1,1,1,0,1,1,1,1,1,1,1,1,2,0,1,1,1,1,1,1,1,1,1,1,1,1,1,1,1,1,1,1,1,1,1,1,1,0,2,1,1,1,1,1,1,0,0,0,1,1,1,1,1,1,1,1,0,1,1,1,1,1,1,1,1,1,1,1,1,1,1,1,1,1,1,1,1,1,1,1,1,1,1,2,1,2,1,2,2,1,2,1,1,1,2,2,2,2,3,1,3,2,1,1,1,1,1,1,1,1,1,1,1,1,1,3,1,1,1,1,1,1,1,1,1,1,1,0,0,0,2,1,1,1,1,1,1,1,2,1,1,1,1,1,1,1,1,1,1,1
Ovis_arie,1,1,1,1,1,1,1,1,1,1,1,1,1,1,1,1,1,1,1,1,1,1,1,1,1,0,1,3,1,1,1,1,1,1,1,1,1,1,1,1,1,1,1,1,1,2,1,1,1,1,1,1,1,3,4,2,1,1,2,0,1,1,1,1,1,1,1,1,1,0,1,1,1,1,1,1,1,1,0,0,1,1,1,1,1,1,1,1,1,1,1,1,1,1,1,1,1,1,1,1,1,1,1,1,1,1,2,1,1,1,1,1,1,1,1,1,1,1,1,0,1,0,1,2,1,1,1,2,1,2,1,1,1,1,1,2,1,1,1,1,0,1,1,1,1,1,1,1,1,2,2,2,1,2,1,1,1,2,2,2,1,2,2,1,3,1,1,1,1,1,1,1,1,1,1,1,2,3,2,1,1,3,1,1,1,1,1,1,1,1,1,1,1,2,1,1,1,1,1,1,1,1,1,1,1,1,1,1,1,0,2,1,1,1,1,1
Owen_fusi,0,0,0,0,0,0,0,0,0,0,1,1,1,0,0,0,0,0,0,0,0,0,0,0,0,0,0,0,0,0,0,0,0,0,0,0,0,0,0,2,0,0,0,0,0,0,0,0,0,0,0,0,0,0,0,0,0,0,0,0,0,0,0,0,0,0,0,0,0,0,0,0,0,0,0,0,0,0,0,0,0,0,0,0,0,0,0,0,0,0,0,0,0,0,0,0,0,0,0,0,0,0,0,0,0,0,0,0,0,0,0,0,0,0,0,0,0,0,0,0,0,0,0,0,0,0,0,0,0,0,0,0,0,0,0,0,0,0,0,0,0,0,0,0,0,0,0,0,0,0,0,0,0,0,0,0,0,0,0,0,0,0,0,0,0,0,0,0,0,0,0,0,0,0,0,0,0,0,0,0,0,0,0,0,0,0,0,0,0,0,0,1,1,0,0,0,0,0,0,0,0,0,0,0,0,0,0,0,0,0,0,0,0,0,1,0
Oxyl_mada,1,0,1,0,0,0,0,0,0,0,1,1,1,0,0,0,0,0,0,0,0,0,0,0,0,0,0,0,1,1,0,1,0,1,0,0,0,0,1,1,1,0,0,0,0,0,0,0,0,0,0,0,0,0,0,0,0,0,0,0,0,0,0,0,0,0,0,1,0,1,0,0,0,0,0,0,1,0,0,0,0,0,1,0,0,0,1,0,1,1,1,0,0,0,0,0,0,0,0,0,0,0,0,0,0,0,0,0,0,0,0,0,0,0,1,1,1,1,1,1,1,1,0,0,1,0,0,0,0,0,0,0,0,0,0,0,0,0,0,0,0,0,0,0,1,0,0,0,0,0,0,0,0,0,1,0,0,0,0,0,0,0,0,0,0,0,0,0,0,0,0,1,1,1,1,0,0,0,0,1,1,0,0,0,0,0,0,1,0,1,0,1,1,0,1,2,1,0,0,0,0,0,0,0,0,0,0,0,0,0,0,1,0,0,0,0
Oxyr_cris,1,0,1,1,1,1,1,1,1,1,1,1,1,0,0,0,0,0,0,0,0,0,0,0,0,1,0,0,1,1,1,1,1,1,0,0,0,0,0,0,0,0,0,0,0,0,0,0,0,0,0,0,0,0,0,0,1,1,0,0,0,1,1,1,1,0,0,1,2,1,1,1,1,1,0,0,1,1,0,0,1,1,1,1,1,1,1,1,1,1,1,1,1,1,1,1,1,1,1,1,1,1,1,0,0,0,0,0,0,0,0,0,0,0,1,1,1,1,1,1,1,1,0,1,1,1,1,1,0,1,1,1,2,1,1,1,1,1,1,1,1,0,1,1,1,1,1,1,1,0,1,0,0,1,0,0,0,0,0,0,1,0,0,0,0,1,1,0,1,1,1,1,1,1,1,0,0,0,0,1,1,2,0,0,0,0,0,1,1,1,1,0,0,0,1,2,1,1,1,1,0,1,1,1,1,1,1,1,1,1,0,1,1,1,1,1
Pach_mino,1,0,1,1,0,1,1,1,1,1,1,1,1,1,1,1,1,1,1,1,1,1,1,1,1,0,0,0,1,1,1,1,1,1,0,1,1,1,1,1,1,0,0,1,0,0,1,0,0,0,0,0,1,1,0,1,1,1,0,0,0,1,1,1,1,0,0,1,0,1,1,1,1,1,0,0,0,1,0,0,1,1,0,1,1,1,0,1,1,0,1,1,1,1,1,1,1,1,1,1,1,1,1,0,0,0,0,0,0,1,1,1,0,0,1,1,1,1,1,1,1,1,0,0,0,1,1,1,0,1,1,1,1,1,1,1,1,1,1,1,1,0,1,1,1,1,0,1,1,1,2,0,1,1,1,1,1,1,1,0,1,1,1,0,0,1,1,0,1,1,1,1,1,1,1,1,1,1,1,1,1,2,1,1,1,1,1,1,1,1,1,1,1,0,1,2,1,1,1,1,0,1,1,0,0,0,0,0,0,0,0,1,1,1,1,1
Pach_phil,1,0,1,1,0,1,1,1,1,1,1,1,1,1,1,1,0,1,1,1,1,1,1,1,1,1,0,0,1,1,1,1,1,1,0,1,1,1,1,1,1,0,0,1,0,1,1,0,1,1,0,0,0,0,0,0,1,1,0,0,0,1,0,1,1,0,0,0,2,1,0,0,1,1,0,0,1,1,0,0,1,1,1,1,1,1,1,1,1,1,1,1,1,1,1,1,1,1,1,1,1,1,1,0,0,0,1,0,1,1,1,1,0,0,1,1,1,1,1,1,1,1,0,0,1,1,1,1,0,1,1,1,1,1,1,1,1,1,1,1,1,1,1,1,1,1,1,1,1,0,0,1,0,1,1,0,0,0,0,1,1,0,0,1,0,2,1,0,1,1,1,1,1,1,1,0,0,0,0,1,1,3,0,0,0,0,0,1,1,1,1,0,0,0,1,2,3,1,1,1,0,1,1,1,1,2,1,1,1,1,0,1,1,0,0,0
Paen_silv,0,0,0,0,0,0,0,0,0,0,0,0,0,0,0,0,0,0,0,0,0,0,0,0,0,0,0,0,0,0,0,0,0,0,0,0,0,0,0,0,0,0,0,0,0,0,0,0,0,0,0,0,0,0,0,0,0,0,0,0,0,0,0,0,0,0,0,0,0,0,0,0,0,0,0,0,0,0,0,0,0,0,0,0,0,0,0,0,0,0,0,0,0,0,0,0,1,0,0,0,0,0,0,0,0,0,0,0,0,0,0,0,0,0,0,0,0,0,0,0,0,0,0,0,0,0,0,0,0,0,0,0,0,0,0,0,0,0,0,0,0,0,0,0,0,0,0,0,0,0,0,0,0,0,0,0,0,0,0,0,0,0,0,0,0,0,0,0,0,0,0,0,0,0,0,0,0,0,0,0,0,0,0,0,0,0,0,0,0,0,0,0,0,0,0,0,0,0,0,0,0,0,0,0,0,0,0,0,0,0,0,0,0,0,0,0
PanX_pani,1,1,1,1,1,1,1,1,1,1,1,1,1,1,1,1,1,1,1,1,1,1,1,1,1,1,1,3,0,1,1,0,1,0,0,1,1,1,1,1,1,1,1,1,1,2,2,1,1,2,1,1,3,3,4,3,1,1,1,1,1,1,1,1,1,1,1,1,1,1,1,1,1,1,1,1,1,1,1,1,1,1,1,1,1,1,1,1,1,1,1,1,1,1,1,1,1,1,1,1,1,1,1,1,1,1,1,2,1,1,1,1,1,1,1,1,1,1,1,1,1,1,1,2,1,1,1,1,1,2,2,1,1,1,1,1,1,1,1,1,1,1,1,1,1,1,1,1,1,2,2,1,2,2,1,1,1,2,2,2,1,2,1,1,1,1,1,2,1,1,1,1,1,1,1,3,3,3,3,1,1,3,1,1,1,1,1,1,1,1,1,1,1,2,1,1,1,1,1,1,1,1,1,1,1,1,2,1,1,1,2,1,1,1,2,1
PanX_trog,1,1,1,1,1,1,1,1,1,1,1,1,1,1,1,1,1,1,1,1,1,1,1,1,1,1,1,5,0,1,1,0,1,2,1,1,1,1,1,1,1,3,3,3,3,4,4,3,3,4,3,3,4,4,4,4,1,1,1,1,2,1,1,2,2,3,4,1,1,1,1,1,1,2,3,4,1,1,1,1,1,1,1,1,1,1,1,1,1,1,1,1,1,1,1,1,1,1,1,1,1,1,1,3,3,3,3,4,3,3,3,3,3,3,1,1,1,1,1,1,1,1,1,2,1,1,1,1,1,2,2,1,1,1,1,1,1,1,1,1,1,2,1,1,1,1,1,1,1,2,2,2,2,2,1,1,1,2,2,2,1,3,1,1,1,1,1,2,1,1,1,1,1,1,1,4,4,4,4,1,2,3,1,1,1,1,1,1,1,1,1,0,0,0,1,1,1,1,1,1,2,1,1,1,1,1,2,1,1,1,2,1,1,1,1,1
Pana_redi,0,0,1,0,0,0,0,0,0,0,0,0,0,0,0,0,0,0,0,0,0,0,0,0,0,0,0,0,0,0,0,0,0,0,0,0,0,0,0,0,0,0,0,0,0,0,0,0,0,0,0,0,0,0,0,0,0,0,0,0,0,0,0,0,0,0,0,0,0,0,0,0,0,0,0,0,0,0,0,0,0,0,0,0,0,0,0,0,0,0,0,0,0,0,0,0,0,0,0,0,0,0,0,0,0,0,0,0,0,0,0,0,0,0,0,0,0,0,0,0,0,0,0,0,0,0,0,0,0,0,0,0,0,0,0,0,0,0,0,0,0,0,0,0,0,0,0,0,0,0,0,0,0,0,0,0,0,0,0,0,0,0,0,0,0,0,0,0,0,0,0,0,0,0,0,0,0,0,0,0,0,0,0,0,0,0,0,0,0,0,0,0,0,0,0,0,0,0,0,0,0,0,0,0,0,0,0,0,0,0,0,0,0,0,0,0
Pand_hali,0,0,1,0,0,0,0,0,0,0,1,1,1,0,0,0,0,0,0,0,0,0,0,0,0,0,0,0,1,1,1,1,1,1,0,1,1,1,1,0,1,0,0,0,0,0,0,0,0,0,0,0,0,0,0,0,0,0,0,0,0,0,0,0,0,0,1,0,0,1,0,0,0,0,0,1,0,0,0,0,1,1,0,1,1,1,0,0,1,0,1,0,0,0,0,0,0,0,0,0,0,0,0,0,0,0,0,0,0,0,0,0,0,0,1,1,1,1,1,1,1,1,0,1,0,0,0,0,0,0,0,1,1,1,1,1,1,1,1,1,0,0,1,1,1,1,0,1,1,1,0,0,0,0,1,0,0,0,0,0,0,0,0,1,0,0,0,0,1,1,1,1,1,0,1,0,0,0,0,1,0,2,0,0,1,0,0,1,0,1,0,0,0,0,1,2,1,0,0,0,0,0,0,0,1,0,0,0,0,0,1,1,1,1,1,1
Pang_hypo,1,0,1,1,1,1,1,1,1,1,1,0,1,1,1,1,2,1,1,1,0,1,1,1,1,2,2,4,1,0,1,1,0,1,1,0,0,0,1,1,1,2,1,1,3,0,2,1,1,1,2,1,1,1,2,1,1,2,1,0,2,2,2,1,0,2,3,1,2,0,1,0,1,0,2,2,0,1,3,0,0,0,1,0,0,1,1,1,1,2,0,1,0,1,1,1,1,1,1,1,0,1,1,2,3,2,0,1,1,1,1,2,2,2,0,0,1,0,0,0,0,1,0,1,1,1,2,1,2,1,1,0,0,1,2,0,0,0,0,1,1,1,1,0,1,0,1,1,1,0,0,1,2,0,0,2,1,2,2,1,0,1,1,1,2,0,0,0,1,0,2,1,0,0,1,1,2,2,1,0,0,0,1,1,1,1,1,0,1,1,0,1,1,0,1,0,0,2,1,0,3,2,1,0,0,0,0,1,0,0,2,1,1,1,1,1
Pani_hall,0,0,0,0,0,0,0,0,0,0,0,0,0,0,0,0,0,0,0,0,0,0,0,0,0,0,0,0,0,0,0,0,0,0,0,0,0,0,0,0,0,0,0,0,0,0,0,0,0,0,0,0,0,0,0,0,0,0,0,0,0,0,0,0,0,0,0,0,0,0,0,0,0,0,0,0,0,0,0,0,0,0,0,0,0,0,0,0,0,0,0,0,0,0,0,0,1,1,0,0,1,0,0,0,0,0,0,0,0,0,0,0,0,0,0,0,0,0,0,0,0,0,0,0,0,0,0,0,0,0,0,0,0,0,0,0,0,0,0,0,0,0,0,0,0,0,0,0,0,0,0,0,0,0,0,0,0,0,0,0,0,0,0,0,0,0,0,0,0,0,0,0,0,0,0,0,0,0,0,0,0,0,0,0,0,0,0,0,0,0,0,0,0,0,0,0,0,0,0,0,0,0,0,0,0,0,0,0,0,0,0,0,0,0,0,0
Pani_mili,0,0,0,0,0,0,0,0,0,0,0,0,0,0,0,0,0,0,0,0,0,0,0,0,0,0,0,0,0,0,0,0,0,0,0,0,0,0,0,0,0,0,0,0,0,0,0,0,0,0,0,0,0,0,0,0,0,0,0,0,0,0,0,0,0,0,0,0,0,0,0,0,0,0,0,0,0,0,0,0,0,0,0,0,0,0,0,0,0,0,0,0,0,0,0,0,1,2,0,0,1,0,0,0,0,0,0,0,0,0,0,0,0,0,0,0,0,0,0,0,0,0,0,0,0,0,0,0,0,0,0,0,0,0,0,0,0,0,0,0,0,0,0,0,0,0,0,0,0,0,0,0,0,0,0,0,0,0,0,0,0,0,0,0,0,0,0,0,0,0,0,0,0,0,0,0,0,0,0,0,0,0,0,0,0,0,0,0,0,0,0,0,0,0,0,0,0,0,0,0,0,0,0,0,0,0,0,0,0,0,0,0,0,0,0,0
Pant_gutt,1,0,1,1,1,1,1,1,1,1,1,1,1,1,1,1,1,1,1,1,2,1,1,1,1,1,1,3,1,1,1,1,1,1,1,1,2,1,1,0,1,1,3,2,3,1,1,1,2,2,2,2,1,2,2,0,1,2,2,0,2,2,2,1,1,1,1,1,3,1,1,1,1,1,1,1,1,1,1,0,1,1,1,1,1,1,1,1,1,1,1,1,1,1,1,0,0,0,1,1,1,1,1,1,3,2,1,1,1,1,2,1,1,2,1,1,1,1,1,1,1,1,0,0,2,1,2,1,2,1,1,1,1,1,1,1,1,1,1,1,1,2,1,1,1,1,1,1,1,1,2,1,3,1,0,3,2,1,1,2,2,1,0,0,3,1,0,0,1,1,1,1,1,0,1,1,2,2,0,0,0,0,1,1,0,1,1,1,1,1,1,1,1,0,1,3,2,1,1,1,1,1,1,1,1,1,0,1,2,1,1,1,1,1,1,1
Pant_leoX,1,1,1,1,1,1,1,1,1,1,1,1,1,1,1,1,1,1,1,1,1,1,1,1,1,1,1,3,0,1,1,0,1,1,1,1,1,1,1,1,1,1,1,1,1,2,1,1,1,2,1,1,2,2,2,1,1,1,2,1,2,1,1,1,1,1,1,1,1,1,1,1,1,1,1,1,1,1,2,1,1,1,1,1,1,1,1,1,1,1,1,1,1,1,1,1,1,1,1,1,1,1,1,1,1,1,1,2,1,1,1,1,1,1,1,1,1,1,1,1,1,1,1,2,1,1,1,1,1,1,2,1,1,1,1,1,1,1,1,1,1,1,1,1,1,1,1,1,1,2,1,1,2,2,1,1,0,2,2,2,1,2,1,1,3,1,1,1,1,1,1,1,1,1,1,2,2,2,1,1,2,3,1,1,1,1,1,1,1,1,1,1,1,1,1,1,1,1,1,1,2,1,1,1,1,1,2,1,1,1,1,1,1,1,1,1
Pant_tigr,1,0,1,1,1,1,1,1,1,1,1,1,1,1,1,1,1,1,1,1,1,1,1,1,1,0,0,0,1,1,1,1,1,1,0,1,1,1,1,0,1,2,2,2,2,3,2,2,2,3,2,2,1,1,1,2,1,1,2,1,1,1,1,2,1,2,2,1,1,1,1,1,2,1,2,2,1,1,0,0,1,1,1,1,1,1,1,1,1,1,1,0,1,0,0,2,2,1,1,1,1,1,1,2,2,2,3,3,2,2,2,2,2,2,1,1,0,0,1,0,1,0,1,2,1,2,1,2,1,1,1,1,1,1,1,1,1,1,1,1,1,1,1,1,1,1,1,1,1,2,1,1,2,1,1,2,0,1,1,2,1,1,1,1,1,1,1,1,1,1,1,1,1,1,1,1,1,1,2,1,1,3,0,0,0,0,0,1,1,1,1,0,0,0,1,1,1,1,1,1,1,1,1,1,1,1,1,1,1,0,1,1,1,1,1,1
Panu_biar,1,0,1,1,1,1,1,1,1,1,1,1,1,0,0,0,0,0,0,0,0,0,0,0,0,1,0,0,1,1,1,1,1,1,0,1,1,1,1,0,1,0,0,0,0,0,0,0,0,0,0,0,0,0,0,0,0,0,0,0,0,0,0,1,1,0,0,0,0,1,0,0,1,1,0,0,1,1,0,0,1,1,1,1,1,1,1,1,1,0,1,0,0,0,0,1,1,1,0,0,0,0,0,0,0,0,0,0,0,0,0,0,0,0,1,1,1,1,1,1,1,1,0,0,0,0,0,0,0,0,0,1,1,1,1,1,1,1,1,1,1,1,1,1,1,1,1,1,1,1,0,1,0,1,2,0,1,0,0,0,0,0,0,0,0,1,1,1,1,1,1,1,1,1,1,0,0,0,0,0,0,2,0,0,0,0,0,1,1,1,1,0,0,0,1,2,0,0,0,0,0,0,0,1,0,2,1,1,1,1,0,1,1,0,0,0
Papi_anub,0,0,0,1,1,1,1,1,1,1,1,0,1,1,1,1,1,1,1,1,1,1,1,1,1,1,2,3,1,1,1,1,1,1,1,1,1,1,1,1,1,2,2,2,2,3,3,2,2,3,2,2,4,4,4,4,1,1,1,1,1,1,1,1,1,1,3,1,1,1,1,1,1,1,1,3,1,1,2,1,1,1,1,1,1,1,1,1,1,1,1,1,1,1,1,1,1,1,1,1,1,1,1,2,2,2,3,3,2,2,2,2,2,2,1,1,1,1,1,1,1,1,1,2,1,1,1,1,1,2,1,1,1,1,1,1,1,1,1,1,1,3,1,1,1,1,1,1,1,2,2,3,2,2,1,1,1,2,2,2,1,2,1,1,1,1,1,2,1,1,1,1,1,1,1,4,4,4,4,1,1,3,1,1,1,1,1,1,1,1,1,0,0,0,1,1,1,1,1,1,2,1,1,1,1,1,2,1,1,1,1,1,1,1,1,1
Para_amin,0,0,0,0,0,0,0,0,0,0,0,0,0,0,0,0,0,0,0,0,0,0,0,0,0,0,0,0,0,0,0,0,0,0,0,0,0,0,0,0,0,0,0,0,0,0,0,0,0,0,0,0,0,0,0,0,0,0,0,0,0,0,0,0,0,0,0,0,0,0,0,1,0,0,0,0,0,0,0,0,0,0,0,0,0,0,0,0,0,0,0,0,0,0,0,0,0,0,0,0,0,0,0,0,0,0,0,0,0,0,0,0,0,0,0,0,0,0,0,0,0,0,0,0,0,0,0,0,0,0,0,0,0,0,0,0,0,0,0,0,0,0,0,0,0,0,0,0,0,0,0,0,0,0,0,0,0,0,0,0,0,0,0,0,0,0,0,0,0,0,0,0,0,0,0,0,0,0,0,0,0,0,0,0,0,0,0,0,0,0,0,0,0,0,0,0,0,0,0,0,0,0,0,0,0,0,0,0,0,0,0,0,0,0,0,0
Para_deni,0,0,0,0,0,0,0,0,0,0,0,0,0,0,0,0,0,0,0,0,0,0,0,0,0,0,0,0,0,0,0,0,0,0,0,0,0,0,0,0,0,0,0,0,0,0,0,0,0,0,0,0,0,0,0,0,0,0,0,0,0,0,0,0,0,0,0,0,0,0,0,1,0,0,0,0,0,0,0,0,0,0,0,0,0,0,0,0,0,0,0,0,0,0,0,0,0,0,0,0,0,0,0,0,0,0,0,0,0,0,0,0,0,0,0,0,0,0,0,0,0,0,0,0,0,0,0,0,0,0,0,0,0,0,0,0,0,0,0,0,0,0,0,0,0,0,0,0,0,0,0,0,0,0,0,0,0,0,0,0,0,0,0,0,0,0,0,0,0,0,0,0,0,0,0,0,0,0,0,0,0,0,0,0,0,0,0,0,0,0,0,0,0,0,0,0,0,0,0,0,0,0,0,0,0,0,0,0,0,0,0,0,0,0,0,0
Para_hete,0,0,0,0,0,0,0,0,0,0,0,0,0,0,0,0,0,0,0,0,0,0,0,0,0,0,0,0,0,0,0,0,0,0,0,0,0,0,0,1,0,0,0,0,0,0,0,0,0,0,0,0,0,0,0,0,0,0,0,0,0,0,0,0,0,0,0,0,0,0,0,0,0,0,0,0,0,0,0,0,0,0,0,0,0,0,0,0,0,0,0,0,0,0,0,1,0,1,0,0,0,0,0,0,0,0,0,0,0,0,0,0,0,0,0,0,0,0,0,0,0,0,0,0,0,0,0,0,0,0,0,0,0,0,0,0,0,0,0,0,0,0,0,0,0,0,0,0,0,0,0,0,0,0,0,0,0,0,0,0,0,0,0,0,0,0,0,0,0,0,0,0,0,0,0,0,0,0,0,0,0,0,0,0,0,0,0,0,0,0,0,0,0,0,0,0,0,0,0,0,0,0,0,0,0,0,0,0,0,0,0,0,0,0,0,0
Para_rang,1,0,1,1,1,1,1,1,1,1,0,1,1,1,1,0,2,1,1,0,1,1,1,1,1,2,3,4,1,0,1,1,1,1,1,0,0,1,1,1,1,3,3,1,4,1,2,1,1,1,2,2,1,0,1,1,1,2,1,0,2,1,1,0,0,2,2,1,3,0,1,0,0,0,2,2,2,0,3,0,0,0,1,1,0,0,1,0,0,2,1,1,1,0,0,1,1,0,1,1,0,1,1,3,3,3,1,1,1,1,1,1,2,2,0,0,0,1,0,0,0,0,0,1,0,1,1,1,2,1,1,1,0,0,1,0,0,0,2,0,0,1,0,1,0,0,1,0,0,0,1,1,2,0,0,2,1,0,0,2,1,1,1,1,2,0,0,1,0,0,0,0,0,1,0,0,0,1,1,0,0,0,1,1,1,1,1,0,1,0,1,1,1,0,0,2,0,0,0,1,2,1,1,2,1,0,1,1,1,2,1,0,0,0,0,0
Para_west,0,0,0,0,0,0,0,0,0,0,0,0,0,0,0,0,0,0,0,0,0,0,0,0,0,0,0,0,0,0,0,0,0,0,0,0,0,0,0,1,0,0,0,0,0,0,0,0,0,0,0,0,0,0,0,0,0,0,0,0,0,0,0,0,0,0,0,0,0,0,0,0,0,0,0,0,0,0,0,0,0,0,0,0,0,0,0,0,0,0,0,0,0,0,0,1,0,1,0,0,0,0,0,0,0,0,0,0,0,0,0,0,0,0,0,0,0,0,0,0,0,0,0,0,0,0,0,0,0,0,0,0,0,0,0,0,0,0,0,0,0,0,0,0,0,0,0,0,0,0,0,0,0,0,0,0,0,0,0,0,0,0,0,0,0,0,0,0,0,0,0,0,0,0,0,0,0,0,0,0,0,0,0,0,0,0,0,0,0,0,0,0,0,0,0,0,0,0,0,0,0,0,0,0,0,0,0,0,0,0,0,0,0,0,0,0
Para_yeei,0,0,0,0,0,0,0,0,0,0,0,0,0,0,0,0,0,0,0,0,0,0,0,0,0,0,0,0,0,0,0,0,0,0,0,0,0,0,0,0,0,0,0,0,0,0,0,0,0,0,0,0,0,0,0,0,0,0,0,0,0,0,0,0,0,0,0,0,0,0,0,1,0,0,0,0,0,0,0,0,0,0,0,0,0,0,0,0,0,0,0,0,0,0,0,0,0,0,0,0,0,0,0,0,0,0,0,0,0,0,0,0,0,0,0,0,0,0,0,0,0,0,0,0,0,0,0,0,0,0,0,0,0,0,0,0,0,0,0,0,0,0,0,0,0,0,0,0,0,0,0,0,0,0,0,0,0,0,0,0,0,0,0,0,0,0,0,0,0,0,0,0,0,0,0,0,0,0,0,0,0,0,0,0,0,0,0,0,0,0,0,0,0,0,0,0,0,0,0,0,0,0,0,0,0,0,0,0,0,0,0,0,0,0,0,0
Pard_punc,1,0,1,1,1,1,1,1,1,1,1,1,1,1,1,1,0,1,1,1,1,1,1,1,1,1,0,0,1,1,1,1,1,0,0,1,1,1,1,0,1,0,0,1,0,1,1,0,1,1,0,0,1,1,0,0,1,1,1,0,0,0,1,1,1,0,0,1,2,2,1,1,1,1,0,0,1,1,0,0,1,1,2,1,1,1,1,1,1,1,1,1,1,1,1,1,1,1,1,1,1,1,1,0,0,0,1,0,0,1,1,1,0,1,1,1,1,1,1,1,1,1,0,0,0,1,1,1,0,1,1,1,1,1,1,1,1,2,1,1,2,0,1,0,1,1,1,1,1,0,2,0,0,0,0,1,1,0,0,0,3,0,0,0,1,1,1,1,1,1,1,1,1,1,1,1,1,0,0,1,1,1,0,0,0,0,0,1,1,1,1,0,0,0,1,2,1,1,1,1,0,1,1,1,1,1,0,1,1,1,0,1,1,0,0,0
Pass_amoe,0,0,0,1,0,1,1,1,1,1,1,1,1,1,1,1,0,1,1,1,1,1,0,1,1,0,0,2,1,1,1,1,1,0,0,0,0,0,1,1,1,0,0,1,0,1,1,0,1,0,0,0,0,0,0,0,0,0,0,0,0,1,1,1,1,1,1,1,0,1,1,1,1,1,1,1,1,1,0,0,1,1,1,1,1,1,1,1,1,1,1,1,1,1,1,1,1,1,1,1,1,1,1,0,0,0,1,1,1,1,0,1,0,0,1,1,1,1,1,1,1,1,0,0,0,0,0,0,0,0,0,1,2,1,1,1,1,1,1,0,0,0,1,1,0,1,0,1,1,0,0,0,0,0,0,0,0,0,0,0,0,0,0,0,0,0,0,0,1,1,1,1,1,1,1,0,0,0,0,0,0,0,1,1,0,1,0,1,1,1,1,1,1,0,1,2,0,1,1,1,0,1,1,1,1,2,0,1,2,1,1,1,1,1,1,1
Pata_fasc,1,0,1,1,1,1,1,1,1,1,1,1,1,1,1,1,1,1,1,1,1,1,1,1,1,0,0,2,1,1,1,1,1,1,1,1,1,1,1,0,1,0,0,0,0,0,0,1,0,1,1,0,0,1,0,0,1,1,0,0,2,3,0,1,1,1,1,2,1,1,1,1,1,1,1,1,0,0,0,0,1,1,0,0,1,1,1,0,0,0,0,1,1,1,1,1,1,1,1,1,1,1,1,0,0,0,0,0,1,0,1,0,1,0,1,1,1,1,1,1,1,1,0,1,2,1,1,1,2,1,1,1,1,1,1,1,1,1,1,1,1,1,1,1,1,1,1,1,1,1,1,0,0,3,1,3,0,2,1,2,1,1,1,1,1,1,2,2,1,1,1,1,1,1,1,0,0,0,0,1,1,3,1,1,1,1,1,1,1,1,1,1,1,0,1,3,1,1,1,1,1,1,1,1,1,2,1,1,1,1,1,1,2,1,1,1
Pavo_cris,1,0,1,0,1,1,0,0,0,0,0,0,0,0,1,0,1,1,2,1,0,0,1,1,1,0,0,0,0,0,1,0,0,1,0,1,1,1,0,1,0,0,0,0,0,0,0,1,0,0,0,0,0,0,0,1,1,0,0,0,1,1,0,0,0,0,1,2,2,1,1,1,0,0,0,1,1,1,1,0,1,1,1,0,1,1,1,1,1,1,1,0,1,0,1,0,0,0,0,0,0,0,1,0,0,0,0,1,0,0,0,0,0,0,1,1,1,1,1,1,1,1,0,0,1,1,0,0,0,0,0,1,2,1,1,1,1,1,1,1,1,2,1,1,1,1,1,1,1,1,0,1,0,0,1,0,1,0,0,0,1,1,0,0,0,2,1,0,1,1,3,1,1,1,1,0,0,0,1,0,0,1,1,1,1,1,1,1,0,1,1,1,1,0,1,2,1,1,0,0,1,1,0,1,1,1,1,0,1,1,2,1,1,0,0,1
Pedi_huma,0,0,0,0,0,0,0,0,0,0,0,0,0,0,0,0,0,0,0,0,0,0,0,0,0,0,0,0,0,0,0,0,0,0,0,0,0,0,0,0,0,0,1,0,0,0,0,0,0,1,1,0,0,0,0,0,0,0,0,0,0,0,0,0,0,0,0,0,0,0,0,0,0,0,0,0,0,0,0,0,0,0,0,0,0,0,0,0,0,0,0,0,0,0,0,0,0,0,0,0,0,0,0,0,1,0,0,0,0,0,1,0,1,0,0,0,0,0,0,0,0,0,0,0,0,0,0,0,0,0,0,0,0,0,0,0,0,0,0,0,0,0,0,0,0,0,0,0,0,0,0,0,0,0,0,0,0,0,0,0,0,0,0,0,0,0,0,0,0,0,0,0,0,0,0,0,0,0,0,0,0,0,0,0,0,0,0,0,0,0,0,0,0,0,0,0,0,0,0,0,0,0,0,0,0,0,0,0,0,0,0,0,0,0,0,0
Pedi_torq,1,0,1,1,1,1,1,1,1,1,0,0,0,1,1,1,0,1,1,1,1,1,1,1,1,1,0,0,1,1,0,1,1,1,0,1,1,1,0,0,0,0,0,0,0,1,1,0,1,0,0,0,0,2,0,1,1,1,0,0,0,1,0,1,1,0,0,1,0,0,1,1,1,1,0,0,1,1,0,0,1,1,2,1,1,1,1,1,1,1,1,1,1,1,1,1,1,1,1,1,1,1,1,0,0,0,1,1,1,1,0,0,0,0,1,1,1,1,1,1,1,1,0,1,0,1,1,1,0,1,1,1,1,0,0,1,1,1,1,1,3,0,1,1,1,1,0,1,1,0,2,0,0,0,0,0,1,0,0,1,2,0,0,1,0,1,1,0,1,1,1,1,1,0,1,0,2,0,1,1,1,0,1,1,1,1,1,1,1,1,1,0,0,0,1,1,1,1,1,1,0,1,1,0,0,0,0,0,0,0,1,1,1,0,0,0
Pele_cris,0,0,0,0,0,0,0,0,0,0,1,1,1,1,1,1,0,1,1,1,1,1,1,1,1,1,0,0,0,0,0,0,0,1,0,1,1,1,0,0,0,1,0,0,0,1,0,0,1,0,0,0,0,0,0,0,0,0,0,0,0,0,0,1,1,0,0,0,0,0,0,0,1,1,0,0,0,0,0,0,0,0,1,0,0,0,0,0,0,0,0,1,1,1,1,0,0,0,1,1,1,1,1,1,0,0,1,0,1,1,0,0,1,0,0,0,0,0,0,0,0,0,0,1,1,0,0,0,0,0,0,1,0,0,0,0,0,0,0,0,1,0,1,1,1,1,0,1,1,0,1,0,0,0,1,0,0,0,0,0,1,0,0,1,0,0,1,0,0,1,0,1,1,0,1,0,0,0,0,0,1,0,1,1,1,1,1,1,1,0,1,0,0,0,0,0,0,1,0,0,0,0,0,1,0,0,0,1,0,1,1,1,1,0,0,0
Pele_urin,1,0,1,0,0,0,0,0,0,0,1,1,1,1,1,1,1,1,1,1,1,1,1,1,1,0,0,0,1,1,1,1,1,1,0,1,1,1,1,1,1,0,0,0,0,0,0,1,1,0,0,0,0,0,0,0,0,0,0,0,0,0,0,1,1,1,1,1,1,1,1,1,1,1,1,1,1,1,0,0,1,1,1,1,1,1,1,1,1,1,1,0,0,0,0,0,0,0,0,0,0,0,0,0,0,0,1,0,1,1,1,0,0,0,1,1,1,1,1,1,1,1,0,0,1,0,0,0,0,0,0,1,1,1,1,1,1,1,1,1,1,0,1,1,1,1,1,1,1,1,0,0,0,0,0,0,0,0,0,0,1,0,0,1,0,1,1,1,1,1,1,1,1,1,1,0,0,0,0,2,1,2,1,1,1,1,1,1,1,1,1,1,1,0,1,2,1,1,1,0,0,0,0,0,1,0,0,0,0,0,2,1,1,1,1,1
Pelo_sine,1,0,1,1,1,1,1,1,1,1,1,0,1,1,1,1,0,1,1,1,1,1,1,1,1,1,1,1,1,1,0,1,1,1,0,1,1,1,1,1,1,1,0,1,0,1,0,0,0,1,1,0,1,2,0,1,0,0,0,0,0,0,0,1,0,0,1,1,2,0,1,1,1,0,0,1,0,1,0,0,1,1,1,1,1,1,1,1,1,0,1,1,1,1,1,1,1,0,0,0,0,0,1,1,0,0,1,0,1,0,1,1,1,0,1,1,1,1,1,1,1,1,0,2,1,0,0,0,0,0,0,1,1,1,1,1,1,1,1,0,1,0,1,1,0,1,0,1,1,1,3,1,2,2,1,1,1,2,2,1,2,1,2,1,3,1,2,2,0,0,1,1,1,0,1,1,2,0,1,1,1,2,1,1,1,1,1,1,1,1,1,0,0,0,1,1,1,1,1,1,0,1,1,1,2,1,1,1,1,1,1,1,1,1,1,1
Pelu_cast,1,0,1,1,1,1,1,1,1,1,1,1,1,1,1,1,1,1,1,1,1,1,1,1,1,1,1,0,1,1,1,1,1,0,1,1,1,1,0,0,0,2,3,1,1,1,1,1,2,2,3,1,1,2,0,1,2,2,1,0,2,2,1,1,1,1,1,2,2,1,1,1,1,1,1,1,1,1,1,0,1,1,1,1,1,1,1,1,1,1,1,1,1,1,1,0,0,0,1,1,1,1,1,2,3,1,1,1,1,2,1,1,2,1,1,1,1,1,1,1,1,1,0,2,1,2,2,1,2,1,1,1,1,1,1,1,1,1,1,1,1,0,1,1,1,1,0,1,1,1,3,1,2,2,1,1,1,2,2,2,1,1,2,2,3,1,1,1,1,1,1,1,1,1,1,1,2,0,1,1,1,3,1,1,1,1,1,1,1,1,1,1,1,1,1,2,1,1,1,1,1,1,1,1,1,1,1,1,2,1,2,1,1,1,1,1
Pena_vann,1,0,1,0,0,0,0,0,0,0,0,0,0,0,0,0,0,0,0,0,0,0,0,0,0,0,0,0,0,0,0,0,0,1,0,0,0,0,0,1,0,0,1,0,0,0,0,0,0,1,0,1,0,0,0,0,0,0,0,0,0,0,0,0,0,0,0,0,0,0,0,0,0,0,0,0,0,0,0,0,0,0,0,0,0,0,0,0,0,0,0,0,0,0,0,0,0,0,0,0,0,0,0,0,1,0,0,0,0,0,1,0,0,1,0,0,0,0,0,0,0,0,0,0,0,0,0,0,0,0,0,0,0,0,0,0,0,0,0,0,0,0,0,0,0,0,0,0,0,0,0,0,0,0,0,0,0,0,0,0,0,0,0,0,0,0,0,0,0,0,0,0,0,0,0,0,0,0,0,0,0,0,0,0,0,0,1,0,0,0,0,1,1,0,0,0,0,0,0,0,0,0,0,0,0,0,0,0,0,0,0,0,0,0,0,0
Pene_pile,1,0,1,1,1,1,1,1,1,1,0,0,0,1,1,1,1,1,1,1,1,1,1,1,1,1,0,0,1,1,1,1,1,1,0,1,1,1,1,0,1,0,2,0,0,0,0,1,1,1,0,0,1,1,0,1,0,0,1,0,0,1,0,1,1,0,0,2,1,1,1,1,1,1,0,0,1,1,0,0,1,1,1,1,1,1,1,1,1,1,1,1,1,1,1,1,1,1,1,1,1,1,1,0,2,0,0,0,0,1,1,0,0,0,1,1,1,1,1,1,1,1,0,0,1,0,0,0,0,0,0,0,0,0,0,0,0,0,0,1,1,2,1,1,1,1,1,1,1,1,1,1,1,1,2,1,1,1,1,0,1,1,1,1,3,2,1,0,1,1,1,1,1,1,1,1,1,0,1,1,1,0,1,1,1,1,1,1,1,1,1,1,1,0,1,2,3,1,1,1,0,1,1,0,0,0,0,0,0,0,2,1,1,1,1,1
Perc_flav,0,0,0,1,1,1,0,1,1,1,0,0,0,1,1,1,1,1,1,0,1,1,1,0,1,2,2,4,0,0,1,0,1,1,0,1,2,1,1,1,1,3,3,1,3,1,1,1,0,2,1,2,1,0,1,0,1,2,1,0,2,1,1,0,0,2,2,1,3,1,1,0,0,0,2,2,0,1,3,0,0,1,0,0,1,1,1,0,0,2,1,1,1,1,1,1,1,1,0,1,0,0,1,3,3,4,1,1,1,0,1,1,1,2,0,0,0,0,0,0,0,1,0,0,0,1,1,1,2,1,1,1,0,1,1,0,1,1,0,0,0,0,0,1,0,0,0,0,0,0,0,1,1,1,0,2,1,0,0,2,0,1,1,1,2,0,0,1,1,0,0,1,0,1,0,1,0,1,0,1,0,0,1,1,1,1,1,0,1,1,0,1,1,1,0,2,0,0,1,0,2,0,1,0,1,0,1,1,1,2,1,0,0,1,1,1
Perc_fluv,1,0,1,1,1,1,0,1,1,1,0,0,0,1,1,0,1,1,1,0,1,1,1,0,1,2,2,4,0,0,1,0,1,1,0,1,2,1,1,1,1,3,3,1,3,1,1,1,0,1,1,2,1,0,1,0,1,2,1,0,2,1,1,0,0,2,2,1,2,1,1,0,1,0,2,2,0,1,3,0,1,1,0,1,1,1,1,0,0,2,1,1,1,1,1,1,1,1,0,0,0,0,1,3,3,4,1,1,1,0,1,1,1,2,0,0,0,0,0,0,0,1,0,0,0,1,1,1,2,1,1,1,0,1,1,0,1,1,1,1,1,1,0,1,0,0,1,0,0,0,0,1,2,1,0,2,1,0,0,2,0,1,1,1,2,0,0,1,1,0,0,0,0,1,0,1,0,1,0,1,0,0,1,1,1,1,1,0,0,1,0,1,1,1,0,2,0,0,1,0,2,0,1,0,1,0,1,1,1,2,1,0,0,1,1,1
Pero_mani,1,1,1,1,1,1,0,0,0,0,1,2,1,1,1,1,1,1,1,1,1,1,1,1,1,1,1,1,1,1,1,1,1,1,1,1,1,1,1,1,1,1,1,1,1,2,2,1,1,2,1,1,2,3,3,3,2,1,2,0,1,1,2,1,1,1,1,1,1,1,1,1,1,1,1,1,1,1,2,1,1,1,1,1,1,1,1,1,1,1,1,1,1,1,1,0,0,0,1,1,1,1,1,1,1,1,2,2,1,1,1,1,2,1,1,1,1,1,1,1,1,1,1,2,1,1,1,1,1,2,1,1,1,1,1,2,1,1,1,1,1,2,1,1,1,1,1,1,1,2,2,1,1,3,1,1,2,2,2,2,1,2,2,1,1,1,1,2,1,1,1,1,1,1,1,1,3,1,3,1,1,2,1,1,1,1,1,1,1,1,1,1,1,0,1,1,1,1,1,1,1,1,1,1,1,1,2,1,1,1,2,1,1,1,2,1
Petr_mari,0,0,0,0,0,0,0,1,1,1,0,1,1,1,0,0,0,0,0,0,1,0,0,0,0,0,0,0,0,0,0,0,0,1,0,0,0,0,0,1,0,2,0,0,1,0,0,2,0,2,1,2,0,0,0,0,0,0,1,0,0,1,1,0,0,0,0,0,0,0,0,0,0,0,0,0,0,0,0,0,0,0,0,0,0,0,0,0,0,0,0,0,1,0,1,1,1,1,1,1,1,1,0,2,0,1,0,0,2,0,2,0,1,2,0,0,0,0,0,0,0,0,0,1,0,0,0,1,1,0,0,0,0,0,0,0,0,0,1,0,0,1,0,0,0,0,0,0,0,0,0,0,1,0,0,2,1,1,1,0,0,0,1,0,2,0,0,0,0,0,0,0,0,0,0,0,0,0,0,0,0,0,1,1,1,1,1,0,0,0,0,1,1,0,0,0,0,0,0,0,0,0,0,0,0,0,0,0,0,0,0,0,0,0,1,0
Peuc_taen,0,0,0,1,1,1,1,1,1,1,1,1,1,1,1,1,0,1,1,1,1,1,1,1,1,1,1,0,1,1,1,1,1,0,0,1,1,1,1,0,1,0,0,1,0,1,1,0,1,0,1,0,0,0,0,0,1,0,0,0,0,1,1,1,1,0,0,0,0,1,0,0,1,1,0,0,1,1,0,0,1,1,1,1,1,1,1,1,1,1,1,0,0,0,0,1,1,1,0,0,0,0,0,0,0,0,1,1,1,1,0,1,1,0,1,1,1,1,1,1,1,1,0,1,1,1,1,1,0,1,1,1,1,1,1,1,1,1,1,1,1,0,1,1,1,1,1,1,1,0,0,0,0,0,1,0,0,0,0,0,0,0,0,0,0,0,0,0,1,1,1,1,1,1,1,0,0,0,0,1,1,0,1,1,1,1,1,1,1,1,1,1,1,0,1,2,1,1,1,1,0,1,1,1,1,2,1,1,1,1,0,1,1,0,0,0
Phae_lept,0,0,0,0,0,1,1,1,1,1,0,0,0,1,1,1,0,1,1,1,1,1,1,1,1,1,0,0,0,0,0,0,0,0,0,1,1,1,0,0,0,0,0,0,0,1,0,1,1,0,0,0,0,1,0,1,0,0,0,0,0,0,1,1,1,1,1,0,1,0,0,0,1,1,1,1,1,1,0,0,1,1,2,1,1,2,0,1,1,0,1,1,1,1,1,1,1,1,1,1,1,1,1,0,0,0,1,0,1,1,0,0,0,0,0,0,0,0,0,0,0,0,0,1,1,1,1,1,0,1,1,1,0,0,0,0,0,0,0,0,2,0,1,1,1,1,0,1,1,0,2,1,0,1,1,0,1,0,0,0,2,0,0,1,0,1,1,0,0,1,0,0,0,0,0,0,1,0,1,0,1,0,1,1,1,1,1,0,0,0,0,0,0,0,0,1,1,0,0,0,0,0,0,1,0,0,0,1,0,1,1,1,1,1,1,1
Phae_simp,0,0,1,1,0,1,1,1,1,1,1,1,1,0,0,0,0,0,0,0,0,0,0,0,0,1,0,0,1,1,1,1,1,1,0,1,1,1,1,0,1,0,0,0,0,0,0,0,0,0,0,0,0,0,0,0,1,1,0,0,0,1,0,1,1,0,0,1,1,0,1,1,1,1,0,0,1,1,0,0,1,1,1,1,1,1,1,1,1,1,1,1,1,1,1,1,1,1,0,1,0,0,1,0,0,0,0,0,0,0,0,0,0,0,1,1,1,1,1,1,1,1,0,0,1,1,1,1,0,1,1,0,0,0,0,0,0,0,0,1,1,0,1,1,1,1,1,1,1,0,0,0,0,0,0,0,0,0,0,0,1,0,0,1,0,0,1,0,1,1,1,1,1,1,1,0,0,0,0,1,1,0,1,1,1,1,1,1,1,1,1,1,1,0,1,2,1,0,0,0,0,0,0,1,1,1,1,1,1,1,2,1,1,1,1,1
Phai_nite,1,0,1,1,0,1,1,1,1,1,1,1,1,1,1,1,0,1,1,1,1,1,1,1,1,1,0,0,1,1,1,1,1,1,0,1,1,1,1,0,1,0,0,1,0,0,1,0,1,0,0,0,0,0,0,0,1,0,0,0,0,1,1,1,1,0,0,0,0,1,0,0,1,1,0,0,1,1,0,0,1,1,1,1,1,1,1,1,1,1,1,1,1,1,1,1,1,1,1,1,1,1,1,0,0,0,1,0,1,1,0,1,0,0,1,1,1,1,1,1,1,1,0,0,1,1,1,1,0,1,1,1,1,1,1,1,1,1,1,1,1,0,1,0,1,1,1,1,1,0,0,0,0,0,0,0,0,0,0,0,1,0,0,1,0,1,1,0,1,1,1,1,1,1,1,0,0,0,0,0,0,0,0,0,0,0,0,1,1,1,1,1,1,0,1,2,1,1,1,1,0,1,1,1,1,2,1,1,2,1,0,1,1,0,0,0
Phal_carb,0,0,0,0,0,1,1,1,1,1,0,0,0,1,1,1,0,1,1,1,1,1,1,1,1,0,0,0,1,1,1,1,1,1,0,1,1,1,0,0,0,0,2,0,0,1,0,1,1,0,1,0,1,1,0,1,0,0,1,0,0,1,0,1,1,0,1,0,0,1,1,0,1,1,0,1,1,1,0,0,1,1,2,1,1,2,1,1,1,1,1,1,1,1,1,1,1,1,1,1,1,1,1,0,0,0,1,1,1,1,0,0,1,0,1,1,0,1,1,1,1,1,0,1,1,0,0,0,0,0,0,0,0,0,0,0,0,0,0,0,0,0,0,0,0,0,0,0,0,0,1,1,0,0,0,1,1,0,0,0,1,1,0,0,0,0,0,0,1,1,1,0,0,0,0,1,1,0,1,1,1,0,0,1,1,0,1,1,0,0,1,1,0,0,1,1,1,1,1,1,0,1,1,1,0,0,0,1,0,1,0,1,1,0,0,0
Phas_cine,1,1,1,1,1,1,1,1,0,1,1,1,1,1,1,1,1,1,1,1,1,1,1,1,1,1,2,4,1,1,1,1,1,1,1,1,1,1,1,1,1,1,1,2,1,1,2,1,1,1,2,2,0,1,1,1,2,1,1,0,2,1,1,1,1,1,1,1,2,1,1,1,1,1,1,1,1,1,1,1,1,1,1,1,1,1,1,1,1,1,1,1,1,1,1,1,1,1,1,1,1,1,1,1,1,1,1,2,1,1,1,2,2,2,1,1,1,1,1,1,1,1,1,2,2,1,1,1,2,1,1,1,1,1,1,2,1,1,1,1,1,1,1,1,1,2,1,1,1,1,2,1,3,1,1,3,1,2,2,2,3,1,2,1,3,1,2,2,1,1,1,1,1,1,1,0,2,0,1,1,1,3,1,1,1,1,1,1,1,1,1,1,1,1,1,2,1,1,1,1,2,1,1,1,1,1,1,1,1,1,1,1,1,1,1,1
Phas_colc,1,0,1,1,1,1,1,1,1,1,1,1,1,1,1,1,1,1,1,1,2,1,1,1,1,0,0,2,1,1,1,1,1,1,1,1,1,1,1,1,1,0,2,1,0,2,0,2,1,1,0,0,1,1,0,1,1,0,0,0,2,1,0,1,1,1,1,1,2,1,1,1,1,1,1,1,1,1,1,0,1,1,1,1,1,1,1,1,1,1,1,1,1,1,1,1,1,1,1,1,1,1,1,0,2,0,2,1,1,1,1,1,0,0,1,1,1,1,1,1,1,1,0,0,1,1,1,1,2,1,1,1,2,1,1,1,1,2,1,1,1,2,1,1,1,1,1,1,1,1,1,2,1,1,2,1,1,2,2,1,0,1,2,1,3,2,2,1,1,1,1,1,1,1,1,1,1,0,1,2,1,3,1,1,1,1,1,1,1,1,1,1,1,0,1,0,2,1,1,1,1,1,1,1,1,1,1,1,1,1,2,1,1,1,1,1
Pheu_mela,0,0,0,1,0,1,1,1,1,1,1,1,1,0,1,1,0,1,1,1,1,1,0,1,1,1,0,0,1,1,1,1,1,1,0,0,0,0,1,1,1,0,0,1,0,0,1,0,1,0,0,0,0,0,0,0,1,1,1,0,1,0,1,1,1,0,0,2,2,1,1,1,1,1,0,0,0,0,0,0,0,0,0,0,0,0,0,0,0,0,0,1,1,1,1,1,1,1,1,1,1,1,1,0,0,0,0,0,1,1,0,1,0,0,1,1,1,1,1,1,1,1,0,0,0,1,1,1,1,1,1,0,0,0,0,0,0,0,0,1,1,1,1,1,1,1,1,1,1,0,0,1,0,0,0,0,1,0,0,0,1,0,0,0,1,2,1,0,1,1,1,1,1,1,1,0,0,0,0,0,0,2,0,0,1,0,0,1,1,1,1,1,1,0,1,2,1,1,1,1,1,1,1,0,0,0,0,0,0,0,1,1,1,0,0,0
Phoc_sinu,1,1,1,1,1,1,1,1,1,1,1,1,1,1,0,1,1,0,1,1,1,1,1,1,1,1,1,3,1,1,1,1,1,1,1,1,1,1,1,1,1,1,1,1,1,1,1,1,1,2,1,1,5,5,2,6,1,1,2,0,3,1,1,1,1,1,1,1,1,1,1,1,1,1,1,1,1,1,2,1,1,1,1,1,1,1,1,1,1,1,1,1,1,1,1,1,1,1,1,1,1,1,1,1,1,1,1,1,1,1,2,1,1,1,1,1,1,1,1,1,1,1,1,2,1,1,1,2,3,2,2,1,1,1,1,2,1,1,1,1,1,1,1,1,1,1,1,1,1,2,2,1,1,1,1,1,1,2,1,2,1,2,2,1,3,1,1,2,1,1,1,1,1,1,1,6,4,5,6,1,1,3,1,1,1,1,1,1,1,1,1,1,1,1,1,1,1,1,1,1,3,1,1,2,1,1,1,1,1,1,2,1,1,1,1,1
Phoe_dact,0,0,0,0,0,0,0,0,0,0,0,0,0,0,0,0,0,0,0,0,0,0,0,0,0,0,0,0,0,0,0,0,0,0,0,0,0,0,0,0,0,0,0,0,0,0,0,0,0,0,0,0,0,0,0,0,0,0,0,0,0,0,0,0,0,0,0,0,0,0,0,0,0,0,0,0,0,0,0,0,0,0,0,0,0,0,0,0,0,0,0,0,0,0,0,2,2,2,0,0,2,0,0,0,0,0,0,0,0,0,0,0,0,0,0,0,0,0,0,0,0,0,0,0,0,0,0,0,0,0,0,0,0,0,0,0,0,0,0,0,0,0,0,0,0,0,0,0,0,0,0,0,0,0,0,0,0,0,0,0,0,0,0,0,0,0,0,0,0,0,0,0,0,0,0,0,0,0,0,0,0,0,0,0,0,0,0,0,0,0,0,0,0,0,0,0,0,0,0,0,0,0,0,0,0,0,0,0,0,0,0,0,0,0,0,0
Phoe_rube,0,0,0,0,0,0,0,0,0,0,0,0,0,0,0,0,0,0,0,0,0,0,0,0,0,0,0,0,0,0,0,0,0,1,0,1,1,1,0,0,0,0,0,0,0,0,0,1,0,0,1,0,0,0,0,0,0,0,0,0,0,0,0,0,0,0,0,0,1,0,0,0,0,0,0,0,1,1,0,0,1,1,1,1,1,2,1,1,1,1,1,0,0,0,0,0,0,0,0,0,0,0,0,0,0,0,0,0,0,0,0,0,1,0,0,0,0,0,0,0,0,0,0,0,1,1,1,1,0,0,1,0,1,0,0,0,0,0,0,1,1,0,1,1,1,1,0,1,1,1,1,0,0,0,0,0,0,0,0,0,1,0,0,1,0,0,1,1,0,0,1,1,0,0,0,0,0,0,0,0,0,0,1,1,1,1,1,0,1,0,0,0,0,0,0,1,1,0,0,0,0,0,0,1,0,0,0,1,0,1,0,1,1,0,1,1
Phot_pyra,0,0,0,0,0,0,0,0,0,0,0,0,0,0,0,0,0,0,0,0,0,0,0,0,0,0,1,0,0,0,0,0,0,0,0,0,0,0,0,1,0,0,0,0,0,0,0,0,0,1,0,0,0,0,0,0,0,0,1,0,0,0,0,0,0,0,0,0,0,0,0,0,0,0,0,0,0,0,0,0,0,0,0,0,0,0,0,0,0,0,0,0,0,0,0,0,0,0,0,0,0,0,0,0,0,0,0,0,0,0,1,0,0,0,0,0,0,0,0,0,0,0,0,1,0,0,0,0,0,0,0,0,0,0,0,0,0,0,0,0,0,0,0,0,0,0,0,0,0,0,0,0,0,0,0,0,0,0,0,0,0,0,0,0,0,0,0,0,0,0,0,0,0,0,0,0,0,0,0,0,0,0,0,0,0,0,0,0,0,0,0,0,0,0,0,0,0,0,0,0,0,0,0,0,0,0,0,0,0,0,0,0,0,0,0,0
Phyl_disc,1,1,1,1,1,1,1,1,1,1,1,1,1,1,1,1,1,1,1,1,1,1,1,1,1,1,1,1,0,1,1,0,1,1,1,1,1,2,0,1,0,1,1,1,1,2,1,1,1,1,2,2,2,2,1,2,1,1,2,0,3,1,1,2,2,2,2,1,1,1,1,1,2,2,2,2,1,1,2,0,1,1,0,1,1,1,1,1,1,1,1,1,1,1,1,1,0,1,1,1,1,1,1,1,1,1,1,1,1,1,1,1,2,2,1,1,1,1,1,1,1,1,1,2,3,2,1,1,3,2,1,1,1,1,1,1,1,1,1,1,1,1,1,1,1,1,1,1,1,2,2,1,2,2,1,1,1,2,2,2,1,2,2,1,1,1,2,2,1,1,1,1,1,1,1,2,2,2,2,1,1,3,1,1,1,1,1,1,1,1,1,1,1,1,1,1,1,1,1,1,3,1,1,1,1,1,2,1,1,1,2,1,1,1,1,1
Phys_macr,1,1,1,1,1,1,1,1,1,1,1,1,1,1,1,1,1,1,1,1,1,1,1,1,1,1,2,3,1,1,1,1,1,1,1,1,1,1,1,1,1,1,1,1,1,1,1,1,1,2,1,1,9,11,3,6,1,1,2,0,3,1,1,1,1,1,1,1,1,1,1,1,1,1,1,1,1,1,1,1,1,1,1,1,1,1,1,1,1,1,1,1,1,1,1,1,1,1,1,1,1,1,1,1,1,1,1,1,1,1,1,1,1,1,1,1,1,1,2,1,1,1,1,2,1,2,1,2,3,2,2,1,1,1,1,1,1,1,1,1,1,2,1,1,1,1,1,1,1,2,2,1,1,2,1,1,1,2,1,2,1,2,2,1,3,0,1,1,0,1,1,1,1,1,1,10,10,5,6,1,1,3,1,1,1,1,1,1,1,1,1,1,1,1,1,1,1,1,1,1,3,1,1,1,0,1,2,1,1,1,1,1,1,1,1,1
Phys_pate,0,0,0,0,0,0,0,0,0,0,0,0,0,0,0,0,0,0,0,0,0,0,0,0,0,0,0,0,0,0,0,0,0,0,0,0,0,0,0,1,0,0,0,0,0,0,0,0,0,0,0,0,0,0,0,0,0,0,0,0,0,0,0,0,0,0,0,0,0,0,0,0,0,0,0,0,0,0,0,0,0,0,0,0,0,0,0,0,0,0,0,0,0,0,0,0,0,0,0,0,0,0,0,0,0,0,0,0,0,0,0,0,0,0,0,0,0,0,0,0,0,0,0,0,0,0,0,0,0,0,0,0,0,0,0,0,0,0,0,0,0,0,0,0,0,0,0,0,0,0,0,0,0,0,0,0,0,0,0,0,0,0,0,0,0,0,0,0,0,0,0,0,0,0,0,0,0,0,0,0,0,0,0,0,0,0,0,0,0,0,0,0,0,0,0,0,0,0,0,0,0,0,0,0,0,0,0,0,0,0,0,0,0,0,0,0
Piay_caya,2,0,2,1,0,1,1,1,1,1,1,1,1,1,1,0,1,1,1,1,1,0,1,1,1,0,0,2,1,1,1,1,1,1,0,0,1,0,0,0,0,0,0,0,0,0,0,1,0,0,0,0,0,0,0,0,0,0,1,0,0,0,1,1,1,1,1,0,0,1,0,0,1,1,1,1,1,1,0,0,1,1,1,1,1,1,1,1,1,1,1,1,1,1,1,1,1,1,1,1,1,1,1,0,0,0,0,0,0,0,0,0,0,0,1,1,1,1,1,1,1,1,0,1,1,0,0,0,0,1,0,1,1,1,0,1,1,1,1,1,1,0,1,1,1,1,1,1,1,0,0,0,0,0,0,0,0,0,0,1,1,0,0,1,0,0,1,0,1,1,1,1,1,1,1,0,0,0,0,1,1,0,1,1,0,1,0,1,1,1,1,1,1,0,1,2,1,1,1,1,0,1,1,1,1,2,1,1,2,1,1,1,1,1,1,1
Pica_gymn,1,0,1,1,0,0,0,0,0,0,1,1,1,1,1,1,1,1,1,1,1,1,1,1,1,1,0,0,0,0,0,0,0,0,0,1,1,1,1,1,1,0,0,1,0,0,1,0,0,1,1,0,0,0,0,0,1,1,0,0,0,0,0,1,1,0,0,1,2,1,2,1,1,1,0,0,1,1,0,0,1,1,1,1,1,1,1,1,1,1,1,1,0,0,0,0,0,0,1,1,1,1,0,0,0,0,1,1,1,1,1,2,1,1,1,1,1,1,1,1,1,1,0,1,0,1,1,1,0,1,1,1,1,1,1,1,1,1,1,1,1,0,1,1,1,1,1,1,1,0,0,0,0,0,0,0,0,0,0,0,1,0,0,0,0,0,1,0,1,1,1,1,1,1,1,0,0,0,0,2,2,0,0,0,1,0,0,1,1,1,1,1,1,0,1,2,1,0,0,0,0,0,0,1,1,2,1,1,1,1,0,1,1,0,0,0
Pier_macd,0,0,0,0,0,0,0,0,0,0,0,0,0,0,0,0,0,0,0,0,0,0,0,0,0,0,0,0,0,0,0,0,0,0,0,0,0,0,0,0,0,0,0,0,0,0,0,0,0,0,0,0,0,0,0,0,0,0,0,0,0,0,0,0,0,0,0,0,0,0,0,0,0,0,0,0,0,0,0,0,0,0,0,0,0,0,0,0,0,0,0,0,0,0,0,0,0,0,0,0,0,0,0,0,0,0,0,0,0,0,0,0,0,1,0,0,0,0,0,0,0,0,0,0,0,0,0,0,0,0,0,0,0,0,0,0,0,0,0,0,0,0,0,0,0,0,0,0,0,0,0,0,0,0,0,0,0,0,0,0,0,0,0,0,0,0,0,0,0,0,0,0,0,0,0,0,0,0,0,0,0,0,0,0,0,0,0,0,0,0,0,0,0,0,0,0,0,0,0,0,0,0,0,0,0,0,0,0,0,0,0,0,0,0,0,0
Pili_teph,1,1,1,1,1,1,1,1,1,1,1,1,1,1,1,1,1,1,1,1,1,1,1,1,1,1,1,5,0,1,1,0,1,1,1,1,1,1,1,1,1,2,2,2,2,3,2,2,2,3,2,2,4,4,4,4,1,1,1,0,1,1,1,2,2,2,2,1,1,1,1,1,1,2,2,2,1,1,2,1,1,1,1,1,1,1,1,1,1,1,1,1,1,1,1,1,1,1,1,1,1,1,1,2,2,2,3,3,2,2,2,2,2,2,1,1,1,1,1,1,1,1,1,2,1,2,1,1,1,2,2,1,1,1,0,1,1,1,1,1,1,1,1,1,1,1,1,1,1,2,2,1,2,2,1,1,1,2,2,2,1,2,1,1,3,1,1,2,1,1,1,1,1,1,1,4,4,4,4,1,1,3,1,1,1,1,1,1,1,1,1,1,1,1,1,1,1,1,1,1,1,1,1,1,0,0,2,1,0,1,1,1,1,1,1,1
Pipi_kuhl,1,1,1,1,1,1,1,1,1,1,1,1,1,1,1,1,1,1,1,1,1,1,1,1,1,1,1,1,1,1,1,1,1,0,0,1,1,1,0,1,0,1,1,1,1,1,1,1,1,2,1,1,1,0,1,1,1,1,2,0,3,1,1,1,1,1,2,1,1,1,1,1,1,1,1,2,1,1,1,0,1,1,0,1,1,1,1,1,1,1,1,1,1,1,1,0,0,1,1,1,1,1,1,1,1,1,1,1,1,1,1,1,1,1,1,1,1,1,1,1,1,1,1,2,3,1,1,2,3,2,1,1,1,1,1,2,1,1,1,0,0,0,0,0,0,0,0,0,0,1,2,1,2,2,1,1,1,1,1,1,1,2,1,1,3,1,1,2,1,1,1,0,1,1,1,1,0,1,1,1,1,3,1,1,1,1,1,1,0,1,0,1,1,2,1,1,1,1,1,1,3,1,1,1,1,1,2,1,1,1,2,1,1,1,1,1
Pipr_chlo,1,0,1,1,1,1,1,1,1,1,1,1,1,1,1,1,1,1,1,1,1,1,1,1,1,1,0,0,1,1,1,1,1,1,0,1,1,1,1,1,1,0,0,1,0,0,1,0,0,0,0,0,0,0,0,0,1,1,0,0,0,2,2,1,1,0,0,1,2,1,1,1,1,1,0,0,1,1,0,1,1,1,1,1,1,1,1,1,1,1,1,1,1,1,1,1,1,1,1,1,1,1,1,0,0,0,0,1,0,0,1,1,0,0,1,1,1,1,1,1,1,1,1,0,1,1,1,1,0,1,1,1,2,1,1,1,1,1,1,1,1,0,1,1,1,1,1,1,1,0,1,0,0,0,1,0,0,0,0,0,1,0,0,1,1,1,0,0,1,1,1,1,1,1,1,0,0,0,0,1,1,0,1,1,1,1,1,1,1,1,1,1,1,0,1,2,1,1,1,1,0,1,1,1,1,1,1,1,2,1,0,1,1,1,1,1
Pipr_fili,1,0,1,1,1,1,1,1,1,1,1,1,1,1,1,1,1,1,1,1,1,1,1,1,1,0,0,0,1,1,1,1,1,1,1,1,1,1,1,1,1,0,0,1,0,1,1,0,1,1,0,0,1,2,0,1,2,2,0,0,2,1,1,1,1,1,1,1,2,1,1,1,1,1,1,1,1,1,1,0,1,1,1,1,1,1,1,1,1,1,1,1,1,1,1,1,1,1,1,1,1,1,1,0,0,0,1,0,0,1,1,1,0,0,1,1,1,1,1,1,1,1,0,1,2,1,1,1,2,1,1,1,1,1,1,1,1,1,1,1,1,1,1,1,1,1,1,1,1,0,1,1,2,3,2,1,2,2,2,1,1,2,2,2,1,1,2,3,1,1,1,1,1,1,1,1,1,1,1,1,1,3,1,1,1,1,1,1,1,1,1,1,1,0,1,2,1,1,1,1,1,1,1,1,1,1,1,1,1,1,2,1,1,6,9,6
Pitt_sord,1,0,1,0,0,0,0,0,0,0,1,1,1,1,1,1,0,1,1,1,1,1,1,1,1,2,1,0,1,1,1,1,1,1,0,1,1,1,0,0,0,0,0,1,0,1,1,1,1,0,0,0,1,1,0,0,0,0,0,0,0,1,1,1,1,0,0,0,0,0,1,0,1,1,0,0,1,1,0,0,1,1,2,1,1,1,1,1,1,1,1,1,1,1,1,0,0,0,1,1,1,1,1,0,0,0,1,1,1,1,0,1,1,0,1,1,1,1,1,1,1,1,0,1,1,0,0,0,0,0,0,1,1,1,1,1,1,1,1,0,1,0,0,0,0,0,0,0,0,0,1,0,0,0,0,1,1,0,0,0,1,0,0,0,0,1,0,0,0,1,1,1,1,1,1,1,1,0,0,1,1,2,1,1,1,1,1,1,1,1,1,1,1,0,1,2,3,1,1,1,0,1,1,1,1,2,1,1,1,1,0,1,1,0,0,0
Plas_hals,0,0,0,0,0,0,0,0,0,0,0,0,0,0,0,0,0,0,0,0,0,0,0,0,0,0,0,0,0,0,0,0,0,0,0,0,0,0,0,1,0,0,0,0,0,0,0,0,0,0,0,0,0,0,0,0,0,0,0,0,0,0,0,0,0,0,0,0,0,0,0,0,0,0,0,0,0,0,0,0,0,0,0,0,0,0,0,0,0,0,0,0,0,0,0,0,0,0,0,0,0,0,0,0,0,0,0,0,0,0,0,0,0,0,0,0,0,0,0,0,0,0,0,0,0,0,0,0,0,0,0,0,0,0,0,0,0,0,0,0,0,0,0,0,0,0,0,0,0,0,0,0,0,0,0,0,0,0,0,0,0,0,0,0,0,0,0,0,0,0,0,0,0,0,0,0,0,0,0,0,0,0,0,0,0,0,0,0,0,0,0,0,0,0,0,0,0,0,0,0,0,0,0,0,0,0,0,0,0,0,0,0,0,0,0,0
Plat_cast,0,0,0,1,1,1,1,1,1,1,1,1,1,1,1,1,1,1,1,1,1,1,1,1,1,2,0,0,1,1,1,1,1,1,0,1,1,1,0,0,0,0,0,1,0,0,1,0,0,0,0,0,0,2,0,0,1,1,0,0,1,0,0,1,1,0,0,1,1,1,2,1,1,1,0,0,1,1,0,0,1,1,1,1,1,1,1,1,1,1,1,1,1,1,1,1,1,1,1,1,1,1,1,0,0,0,1,1,1,1,1,1,0,0,1,1,1,1,1,1,1,1,0,1,1,1,1,1,1,1,1,1,1,0,0,1,1,1,1,1,2,1,1,1,1,1,1,1,1,1,1,1,0,1,1,1,2,0,0,0,1,0,0,0,1,2,1,1,1,1,1,1,1,1,1,0,1,0,0,1,1,2,1,1,1,1,0,1,1,1,1,1,1,0,1,2,1,0,0,0,0,0,0,1,1,1,1,1,1,1,0,1,1,1,1,1
Plat_mega,1,1,1,1,1,1,1,1,1,1,1,1,1,1,1,1,1,1,0,1,1,1,1,1,1,1,1,2,1,0,1,1,0,0,1,1,1,2,0,1,0,1,3,2,1,0,0,1,2,2,3,1,1,2,0,1,1,2,1,0,1,1,0,0,1,1,1,1,2,1,2,1,0,1,1,1,1,1,1,0,1,1,1,1,1,1,1,1,1,1,1,1,1,1,1,0,0,0,1,1,1,1,1,1,3,1,0,0,1,2,1,2,3,1,1,1,1,1,1,1,1,1,1,2,2,1,1,1,1,1,1,1,1,0,1,1,1,1,1,0,1,2,1,1,0,1,1,1,1,0,3,1,2,3,1,3,1,2,2,1,1,1,3,1,3,2,1,2,1,1,1,1,1,1,1,1,2,0,1,2,1,3,1,1,1,1,1,0,0,0,0,0,0,0,1,2,2,1,1,1,1,1,1,0,1,1,1,0,1,0,1,1,2,1,1,1
Ploc_nigr,1,0,1,1,1,1,1,1,1,1,1,1,1,1,1,1,1,1,1,1,1,1,1,1,1,2,1,0,1,1,1,1,1,0,0,1,1,1,1,0,1,0,0,1,0,0,1,0,0,0,0,0,0,0,0,0,1,0,0,0,0,1,1,1,1,0,0,2,0,2,1,1,1,1,0,0,1,1,0,0,1,1,1,1,1,1,1,1,1,0,1,1,1,1,1,1,1,1,1,1,1,1,1,0,0,0,0,1,1,0,0,1,0,0,1,1,1,1,1,1,1,1,0,1,0,1,1,1,0,1,1,1,1,1,1,1,1,1,1,1,1,0,1,1,1,1,1,1,1,0,0,0,0,0,0,0,0,0,0,0,1,0,0,1,0,1,1,0,1,1,1,1,1,1,1,0,0,0,0,1,1,0,1,1,0,1,0,1,1,1,1,1,1,0,1,2,1,1,1,1,0,1,1,1,1,1,1,1,1,1,0,1,1,0,0,0
Pluv_soci,1,0,1,1,1,1,1,1,1,1,1,1,1,1,1,1,0,1,1,1,1,1,1,1,1,0,0,0,1,1,1,1,1,1,0,1,1,1,1,1,1,0,0,0,0,1,0,0,0,0,0,0,0,0,0,0,0,0,0,0,0,0,1,1,1,0,0,1,4,0,1,1,1,1,0,0,0,1,0,0,1,1,1,1,1,1,0,0,1,0,1,1,1,1,1,1,1,1,1,1,1,1,1,0,0,0,1,0,1,1,0,1,0,0,1,1,1,1,1,1,1,1,0,0,1,1,1,1,0,1,1,1,1,0,0,1,1,1,1,1,1,1,1,1,1,1,1,1,1,1,0,1,0,0,0,0,0,0,0,0,0,0,0,0,0,0,1,1,1,1,1,1,1,0,1,0,0,0,0,1,1,2,1,1,1,1,1,1,0,1,1,1,1,0,1,2,1,1,1,0,0,0,0,1,1,1,0,1,1,1,1,1,1,0,0,0
Poci_dami,0,0,0,0,0,0,0,0,0,0,1,0,0,0,0,0,0,0,0,0,0,0,0,0,0,0,0,0,0,0,0,0,0,1,0,0,0,0,0,1,0,0,1,0,0,0,0,0,0,0,0,1,0,0,0,0,0,0,0,0,0,0,0,0,0,1,0,0,0,0,0,0,0,0,1,0,0,0,0,0,0,0,0,0,0,0,0,0,0,0,0,0,0,0,0,0,0,0,0,0,0,0,0,0,0,0,0,0,0,0,0,0,0,1,0,0,0,0,0,0,0,0,0,0,0,0,0,0,0,0,0,0,0,0,0,0,0,0,0,0,0,0,0,0,0,0,0,0,0,0,0,0,0,0,0,0,0,0,0,0,0,0,0,0,0,0,0,0,0,0,0,0,0,0,0,0,0,0,0,0,0,0,0,1,0,0,1,0,0,0,0,0,1,0,0,0,0,0,0,0,0,0,0,0,0,0,0,0,0,0,0,0,0,1,1,0
Poda_mura,1,0,1,1,1,1,1,1,1,1,1,1,1,1,1,1,2,1,1,1,1,1,1,1,1,0,1,3,1,1,1,1,1,1,1,0,1,1,1,1,1,1,1,1,2,1,1,1,2,1,2,2,1,2,1,0,1,2,0,0,2,2,2,1,1,1,1,1,2,1,1,1,1,1,1,2,1,1,2,0,1,1,1,1,1,1,1,1,1,1,1,1,1,1,1,0,0,0,1,1,1,1,0,2,1,2,1,1,1,2,1,1,2,2,1,1,1,1,1,1,1,1,0,0,0,1,1,1,2,1,1,1,1,1,1,1,1,1,2,1,1,1,1,1,1,1,1,1,1,1,2,2,2,1,0,4,1,2,2,1,1,1,1,1,3,1,1,1,1,1,1,1,1,0,1,1,1,0,0,0,0,0,1,1,1,1,1,1,1,1,1,1,1,1,1,0,1,1,1,1,1,1,1,1,0,0,1,1,1,1,1,1,1,1,1,1
Poda_stri,1,0,1,1,0,1,1,1,1,1,1,1,1,0,0,0,0,0,0,0,0,0,0,0,0,1,0,0,1,1,1,1,1,1,0,1,1,1,0,0,0,0,0,0,0,0,0,0,0,0,0,0,0,0,0,0,0,1,0,0,1,0,1,1,1,0,1,0,0,1,0,0,1,1,0,1,1,1,0,0,1,1,1,1,1,1,1,1,1,1,1,1,1,1,1,1,1,1,1,1,1,1,1,0,0,0,0,0,0,0,0,0,0,0,1,1,1,1,1,1,1,1,0,0,1,1,1,1,1,1,1,1,1,1,1,1,1,1,1,1,1,1,1,1,1,1,1,1,1,1,0,1,0,0,1,0,0,0,0,0,1,0,0,1,0,1,1,1,1,1,1,1,1,1,1,0,0,0,0,1,1,2,1,1,1,1,1,1,1,1,1,0,0,0,1,2,1,0,0,0,0,0,0,0,1,0,0,0,0,0,1,1,1,1,1,1
Podi_cris,0,0,0,0,0,0,0,0,0,0,0,0,0,0,1,1,0,1,0,1,0,1,0,1,1,0,0,0,1,1,0,1,1,0,0,1,1,1,1,0,1,0,0,0,0,0,0,0,1,0,0,0,1,0,0,0,0,0,1,0,0,0,1,0,0,0,0,0,0,0,0,0,0,0,0,0,0,0,0,0,0,0,0,0,0,0,0,0,0,0,0,0,0,0,0,0,0,0,0,0,0,0,0,0,0,0,0,1,0,1,0,0,1,0,1,1,1,1,1,1,1,1,0,0,1,0,0,0,0,0,0,0,0,0,0,0,0,0,0,1,1,0,1,1,1,1,1,0,0,2,1,0,1,2,1,1,0,1,1,0,1,0,1,1,2,0,0,0,0,0,1,0,0,0,0,1,0,0,0,0,0,0,0,0,0,0,0,0,1,0,0,0,0,0,0,0,0,1,1,1,0,1,1,0,0,0,0,0,0,0,0,1,1,0,0,0
Podi_podi,1,0,1,0,0,1,1,1,1,1,1,1,1,1,1,1,0,1,1,1,1,1,1,1,1,0,0,0,1,1,1,1,1,1,0,1,1,1,1,0,1,0,0,0,0,1,0,1,1,0,1,0,0,0,0,0,0,0,1,0,0,0,1,1,1,0,0,1,1,1,1,1,1,1,0,0,1,1,0,0,1,1,1,1,1,1,1,1,1,0,1,1,1,1,1,1,1,1,1,1,1,1,1,0,0,0,1,0,1,1,0,0,0,0,1,1,1,1,1,1,1,1,0,0,1,0,0,0,0,1,0,1,1,1,1,1,1,1,1,1,1,0,1,1,1,1,1,1,1,1,0,0,0,1,1,2,0,1,1,1,1,0,1,2,1,0,2,1,1,1,1,1,1,1,1,0,0,0,0,1,1,0,1,1,1,1,1,1,1,1,1,0,0,0,1,2,1,1,1,1,0,1,1,0,0,0,0,0,0,0,0,1,1,0,0,0
Poec_atri,1,0,1,1,0,1,1,1,1,1,1,1,1,1,1,1,1,1,1,1,1,1,1,1,1,1,1,2,1,1,1,1,1,1,0,1,1,1,1,1,1,0,0,1,0,0,1,0,0,0,0,1,0,0,0,0,1,1,0,0,1,1,1,1,1,1,1,1,4,1,1,1,1,1,1,1,1,1,0,0,1,1,1,1,1,1,1,1,1,1,1,1,1,1,1,1,1,1,1,1,1,1,1,0,0,0,0,0,0,0,0,0,0,0,1,1,1,1,1,1,1,1,0,1,1,1,1,1,1,1,1,1,1,1,1,1,1,1,1,1,1,1,1,1,1,1,1,1,1,1,0,0,0,0,1,0,0,0,0,0,1,0,0,0,1,1,1,0,1,1,1,1,1,1,1,0,0,0,0,1,1,2,0,0,0,0,0,1,1,1,1,1,1,0,1,2,3,1,1,1,1,1,1,1,1,2,1,1,1,1,1,1,1,0,0,0
Poec_form,1,0,1,1,1,1,1,1,1,1,1,1,1,1,0,0,2,0,1,0,1,1,1,1,1,2,3,3,0,1,1,0,0,1,0,0,0,0,1,1,1,3,2,1,3,0,1,1,1,1,2,2,0,0,1,1,2,2,1,0,2,1,1,0,1,2,2,1,1,0,1,0,0,1,2,2,2,1,3,0,1,0,0,0,1,0,1,0,0,2,0,1,0,0,1,1,1,1,1,1,0,1,1,3,2,3,0,1,1,1,1,1,2,2,0,0,1,0,0,0,0,1,0,1,0,1,1,1,2,1,1,0,0,1,1,0,0,0,1,0,0,1,0,1,0,0,0,0,0,1,0,1,2,0,0,2,1,0,0,2,0,1,1,1,2,0,0,1,1,1,0,1,0,1,0,0,0,0,0,0,0,0,1,1,1,1,1,0,0,1,1,1,1,0,2,0,0,0,0,1,1,1,1,2,1,0,1,1,1,2,1,1,0,0,0,0
Poec_reti,1,0,1,1,1,1,1,1,1,1,0,0,0,1,1,0,2,0,1,0,1,1,1,1,1,2,3,3,0,0,1,0,0,0,0,0,0,0,1,1,1,2,2,1,3,0,1,1,1,0,2,2,0,0,1,1,2,2,1,0,1,1,1,0,0,2,2,1,2,0,1,0,0,1,2,2,2,1,3,0,1,0,1,0,0,0,1,0,0,2,0,0,1,0,0,1,1,1,0,0,0,0,1,2,3,3,0,1,1,1,0,1,2,2,0,0,1,0,0,0,0,1,0,1,0,1,1,1,1,1,1,0,0,0,0,0,0,0,0,0,0,1,0,1,0,0,0,0,0,1,0,1,2,0,0,2,1,0,0,2,0,1,1,1,2,0,0,1,0,1,0,1,0,0,0,0,0,0,0,0,0,0,1,1,1,1,1,1,1,1,1,1,1,0,1,0,0,1,0,0,0,1,1,1,1,0,1,1,1,2,1,1,0,0,0,0
Pogo_barb,0,0,0,0,0,0,0,0,0,0,0,0,0,0,0,0,0,0,0,0,0,0,0,0,0,0,1,0,0,0,0,0,0,1,0,0,0,0,0,0,0,1,1,0,0,0,0,0,0,0,0,1,0,0,0,0,0,0,0,0,0,0,0,0,0,1,0,0,0,0,0,0,0,0,1,0,0,0,0,0,0,0,0,0,0,0,0,0,0,0,0,0,0,0,0,0,0,0,0,0,0,0,0,1,1,0,0,0,0,0,0,0,0,1,0,0,0,0,0,0,0,0,0,1,0,0,0,0,0,0,0,0,0,0,0,0,0,0,0,0,0,0,0,0,0,0,0,0,0,0,0,0,0,0,0,0,0,0,0,0,0,0,0,0,0,0,0,0,0,0,0,0,0,0,0,0,0,0,0,0,0,0,0,0,0,0,0,0,0,0,0,0,0,0,0,0,0,0,0,0,0,0,0,0,0,0,0,0,0,0,0,0,0,0,0,0
Pogo_vitt,1,0,1,1,1,1,1,1,1,1,1,1,1,1,1,1,1,1,1,1,2,1,1,1,1,1,1,4,1,1,1,1,1,1,1,1,1,1,1,1,1,3,1,1,2,1,2,1,2,1,3,2,1,2,0,0,2,2,1,0,3,2,2,1,1,1,1,1,3,0,1,1,1,1,1,1,1,1,2,0,1,1,1,1,1,1,1,1,1,1,1,1,1,1,1,0,0,0,1,1,1,1,1,2,1,2,1,2,1,2,1,1,2,2,1,1,1,1,1,1,1,1,0,0,1,1,2,1,3,1,1,1,1,1,1,2,1,1,2,1,1,2,1,1,1,1,1,1,1,1,2,1,3,1,0,4,2,2,1,1,3,2,2,1,3,1,1,1,1,1,1,1,1,1,1,1,2,0,0,0,0,2,1,1,1,1,1,1,1,1,1,1,1,1,1,1,0,1,1,1,2,1,1,1,1,1,0,1,1,1,1,1,1,1,1,1
Poli_caer,1,0,1,1,1,1,1,1,1,1,1,1,1,0,0,0,0,0,0,0,0,0,0,0,0,1,0,0,1,1,0,1,1,0,0,0,0,0,0,0,0,0,0,0,0,0,0,0,0,0,0,0,1,0,0,1,1,1,0,0,1,0,0,1,1,0,0,1,0,1,1,1,1,1,0,0,1,1,0,0,1,1,1,1,1,1,1,1,1,1,1,1,1,1,1,1,1,1,1,1,1,1,1,0,0,0,0,0,0,0,0,0,0,0,1,1,1,1,1,1,1,1,0,1,1,1,1,1,1,1,1,0,0,0,0,0,0,0,0,1,1,1,1,1,1,1,1,1,1,1,1,1,1,2,1,2,2,1,1,0,1,0,0,0,0,1,1,1,1,1,1,1,1,1,1,1,1,0,1,1,1,0,1,1,1,1,1,1,1,1,1,0,0,0,1,2,1,0,0,0,1,0,0,1,1,1,1,1,1,1,0,1,1,0,0,0
Poly_pall,0,0,0,0,0,0,0,0,0,0,0,0,0,0,0,0,0,0,0,0,0,0,0,0,0,0,0,0,0,0,0,0,0,0,0,0,0,0,0,0,0,0,0,0,0,0,0,0,0,0,0,0,0,0,0,0,0,0,0,0,0,0,0,0,0,0,0,0,0,0,0,0,0,0,0,0,0,0,0,0,0,0,0,0,0,0,0,0,0,0,0,0,0,0,0,0,0,0,0,0,0,0,0,0,0,0,0,0,0,0,0,0,0,0,0,0,0,0,0,0,0,0,0,0,0,0,0,0,0,0,0,0,0,0,0,0,0,0,0,0,0,0,0,0,0,0,0,0,0,0,0,0,0,0,0,0,0,0,0,0,0,0,0,0,0,0,0,0,0,0,0,0,0,0,0,0,0,0,0,0,0,0,0,0,0,0,0,0,0,0,0,0,0,0,0,0,0,0,0,0,0,0,0,0,0,0,0,0,0,0,0,0,0,1,0,0
Poly_viol,0,0,0,0,0,0,0,0,0,0,0,0,0,0,0,0,0,0,0,0,0,0,0,0,0,0,0,0,0,0,0,0,0,0,0,0,0,0,0,0,0,0,0,0,0,0,0,0,0,0,0,0,0,0,0,0,0,0,0,0,0,0,0,0,0,0,0,0,0,0,0,0,0,0,0,0,0,0,0,0,0,0,0,0,0,0,0,0,0,0,0,0,0,0,0,0,0,0,0,0,0,0,0,0,0,0,0,0,0,0,0,0,0,0,0,0,0,0,0,0,0,0,0,0,0,0,0,0,0,0,0,0,0,0,0,0,0,0,0,0,0,0,0,0,0,0,0,0,0,0,0,0,0,0,0,0,0,0,0,0,0,0,0,0,0,0,0,0,0,0,0,0,0,0,0,0,0,0,0,0,0,0,0,0,0,0,0,0,0,0,0,0,0,0,0,0,0,0,0,0,0,0,0,0,0,0,0,0,0,0,0,0,0,1,0,0
Poma_cana,0,0,0,0,0,0,0,0,0,0,0,0,0,0,0,0,0,0,0,0,0,0,0,0,0,0,1,0,0,0,0,0,0,0,0,0,0,0,0,1,0,0,1,0,0,0,0,0,0,0,1,1,0,0,0,0,0,0,0,0,0,0,0,0,0,0,0,0,0,0,0,0,0,0,0,0,0,0,0,0,0,0,0,0,0,0,0,0,0,0,0,0,0,0,0,0,0,0,0,0,0,0,0,0,1,0,0,0,0,0,0,0,1,1,0,0,0,0,0,0,0,0,0,0,0,0,0,0,0,0,0,0,0,0,0,0,0,0,0,0,0,0,0,0,0,0,0,0,0,0,0,0,0,0,0,0,0,0,0,0,0,0,0,0,0,0,0,0,0,0,0,0,0,0,0,0,0,0,0,0,0,0,0,0,0,0,0,0,0,0,0,0,0,0,0,0,0,0,0,0,0,0,0,0,0,0,0,0,0,0,0,0,0,0,0,0
Poma_rufi,2,0,2,1,1,1,1,1,1,1,2,2,2,2,2,2,2,2,2,2,2,2,2,2,2,2,0,2,2,2,1,2,2,1,0,1,1,1,2,0,2,0,0,2,0,0,2,0,0,1,0,0,2,1,1,1,0,0,1,0,1,2,3,1,2,0,1,2,3,3,2,2,1,2,0,1,1,1,0,0,1,1,1,1,1,1,1,1,1,1,1,1,1,1,1,1,1,1,1,1,1,1,1,0,0,0,1,1,1,1,1,2,0,1,2,2,2,2,2,2,2,2,0,3,1,1,1,1,1,1,1,1,2,2,2,2,2,1,1,1,2,1,1,1,1,1,1,1,1,2,2,0,1,1,2,2,3,1,1,0,2,0,0,0,1,2,1,1,2,2,2,2,2,2,2,2,2,1,1,3,3,2,0,0,0,0,0,1,0,1,1,2,2,0,2,4,2,2,2,2,0,2,2,2,2,2,2,2,3,2,1,2,2,0,0,0
Pong_abel,1,1,1,1,1,1,1,1,1,1,1,1,1,1,1,1,1,1,1,1,1,1,1,1,1,0,0,2,1,1,1,1,1,1,1,1,1,1,1,1,1,1,1,1,1,2,2,1,1,2,1,1,3,3,5,3,1,1,1,0,3,1,1,1,1,1,1,1,1,1,1,1,1,1,1,1,1,1,2,1,1,1,1,1,1,1,1,1,1,1,1,1,1,1,1,1,1,1,1,1,1,1,1,1,1,1,1,2,1,1,1,1,1,1,1,1,1,1,1,1,1,1,1,2,1,1,1,1,2,1,1,1,1,1,1,1,1,1,1,2,2,4,2,2,2,2,2,2,2,2,2,2,2,2,0,1,1,2,2,3,1,2,1,1,1,1,1,1,1,1,1,1,1,1,1,3,3,3,3,1,1,3,1,1,1,1,1,1,1,1,1,1,1,1,1,1,1,1,1,1,3,1,1,1,1,1,2,1,1,1,1,1,1,1,1,1
Port_trit,0,0,0,0,0,0,0,0,0,0,0,0,0,0,0,0,0,0,0,0,0,0,0,0,0,0,0,0,0,0,0,0,0,0,0,0,0,0,0,0,0,0,0,0,0,0,0,0,0,0,0,0,0,0,0,0,0,0,0,0,0,0,0,0,0,0,0,0,0,0,0,0,0,0,0,0,0,0,0,0,0,0,0,0,0,0,0,0,0,0,0,0,0,0,0,0,0,0,0,0,0,0,0,0,0,0,0,0,0,0,0,0,0,0,0,0,0,0,0,0,0,0,0,0,0,0,0,0,0,0,0,0,0,0,0,0,0,0,0,0,0,0,0,0,0,0,0,0,0,0,0,0,0,0,0,0,0,0,0,0,0,0,0,0,0,0,0,0,0,0,0,0,0,0,0,0,0,0,0,0,0,0,0,0,0,0,1,0,0,0,0,0,0,0,0,0,0,0,0,0,0,0,0,0,0,0,0,0,0,0,0,0,0,0,0,0
Prev_spXP,0,1,0,0,0,0,0,0,0,0,0,0,0,0,0,0,0,0,0,0,0,0,0,0,0,0,0,0,0,0,0,0,0,0,0,0,0,0,0,0,0,0,0,0,0,0,0,0,0,0,0,0,0,0,0,0,0,0,0,0,0,0,0,0,0,0,0,0,0,0,0,0,0,0,0,0,0,0,0,0,0,0,0,0,0,0,0,0,0,0,0,0,0,0,0,0,0,0,0,0,0,0,0,0,0,0,0,0,0,0,0,0,0,0,0,0,0,0,0,0,0,0,0,0,0,0,0,0,0,0,0,0,0,0,0,0,0,0,0,0,0,0,0,0,0,0,0,0,0,0,0,0,0,0,0,0,0,0,0,0,0,0,0,0,0,0,0,0,0,0,0,0,0,0,0,0,0,0,0,0,0,0,0,0,0,0,0,0,0,0,0,0,0,0,0,0,0,0,0,0,0,0,0,0,0,0,0,0,0,0,0,0,0,0,0,0
Prev_spXt,0,1,0,0,0,0,0,0,0,0,0,0,0,0,0,0,0,0,0,0,0,0,0,0,0,0,0,0,0,0,0,0,0,0,0,0,0,0,0,0,0,0,0,0,0,0,0,0,0,0,0,0,0,0,0,0,0,0,0,0,0,0,0,0,0,0,0,0,0,0,0,0,0,0,0,0,0,0,0,0,0,0,0,0,0,0,0,0,0,0,0,0,0,0,0,0,0,0,0,0,0,0,0,0,0,0,0,0,0,0,0,0,0,0,0,0,0,0,0,0,0,0,0,0,0,0,0,0,0,0,0,0,0,0,0,0,0,0,0,0,0,0,0,0,0,0,0,0,0,0,0,0,0,0,0,0,0,0,0,0,0,0,0,0,0,0,0,0,0,0,0,0,0,0,0,0,0,0,0,0,0,0,0,0,0,0,0,0,0,0,0,0,0,0,0,0,0,0,0,0,0,0,0,0,0,0,0,0,0,0,0,0,0,0,0,0
Pris_paci,1,0,1,0,0,0,0,0,0,0,0,0,0,0,0,0,0,0,0,0,0,0,0,0,0,0,0,0,0,0,0,0,0,0,0,0,0,0,0,0,0,0,0,0,0,0,0,0,0,0,0,0,0,0,0,0,0,0,0,0,0,0,0,0,0,0,0,0,0,0,0,0,0,0,0,0,0,0,0,0,0,0,0,0,0,0,0,0,0,0,0,0,0,0,0,0,0,0,0,0,0,0,0,0,0,0,0,0,0,0,0,0,0,0,0,0,0,0,0,0,0,0,0,0,0,0,0,0,0,0,0,0,0,0,0,0,0,0,0,0,0,0,0,0,0,0,0,0,0,0,0,0,0,0,0,0,0,0,0,0,0,0,0,0,0,0,0,0,0,0,0,0,0,0,0,0,0,0,0,0,0,0,0,0,0,0,0,0,0,0,0,0,0,0,0,0,0,0,0,0,0,0,0,0,0,0,0,0,0,0,0,0,0,0,0,0
Prob_ater,1,0,1,0,0,0,0,0,0,0,1,0,0,1,1,1,1,1,1,1,1,1,1,1,1,0,0,2,1,1,1,1,1,1,0,1,1,1,1,1,1,0,0,0,0,0,0,2,0,0,0,0,0,0,0,0,0,0,0,0,0,0,0,1,1,1,1,1,1,1,1,1,1,1,1,1,1,1,0,0,1,1,1,1,1,1,1,1,1,1,1,1,1,1,1,0,0,0,0,1,0,1,1,0,0,0,1,0,1,0,1,0,0,0,1,1,1,1,1,1,1,1,0,1,0,0,0,0,0,0,0,1,1,1,1,1,0,1,1,1,1,1,1,1,1,1,1,1,1,1,0,1,0,0,1,0,0,0,0,0,1,0,0,1,0,1,0,1,1,1,1,1,1,1,1,0,0,0,0,1,2,0,1,1,1,1,1,1,1,1,1,1,1,0,1,1,1,0,0,0,0,0,0,0,1,1,0,0,0,0,0,0,1,1,1,1
Prol_simu,0,0,0,1,1,1,1,1,1,1,1,1,1,1,1,1,1,1,1,1,1,1,1,1,1,1,1,4,1,1,1,1,1,1,1,1,1,1,1,1,1,2,3,1,2,2,3,2,1,3,1,2,3,3,4,3,2,1,0,1,2,1,0,2,2,2,2,1,1,1,1,1,1,2,2,2,1,1,1,1,1,1,1,1,1,1,1,1,1,1,1,1,1,1,1,1,1,1,1,1,1,1,1,2,3,2,2,3,2,1,2,1,1,2,1,1,1,1,1,1,1,1,1,2,1,1,1,1,1,1,1,1,1,1,1,1,1,1,1,1,1,2,1,1,1,1,1,1,1,2,1,2,2,2,1,1,1,2,2,2,1,2,2,1,3,1,1,2,1,1,1,1,1,1,1,3,3,3,4,1,2,3,1,1,1,1,1,1,1,1,1,1,1,1,1,1,1,1,1,1,2,1,1,1,1,1,2,1,1,1,2,1,1,1,2,1
Prom_cafe,1,0,1,1,0,1,1,1,1,1,1,1,1,1,1,1,1,1,1,1,1,1,1,1,1,1,0,0,1,1,1,1,1,0,0,1,1,1,1,0,1,0,0,1,0,0,1,0,0,0,0,0,0,0,0,0,1,1,0,0,0,1,1,1,1,0,0,2,4,2,1,1,1,1,0,0,1,1,0,0,1,1,1,1,1,1,1,1,1,0,1,1,1,1,1,1,1,1,1,1,1,1,1,0,0,0,0,0,0,0,1,1,0,0,1,1,1,1,1,1,1,1,0,0,1,1,1,1,0,1,1,1,2,1,1,1,1,1,1,1,1,0,1,1,1,1,1,1,1,0,0,0,0,0,0,0,0,0,0,0,1,0,0,0,0,1,1,1,1,1,1,1,1,1,1,0,0,0,0,0,0,0,0,0,0,0,0,1,1,1,1,1,1,0,1,2,1,1,1,1,0,1,1,1,1,2,1,1,1,1,0,1,1,0,0,0
Prop_coqu,1,1,1,1,1,1,1,1,1,1,0,0,0,1,1,0,1,1,1,1,2,0,1,1,1,1,1,3,1,1,1,1,1,1,1,1,1,1,1,1,1,1,1,1,1,1,1,1,1,1,1,1,2,2,4,2,1,1,1,1,3,1,1,1,1,1,1,1,1,1,1,1,1,1,1,1,1,1,1,1,1,1,1,1,1,1,1,1,1,1,1,1,1,1,1,1,1,1,1,1,1,1,1,1,1,1,1,1,1,1,1,1,1,1,1,1,1,1,1,1,1,1,1,2,1,1,1,2,2,2,1,1,1,1,1,1,1,1,1,1,1,1,1,1,1,1,1,1,1,2,2,2,2,2,1,1,1,2,2,2,1,2,2,1,3,1,1,1,1,1,1,1,1,1,1,2,2,2,2,1,1,3,1,1,1,1,1,1,1,1,1,0,0,0,1,1,1,1,1,1,3,1,1,1,1,1,2,1,1,1,1,1,1,1,1,1
Prun_arme,0,0,0,0,0,0,0,0,0,0,0,0,0,0,0,0,0,0,0,0,0,0,0,0,0,0,0,0,0,0,0,0,0,0,0,0,0,0,0,1,0,0,0,0,0,0,0,0,0,0,0,0,0,0,0,0,0,0,0,0,0,0,0,0,0,0,0,0,0,0,0,0,0,0,0,0,0,0,0,0,0,0,0,0,0,0,0,0,0,0,0,0,0,0,0,0,0,0,0,0,0,0,0,0,0,0,0,0,0,0,0,0,0,0,0,0,0,0,0,0,0,0,0,0,0,0,0,0,0,0,0,0,0,0,0,0,0,0,0,0,0,0,0,0,0,0,0,0,0,0,0,0,0,0,0,0,0,0,0,0,0,0,0,0,0,0,0,0,0,0,0,0,0,0,0,0,0,0,0,0,0,0,0,0,0,0,0,0,0,0,0,0,0,0,0,0,0,0,0,0,0,0,0,0,0,0,0,0,0,0,0,0,0,0,0,0
Prun_dulc,0,0,0,0,0,0,0,0,0,0,0,0,0,0,0,0,0,0,0,0,0,0,0,0,0,0,0,0,0,0,0,0,0,0,0,0,0,0,0,1,0,0,0,0,0,0,0,0,0,0,0,0,0,0,0,0,0,0,0,0,0,0,0,0,0,0,0,0,0,0,0,0,0,0,0,0,0,0,0,0,0,0,0,0,0,0,0,0,0,0,0,0,0,0,0,0,0,0,0,0,0,0,0,0,0,0,0,0,0,0,0,0,0,0,0,0,0,0,0,0,0,0,0,0,0,0,0,0,0,0,0,0,0,0,0,0,0,0,0,0,0,0,0,0,0,0,0,0,0,0,0,0,0,0,0,0,0,0,0,0,0,0,0,0,0,0,0,0,0,0,0,0,0,0,0,0,0,0,0,0,0,0,0,0,0,0,0,0,0,0,0,0,0,0,0,0,0,0,0,0,0,0,0,0,0,0,0,0,0,0,0,0,0,0,0,0
Prun_fulv,1,0,1,1,1,1,1,1,1,1,1,1,1,1,1,1,0,1,1,1,1,1,1,1,1,0,0,0,1,1,1,1,1,0,0,1,1,1,1,0,1,0,0,1,0,0,1,0,0,0,0,0,0,1,0,1,1,1,0,0,0,0,0,0,0,1,1,2,2,2,1,1,0,0,1,1,1,1,0,0,1,0,1,1,1,1,1,1,1,0,1,0,0,0,0,1,1,1,0,0,0,0,0,0,0,0,1,0,1,1,1,1,0,1,1,1,1,1,1,1,1,1,0,0,1,1,1,1,0,1,1,2,1,1,1,1,1,1,1,1,2,0,1,1,1,1,0,1,1,1,1,0,0,0,1,0,1,0,0,0,1,0,0,0,0,0,1,0,1,1,1,1,1,1,1,0,1,0,1,0,0,0,1,1,1,1,1,1,1,1,1,1,1,0,1,2,1,0,0,0,0,0,0,1,0,1,0,1,0,1,1,1,1,1,1,1
Prun_hima,0,0,0,1,0,1,1,1,1,1,1,1,1,1,1,1,1,1,1,1,1,1,1,1,1,1,0,0,1,1,1,1,1,0,0,1,1,1,1,0,1,0,0,1,0,0,1,0,0,0,0,0,0,1,0,0,0,0,1,0,0,1,1,1,1,0,0,2,2,1,1,1,1,1,0,0,0,0,0,0,0,0,0,0,0,0,0,0,0,0,0,1,1,1,1,1,1,1,0,1,0,1,1,0,0,0,0,0,1,0,0,1,0,0,1,1,1,1,1,1,1,1,0,0,1,0,0,0,0,0,0,1,1,1,1,1,1,1,1,1,1,1,1,1,1,1,1,1,1,0,0,1,0,1,1,0,0,0,0,0,1,0,0,0,1,2,1,1,1,1,1,1,1,1,1,0,0,0,0,1,0,0,0,0,1,0,0,1,1,1,1,0,0,0,1,2,1,1,1,1,0,1,1,1,1,2,1,1,2,1,1,1,1,1,1,1
Prun_pers,0,0,0,0,0,0,0,0,0,0,0,0,0,0,0,0,0,0,0,0,0,0,0,0,0,0,0,0,0,0,0,0,0,0,0,0,0,0,0,1,0,0,0,0,0,0,0,0,0,0,0,0,0,0,0,0,0,0,0,0,0,0,0,0,0,0,0,0,0,0,0,0,0,0,0,0,0,0,0,0,0,0,0,0,0,0,0,0,0,0,0,0,0,0,0,0,0,0,0,0,0,0,0,0,0,0,0,0,0,0,0,0,0,0,0,0,0,0,0,0,0,0,0,0,0,0,0,0,0,0,0,0,0,0,0,0,0,0,0,0,0,0,0,0,0,0,0,0,0,0,0,0,0,0,0,0,0,0,0,0,0,0,0,0,0,0,0,0,0,0,0,0,0,0,0,0,0,0,0,0,0,0,0,0,0,0,0,0,0,0,0,0,0,0,0,0,0,0,0,0,0,0,0,0,0,0,0,0,0,0,0,0,0,0,0,0
Prun_yedo,0,0,0,0,0,0,0,0,0,0,0,0,0,0,0,0,0,0,0,0,0,0,0,0,0,0,0,0,0,0,0,0,0,0,0,0,0,0,0,1,0,0,0,0,0,0,0,0,0,0,0,0,0,0,0,0,0,0,0,0,0,0,0,0,0,0,0,0,0,0,0,0,0,0,0,0,0,0,0,0,0,0,0,0,0,0,0,0,0,0,0,0,0,0,0,0,0,0,0,0,0,0,0,0,0,0,0,0,0,0,0,0,0,0,0,0,0,0,0,0,0,0,0,0,0,0,0,0,0,0,0,0,0,0,0,0,0,0,0,0,0,0,0,0,0,0,0,0,0,0,0,0,0,0,0,0,0,0,0,0,0,0,0,0,0,0,0,0,0,0,0,0,0,0,0,0,0,0,0,0,0,0,0,0,0,0,0,0,0,0,0,0,0,0,0,0,0,0,0,0,0,0,0,0,0,0,0,0,0,0,0,0,0,0,0,0
Pseu_arge,0,0,0,0,0,0,0,0,0,0,0,0,0,0,0,0,0,0,0,0,0,0,0,0,0,0,0,0,0,0,0,0,0,1,0,0,0,0,0,0,0,0,1,0,0,0,0,0,0,0,0,1,0,0,0,0,0,0,0,0,0,0,0,0,0,1,0,0,0,0,0,0,0,0,1,0,0,0,0,0,0,0,0,0,0,0,0,0,0,0,0,0,0,0,0,0,0,0,0,0,0,0,0,0,1,0,0,0,0,0,0,0,0,1,0,0,0,0,0,0,0,0,0,1,0,0,0,0,0,0,0,0,0,0,0,0,0,0,0,0,0,0,0,0,0,0,0,0,0,0,0,0,0,0,0,0,0,0,0,0,0,0,0,0,0,0,0,0,0,0,0,0,0,0,0,0,0,0,0,0,0,0,0,0,0,0,0,0,0,0,0,0,0,0,0,0,0,0,0,0,0,0,0,0,0,0,0,0,0,0,0,0,0,0,0,0
Pseu_bact,0,0,0,0,0,0,0,0,0,0,0,0,0,0,0,0,0,0,0,0,0,0,0,0,0,0,0,0,0,0,0,0,0,0,0,0,0,0,0,0,0,0,0,0,0,0,0,0,0,0,0,0,0,0,0,0,0,0,0,0,0,0,0,0,0,0,0,0,0,0,0,0,0,0,0,0,0,0,0,0,0,0,0,0,0,0,0,0,0,0,0,0,0,0,0,1,0,1,0,0,1,0,0,0,0,0,0,0,0,0,0,0,0,0,0,0,0,0,0,0,0,0,0,0,0,0,0,0,0,0,0,0,0,0,0,0,0,0,0,0,0,0,0,0,0,0,0,0,0,0,0,0,0,0,0,0,0,0,0,0,0,0,0,0,0,0,0,0,0,0,0,0,0,0,0,0,0,0,0,0,0,0,0,0,0,0,0,0,0,0,0,0,0,0,0,0,0,0,0,0,0,0,0,0,0,0,0,0,0,0,0,0,0,0,0,0
Pseu_text,1,1,0,1,1,1,1,1,1,1,0,1,1,1,1,1,1,1,1,1,1,1,1,1,1,1,2,3,1,1,1,1,1,1,1,1,2,1,0,0,0,1,3,1,2,1,1,1,2,2,1,2,0,1,1,1,2,1,2,0,2,2,1,1,1,1,1,1,3,2,1,1,1,1,1,1,1,1,1,0,1,1,1,1,1,1,1,1,1,1,1,1,1,1,1,0,0,0,1,1,1,1,1,1,3,1,1,1,1,1,2,1,1,2,1,1,1,1,1,1,1,1,0,0,2,2,2,1,2,1,1,1,1,1,1,1,1,1,1,1,1,2,1,1,0,1,1,1,1,0,1,1,1,1,0,2,2,1,1,1,0,1,1,1,1,1,1,1,1,1,1,1,1,0,1,0,1,2,1,0,0,0,1,1,1,1,1,1,1,1,1,1,1,0,1,2,1,1,1,1,1,1,1,1,0,0,1,1,1,1,1,1,1,1,1,1
Psil_haem,0,0,0,0,0,0,0,0,0,0,1,1,1,1,1,1,1,1,1,1,1,1,1,1,1,1,0,0,1,1,1,1,1,1,0,1,1,1,1,1,1,0,2,0,0,1,0,0,1,1,0,0,0,0,0,0,0,0,1,0,0,1,0,1,1,0,0,1,1,0,1,1,1,1,0,0,0,0,0,0,0,0,1,0,0,0,0,0,0,0,0,1,1,1,1,0,0,0,1,1,1,1,1,0,2,0,1,1,0,1,1,0,0,1,1,1,1,1,1,1,1,1,0,0,0,0,0,0,0,0,0,1,1,1,1,1,1,1,1,1,1,1,1,1,1,1,1,1,1,0,0,1,0,0,1,0,0,0,0,0,1,1,0,1,1,2,1,0,1,1,1,1,1,1,1,0,0,1,0,1,1,0,1,1,1,1,1,1,1,1,1,1,1,0,1,2,1,1,1,1,0,1,1,1,2,2,1,1,1,1,0,1,1,1,1,1
Psop_crep,0,0,0,1,1,1,1,1,1,1,1,1,1,1,1,1,0,1,1,1,1,1,1,1,1,1,0,0,1,1,1,1,1,1,0,1,1,1,1,0,1,0,2,0,0,1,0,1,1,0,1,0,0,0,0,0,0,0,1,0,0,1,1,1,1,0,0,0,1,1,0,0,1,1,0,0,1,1,0,0,1,1,1,1,1,1,1,1,1,1,1,1,1,1,1,1,1,1,1,1,1,1,1,0,2,0,1,0,1,1,0,0,0,0,1,1,1,1,1,1,1,1,0,0,1,0,0,0,0,0,0,1,1,1,1,1,1,1,1,1,1,0,1,1,1,1,1,1,1,0,0,0,0,0,1,2,0,1,1,1,1,0,1,1,1,0,2,1,1,1,1,0,0,0,0,0,0,0,0,1,1,2,1,1,1,1,1,1,1,1,1,0,0,0,1,1,3,1,1,1,0,1,1,1,2,2,1,1,1,1,0,1,1,1,1,1
Pter_alec,1,0,1,1,1,1,0,0,0,0,1,1,1,1,1,1,1,1,1,1,1,1,1,1,1,1,1,2,1,1,1,1,1,1,1,1,1,1,1,1,1,2,2,3,2,1,2,2,2,4,2,2,1,0,1,0,2,1,1,0,1,1,1,1,1,2,3,1,1,1,1,1,1,1,2,3,1,1,1,0,1,1,1,1,1,1,1,1,1,1,1,1,1,1,1,1,0,0,1,1,1,1,1,2,2,2,1,2,2,2,2,2,2,2,1,1,1,1,1,1,1,1,1,1,2,1,1,2,1,2,2,1,1,1,1,1,1,1,1,1,1,1,1,1,1,1,1,1,1,2,0,1,1,2,1,1,0,2,2,2,1,1,2,1,2,1,1,1,1,1,1,1,1,1,1,1,0,1,0,1,1,3,1,1,1,1,1,1,1,1,1,1,1,1,1,1,1,1,1,1,1,1,1,1,2,1,1,1,1,1,1,1,1,1,1,1
Pter_burc,1,0,1,1,0,1,1,1,1,1,1,1,1,1,1,1,1,1,1,1,1,1,1,1,1,1,0,0,1,1,1,1,1,0,0,0,0,0,1,0,1,0,0,0,0,0,0,1,0,0,1,0,0,0,0,0,0,0,0,0,0,0,1,1,1,0,0,1,1,2,1,1,1,1,0,0,1,1,0,0,1,1,1,1,1,1,1,1,1,1,1,1,1,1,1,1,1,1,1,1,1,1,1,0,0,0,0,0,0,0,1,0,1,0,1,1,1,1,1,1,1,1,0,0,1,0,0,0,0,0,0,1,1,1,1,1,1,1,1,1,1,0,1,1,1,1,1,1,1,0,0,0,0,1,1,2,0,1,1,2,1,0,1,2,1,0,2,1,1,1,1,1,1,1,1,0,0,0,0,2,1,0,1,1,1,1,1,1,1,1,1,1,1,0,1,2,1,1,1,1,0,1,1,1,1,1,1,1,1,1,2,1,1,0,0,0
Pter_gutt,0,0,0,0,0,0,0,0,0,0,1,1,1,0,0,0,0,0,0,0,0,0,0,0,0,0,0,2,0,0,0,0,0,0,0,1,1,1,0,0,0,0,0,0,0,0,0,1,0,0,1,0,1,0,0,0,0,0,0,0,0,0,0,1,1,1,1,0,1,0,1,0,1,1,1,1,1,1,0,0,1,1,1,1,1,2,1,1,1,0,1,0,0,0,0,0,0,0,0,0,0,0,0,0,0,0,0,0,0,0,0,0,1,0,1,1,1,1,1,1,1,1,0,0,1,0,0,0,0,0,0,1,0,0,0,0,0,0,0,1,1,0,1,1,1,1,0,1,1,1,2,1,1,1,1,2,1,1,1,0,1,1,1,1,2,0,1,2,0,0,0,1,0,0,1,1,1,1,0,0,0,0,0,0,0,0,0,1,1,0,1,0,0,0,0,1,0,0,0,0,0,0,0,1,0,0,0,1,0,1,0,1,0,0,0,0
Pter_mela,1,0,1,1,1,1,1,1,1,1,1,1,1,1,1,1,1,1,1,1,1,1,1,1,1,1,0,0,1,1,1,1,1,1,0,1,1,1,1,1,1,0,0,1,0,0,1,0,0,0,0,0,0,0,0,0,1,1,1,0,1,1,1,1,1,0,0,1,2,2,1,1,1,1,0,0,1,1,0,0,1,1,1,1,1,1,1,1,1,1,1,1,1,1,1,1,1,1,1,1,1,1,1,0,0,0,0,0,1,1,1,1,0,0,1,1,1,1,1,1,1,1,0,0,0,1,1,1,1,1,0,1,1,1,1,1,1,2,1,1,1,1,1,1,1,1,1,1,1,0,0,1,0,0,1,0,1,0,0,0,0,0,0,0,1,2,0,1,1,1,1,0,0,0,0,0,0,0,0,0,0,0,0,0,0,0,0,1,1,1,1,1,1,0,1,2,1,1,1,1,1,1,1,1,1,1,1,1,1,1,1,1,1,0,0,0
Pter_vamp,1,1,1,1,1,1,1,1,1,1,1,1,1,1,1,1,1,1,1,1,1,1,1,1,1,1,2,1,1,1,1,1,1,1,1,1,1,1,0,1,1,1,1,2,1,1,1,1,1,2,1,1,3,3,1,3,1,1,2,1,1,1,1,1,1,1,1,1,1,1,1,1,1,1,1,1,1,1,1,0,1,1,1,1,1,1,1,1,1,1,1,1,1,1,1,1,1,1,1,1,1,1,1,1,1,1,1,1,1,1,1,1,1,1,1,1,1,1,1,1,1,1,1,2,2,1,1,1,1,2,2,1,1,0,1,1,1,1,1,1,1,2,1,1,1,1,1,1,1,2,2,1,2,1,1,1,1,2,2,2,1,1,1,1,4,1,1,1,1,1,1,1,1,1,1,3,2,2,3,1,2,3,1,1,1,1,1,1,1,1,1,1,1,1,1,1,1,1,1,1,1,1,1,1,0,1,2,1,1,1,1,1,1,1,1,1
Ptil_leuc,1,0,1,1,1,1,1,1,1,1,1,1,1,0,1,1,0,1,1,1,1,1,0,1,1,1,0,0,1,1,1,1,1,0,0,1,1,1,1,1,1,0,0,1,0,0,1,0,1,0,0,0,1,1,0,1,0,1,0,0,0,2,1,1,1,0,0,0,0,1,0,0,1,1,0,0,1,1,0,0,1,1,1,1,1,1,1,1,1,0,1,1,1,1,1,1,1,1,1,1,1,1,1,0,0,0,0,0,0,1,0,1,0,0,1,1,1,1,1,1,1,1,0,0,0,2,1,1,0,1,1,1,2,1,1,1,1,2,1,1,1,1,1,1,1,1,1,1,1,1,1,1,1,2,2,1,2,1,1,0,0,1,1,1,0,2,1,1,1,1,1,1,1,1,1,1,1,0,1,0,0,2,1,1,0,1,0,1,1,1,1,0,0,0,1,2,1,1,1,1,0,1,1,1,1,2,1,1,1,1,0,1,1,0,0,0
Ptil_viol,1,0,1,1,1,1,1,1,1,1,1,1,1,1,1,1,1,1,1,1,1,1,1,1,1,1,0,0,1,1,1,1,1,1,0,1,1,1,1,0,1,0,0,1,0,0,0,0,0,0,0,0,0,0,0,0,1,0,1,0,0,0,1,1,1,0,0,1,2,2,1,1,1,1,0,0,1,1,0,0,1,1,1,1,1,1,1,1,1,0,1,1,1,1,1,1,1,1,1,1,1,1,1,0,0,0,0,1,0,0,1,1,0,1,1,1,1,1,1,1,1,1,0,0,1,1,1,1,0,1,1,1,2,1,1,1,1,2,1,1,1,0,1,1,1,1,1,1,1,0,0,0,0,0,1,0,0,0,0,0,2,0,0,1,0,1,0,0,1,1,1,1,1,1,1,0,0,0,0,1,1,3,1,1,1,1,1,1,1,1,1,1,1,0,1,2,1,1,1,1,0,1,1,1,2,1,1,1,1,1,0,1,1,1,1,1
Puma_conc,0,0,0,1,1,1,1,1,1,1,1,1,1,1,1,1,1,1,1,1,1,1,1,1,1,0,1,1,1,1,1,1,1,1,1,1,1,1,0,1,0,1,1,1,1,2,1,1,1,2,1,1,0,1,1,0,2,1,1,0,1,1,0,1,1,1,2,1,1,1,1,1,1,1,1,2,1,1,1,0,1,1,1,1,1,1,1,1,1,1,1,1,1,1,1,1,1,1,1,1,1,1,1,1,1,1,1,2,1,1,1,1,1,1,1,1,1,1,1,0,0,0,1,2,3,1,1,1,1,0,1,1,1,1,1,1,1,1,1,1,1,1,1,1,1,1,1,1,1,1,1,0,1,1,0,0,0,1,1,2,1,1,1,1,1,1,1,1,0,0,1,1,1,1,1,0,1,0,0,1,1,3,1,1,1,1,1,1,1,1,1,1,1,1,1,1,1,1,1,1,1,1,1,1,1,1,1,1,1,1,1,1,1,1,1,1
Pycn_joco,1,0,1,1,1,1,1,1,1,1,1,1,1,1,1,1,0,1,1,1,1,1,1,1,1,0,0,0,1,1,0,1,1,0,0,0,0,0,1,0,1,0,0,1,0,0,1,0,0,1,0,0,0,0,0,0,0,0,0,0,0,1,1,0,0,0,0,1,1,1,1,1,0,0,0,0,1,1,0,0,1,1,1,1,1,1,1,1,1,0,1,1,1,1,1,1,1,1,1,1,1,1,1,0,0,0,0,1,0,0,0,1,0,0,1,1,1,1,1,1,1,1,0,0,1,0,0,0,0,0,0,1,1,1,1,1,1,1,1,1,1,1,1,1,1,1,1,1,1,0,0,1,0,1,0,0,1,0,0,0,0,0,0,0,0,1,1,1,1,1,1,1,1,1,1,0,0,0,0,1,0,3,0,0,0,0,0,1,1,1,1,1,1,0,1,2,1,1,1,1,0,1,1,1,1,2,1,1,1,1,1,1,1,1,1,1
Pygo_adel,0,0,0,1,0,1,1,1,1,1,1,1,1,1,1,1,0,1,1,1,1,1,1,1,1,0,0,0,1,1,1,1,1,1,0,1,1,1,1,0,1,0,2,0,0,1,0,1,1,0,1,0,1,0,0,1,0,0,1,0,0,1,1,1,1,1,1,0,2,0,0,0,1,1,1,1,1,1,0,0,1,1,2,1,1,2,1,1,1,1,1,1,1,1,1,1,1,1,1,1,1,1,1,0,0,0,1,1,1,1,0,0,1,0,1,1,1,1,1,1,1,1,0,0,1,0,0,0,0,0,0,0,0,0,0,0,0,0,0,0,1,1,1,1,1,1,1,1,1,1,2,1,1,2,2,4,1,2,2,1,1,0,2,2,1,1,2,2,1,1,1,1,1,0,1,1,1,0,1,0,0,0,1,1,1,1,1,1,1,0,1,1,0,0,0,1,1,1,1,1,0,1,1,1,1,1,0,1,1,1,1,1,1,1,1,1
Quis_mexi,1,0,1,1,1,1,1,1,1,1,1,1,1,1,1,1,1,1,1,1,1,1,1,1,1,1,0,0,1,1,0,1,1,0,0,1,1,1,1,0,1,0,0,1,0,0,1,0,0,0,0,0,0,1,0,1,1,1,1,0,0,1,1,1,1,0,0,1,1,1,1,0,1,1,0,0,1,1,0,0,0,0,1,1,1,0,1,1,1,0,1,1,1,1,1,1,1,1,1,1,1,1,1,0,0,0,0,1,0,0,0,1,0,0,1,1,1,1,1,1,1,1,0,2,1,1,1,1,0,1,1,0,0,0,0,0,1,0,0,1,2,0,1,1,1,1,1,1,1,1,1,0,0,0,1,0,1,0,0,0,2,0,0,1,0,0,0,0,1,1,1,1,1,1,1,0,1,0,1,2,2,0,0,0,0,0,0,1,1,1,1,1,1,0,1,0,0,1,1,1,0,1,1,1,1,1,0,1,1,0,0,1,1,0,0,0
Rama_vari,0,0,0,0,0,0,0,0,0,0,0,0,0,0,0,0,0,0,0,0,0,0,0,0,0,0,0,0,0,0,0,0,0,0,0,0,0,0,0,1,0,0,0,0,0,0,0,0,0,0,0,0,0,0,0,0,0,0,0,0,0,0,0,0,0,0,0,0,0,0,0,0,0,0,0,0,0,0,0,0,0,0,0,0,0,0,0,0,0,0,0,0,0,0,0,0,0,0,0,0,0,0,0,0,0,0,0,0,0,0,0,0,0,0,0,0,0,0,0,0,0,0,0,0,0,0,0,0,0,0,0,0,0,0,0,0,0,0,0,0,0,0,0,0,0,0,0,0,0,0,0,0,0,0,0,0,0,0,0,0,0,0,0,0,0,0,0,0,0,0,0,0,0,0,0,0,0,0,0,0,0,0,0,0,0,0,0,0,0,0,0,0,0,0,0,0,0,0,0,0,0,0,0,0,0,0,0,0,0,0,0,0,0,0,0,0
Ramp_sulf,1,0,1,1,0,1,1,1,1,1,1,1,1,1,0,1,1,0,1,1,1,1,1,1,1,0,0,2,1,1,1,1,1,1,0,1,1,1,1,1,1,0,0,1,0,0,0,0,0,1,1,1,0,0,0,0,0,0,0,0,0,1,0,1,1,1,1,1,0,0,1,1,1,1,1,1,1,1,0,0,1,1,2,1,1,1,1,1,1,0,1,1,1,1,1,1,1,1,1,1,1,1,1,0,0,0,0,0,0,0,1,2,1,1,1,1,1,1,1,1,1,1,0,0,0,0,0,0,0,0,0,1,1,1,1,1,1,1,1,0,1,0,1,1,0,1,1,1,1,0,0,0,0,0,0,0,0,0,0,0,0,0,0,0,0,0,0,0,1,1,1,1,1,1,1,0,0,0,0,2,1,0,1,1,1,1,1,1,1,1,1,1,1,0,1,2,1,1,1,1,0,1,1,0,1,1,1,1,1,1,1,1,1,0,1,1
Rani_imit,2,1,1,2,1,2,2,2,2,2,1,1,1,2,2,2,1,2,2,2,2,2,1,2,2,0,1,2,0,2,2,0,2,2,1,0,0,0,1,0,1,1,2,3,2,2,3,1,2,1,3,2,1,2,4,3,3,2,4,0,3,2,3,1,0,0,1,0,1,0,0,0,1,1,0,1,1,2,2,1,1,1,1,1,1,1,2,2,2,1,2,2,2,2,2,0,0,0,2,2,2,2,2,1,2,1,2,3,1,2,1,2,4,2,0,2,2,1,1,2,2,2,0,2,1,2,2,2,2,3,2,1,1,2,2,1,1,1,1,0,1,3,0,0,1,2,3,1,1,3,2,2,2,2,2,3,3,2,2,1,1,2,1,0,0,2,1,1,1,1,1,0,1,2,1,1,2,1,2,3,3,4,1,1,1,1,1,1,1,1,1,2,1,2,1,1,1,2,1,1,3,1,1,1,1,0,1,1,1,1,1,2,2,2,2,1
Ratt_norv,1,1,1,1,1,1,1,1,1,1,1,1,1,1,1,1,1,1,1,1,1,1,1,1,1,1,1,3,1,1,1,1,1,1,1,1,1,1,1,1,1,2,2,3,2,3,2,2,2,3,2,2,2,1,2,2,3,2,3,0,3,2,3,2,2,2,3,1,1,1,1,1,2,1,2,3,1,1,2,1,1,1,1,1,1,1,1,1,1,1,1,1,1,1,1,0,0,0,1,1,1,1,1,2,2,2,3,3,2,2,2,3,3,2,1,1,1,1,1,1,1,1,1,2,1,1,1,1,2,2,1,1,1,1,1,2,1,1,1,1,1,2,1,1,1,1,1,1,1,2,1,1,1,1,1,1,1,2,2,2,1,2,2,1,1,1,2,2,1,1,1,0,1,1,1,2,1,1,2,2,1,3,1,1,1,1,1,1,1,1,1,1,1,2,1,1,0,1,0,0,2,1,0,1,1,1,2,1,1,1,2,1,1,1,1,2
Regu_satr,0,0,0,1,0,1,1,1,1,1,1,1,1,1,1,1,0,1,1,1,1,1,1,1,1,1,0,0,1,1,0,1,1,1,0,1,1,1,1,0,1,0,0,1,0,1,1,0,1,0,0,0,1,1,0,0,1,0,0,0,0,1,0,1,1,0,0,0,0,1,0,0,1,1,0,0,1,1,0,0,1,1,2,1,1,1,1,1,1,1,1,0,1,1,1,1,1,1,1,1,1,1,1,0,0,0,1,1,1,1,0,1,0,0,1,1,1,1,1,1,1,1,0,0,1,2,1,1,0,1,1,1,2,1,1,1,1,1,1,1,2,0,1,1,1,1,1,1,1,1,1,0,0,0,1,1,1,0,0,0,1,0,0,0,0,0,1,0,1,1,1,1,1,1,1,1,1,0,0,1,1,1,0,0,0,0,0,1,1,1,1,1,1,0,1,2,3,1,1,1,0,1,1,1,1,2,1,1,1,1,0,1,1,1,1,1
Rhab_inor,1,0,1,1,1,1,1,1,1,1,1,1,1,1,1,1,1,1,1,1,1,1,1,1,1,2,1,0,1,1,1,1,1,0,0,1,1,1,1,1,1,0,0,1,0,1,0,0,0,1,0,0,0,0,0,0,1,0,0,0,1,0,0,1,1,0,0,1,2,2,1,1,1,1,0,0,1,1,0,0,1,1,1,1,1,1,1,1,1,0,1,1,1,1,1,1,1,1,1,1,1,1,1,0,0,0,1,1,0,1,1,1,0,1,1,1,1,1,1,1,1,1,0,1,1,2,1,1,1,1,1,1,2,1,1,1,1,1,1,1,1,1,1,1,1,1,1,1,1,0,0,1,0,0,0,0,1,0,0,0,1,0,0,0,0,2,1,1,1,1,1,1,1,1,1,0,0,0,0,1,1,0,0,0,1,0,0,1,1,1,1,1,1,0,1,2,3,0,0,0,1,0,0,1,1,1,1,1,2,1,0,1,1,0,0,0
Rhad_sibi,1,0,1,1,1,1,1,1,1,1,1,1,1,1,1,1,1,1,1,1,1,1,1,1,1,0,0,0,1,1,1,1,1,0,0,1,1,1,1,0,1,0,0,1,0,0,0,0,0,0,0,0,0,0,0,0,0,0,0,0,0,0,1,1,1,0,0,0,0,1,0,0,1,1,0,0,1,1,0,0,1,1,1,1,1,1,1,1,1,1,1,1,1,1,1,1,1,1,1,1,1,1,1,0,0,0,1,0,1,0,0,1,0,1,1,1,1,1,1,1,1,1,0,1,1,0,0,0,0,0,0,1,2,1,1,1,1,1,1,1,1,1,1,1,1,1,1,1,1,0,0,1,0,0,1,0,0,0,0,0,1,1,0,1,0,2,1,0,1,1,1,1,1,1,1,0,0,1,0,1,1,0,0,0,0,0,0,1,1,1,1,0,0,0,1,2,3,1,1,1,0,1,1,1,1,1,1,1,1,1,1,1,1,1,1,1
Rhag_leuc,1,0,1,1,1,1,1,1,1,1,1,1,1,1,1,1,1,1,1,1,1,1,1,1,1,1,0,0,1,1,1,1,1,0,0,1,1,1,1,0,1,0,0,1,0,1,1,0,1,1,0,0,0,0,0,0,1,0,0,0,0,1,1,1,1,0,0,1,4,1,1,1,1,1,0,0,0,0,0,0,0,0,0,0,0,0,0,0,0,0,0,1,1,1,1,1,1,1,1,1,1,1,1,0,0,0,1,1,1,1,1,1,0,0,0,0,0,0,0,0,0,0,0,1,0,1,1,1,0,1,1,1,2,1,1,1,1,1,1,1,1,0,1,1,1,1,1,1,1,0,1,0,0,0,0,0,0,0,0,0,2,0,0,1,0,1,1,0,1,1,1,1,1,1,1,0,0,0,0,1,1,2,1,1,1,1,1,1,1,1,1,1,1,0,1,2,3,1,1,1,0,1,1,1,1,1,1,1,1,1,0,1,1,1,1,1
Rheg_hoff,1,0,0,1,0,1,1,1,1,1,1,1,1,1,1,1,0,1,1,1,1,1,1,1,1,1,0,0,1,1,1,1,1,1,0,1,1,1,1,1,1,0,0,1,0,1,1,1,1,0,0,0,1,0,1,0,1,1,1,0,1,1,0,1,1,0,0,0,0,1,0,0,1,1,0,0,0,0,0,0,0,0,1,0,0,0,0,0,0,0,0,1,1,1,1,1,1,1,1,1,1,1,1,0,0,0,1,0,1,1,0,1,0,0,1,1,1,1,1,1,1,1,0,0,0,1,1,1,1,1,1,0,0,0,0,0,0,0,0,1,1,1,1,1,1,1,1,1,1,1,1,0,1,1,1,2,0,0,0,0,1,0,1,1,2,1,1,1,1,1,1,1,1,1,1,1,1,1,0,1,1,2,0,0,0,0,0,1,1,1,1,1,1,0,1,2,0,1,1,1,1,1,1,1,1,1,1,1,1,1,0,1,1,0,0,0
Rhin_biet,1,1,1,1,1,1,1,1,1,1,1,1,1,1,1,1,1,1,1,1,1,1,1,1,1,1,1,2,0,1,1,0,1,1,1,1,1,1,1,1,1,1,1,1,1,2,1,1,0,2,1,1,3,2,2,2,0,0,0,0,0,0,0,0,0,2,0,1,1,1,1,1,0,0,2,0,1,0,0,0,1,1,1,1,1,1,1,1,1,1,1,1,1,1,1,1,1,1,1,1,1,1,1,1,0,1,1,1,1,0,1,1,1,1,1,1,1,1,1,1,1,1,1,2,1,2,1,1,0,0,1,1,1,1,1,1,1,1,1,1,1,1,1,1,1,1,1,1,1,2,2,2,1,2,1,1,1,2,1,1,1,2,1,1,1,1,1,2,1,1,1,1,1,1,1,3,2,2,2,1,1,1,1,1,1,1,1,1,1,1,1,1,1,1,1,1,1,1,1,1,0,1,1,1,1,1,2,1,1,1,2,1,1,1,1,1
Rhin_cyan,1,0,1,1,1,1,1,1,1,1,1,1,1,1,1,1,1,1,1,1,1,1,1,1,1,2,1,0,1,1,1,1,1,1,0,1,1,1,1,1,1,0,2,0,0,1,0,1,0,1,2,1,0,0,0,0,0,1,0,0,0,0,1,1,1,0,0,1,1,1,1,1,1,1,0,0,1,1,0,0,1,1,2,1,1,1,1,1,1,1,1,1,1,1,1,1,1,1,1,1,1,1,1,0,2,0,1,0,1,1,1,1,2,0,1,1,1,1,1,1,1,1,0,1,1,1,1,1,0,1,1,1,1,1,1,1,1,1,1,1,1,1,1,1,1,1,1,1,1,0,0,0,0,1,0,0,0,0,0,0,0,0,0,1,0,1,1,0,1,1,1,1,1,1,1,0,0,0,0,1,1,2,1,1,1,1,1,1,1,1,1,1,1,0,1,2,3,1,1,1,0,1,1,1,1,1,0,1,1,1,1,1,1,1,1,1
Rhin_ferr,1,1,1,1,1,1,1,1,1,1,1,1,1,1,1,1,0,1,1,1,1,1,0,1,1,1,1,3,1,1,1,1,1,1,0,1,1,1,0,1,0,1,1,2,1,2,1,1,1,1,1,1,3,3,3,3,1,1,2,1,3,1,1,1,1,1,1,1,1,1,1,1,1,1,1,1,1,1,1,0,1,1,1,1,1,1,1,1,1,1,1,1,1,1,1,1,1,1,1,1,1,1,1,1,1,1,2,1,1,1,1,1,1,1,1,1,1,1,1,1,1,1,1,2,3,1,1,1,3,1,1,1,1,1,1,1,1,1,1,1,1,2,1,1,1,1,1,1,1,2,2,2,2,2,1,1,1,2,2,1,1,2,2,1,3,1,1,2,1,1,1,1,1,1,1,3,3,3,3,1,1,3,1,1,1,1,1,1,1,1,1,1,1,1,1,1,1,1,1,1,3,1,1,0,1,1,2,0,1,1,1,1,1,1,1,1
Rhin_roxe,1,1,1,1,1,1,1,1,1,1,1,1,1,1,1,1,1,1,1,1,1,1,1,1,1,1,1,5,0,1,1,0,1,1,1,1,1,1,1,1,1,2,2,2,2,3,2,2,1,3,2,2,3,3,3,3,1,1,1,1,1,1,1,2,2,2,2,1,1,1,1,1,1,2,2,2,1,1,1,0,1,1,1,1,1,1,1,1,1,1,1,1,1,1,1,1,1,1,1,1,1,1,1,2,1,2,3,2,2,1,2,2,2,2,1,1,1,1,1,1,1,1,1,2,1,1,1,1,1,1,1,1,1,1,1,1,1,1,1,1,1,1,1,1,1,1,1,1,1,2,2,1,2,2,1,1,1,2,2,2,1,2,1,1,1,1,1,2,1,1,1,1,1,1,1,3,3,3,3,1,2,3,1,1,1,1,1,1,1,1,1,1,1,1,1,1,1,1,1,1,1,1,1,1,1,1,2,1,1,0,1,1,1,1,1,1
Rhip_dahl,1,0,1,1,1,1,1,1,1,1,1,1,1,1,1,1,1,1,1,1,1,1,1,1,1,1,0,0,1,1,1,1,1,0,0,1,1,1,1,0,1,0,0,1,0,0,1,0,0,0,0,0,0,0,0,0,0,1,1,0,0,1,1,1,1,0,0,1,2,0,1,1,1,1,0,0,1,1,0,0,1,1,1,1,1,1,1,1,1,1,1,1,1,1,1,1,1,1,1,1,1,1,1,0,0,0,0,1,0,0,1,1,0,0,1,1,1,1,1,1,1,1,0,0,1,2,1,1,0,1,1,1,2,1,1,1,1,2,1,1,1,1,1,1,1,1,1,1,1,0,0,1,0,1,1,0,1,0,0,0,1,0,0,0,0,2,1,1,1,1,1,1,1,1,1,0,0,0,0,1,1,0,0,0,0,0,0,1,1,1,1,1,1,0,0,0,0,1,1,1,0,1,1,1,1,1,1,1,1,1,1,1,1,0,0,0
Rhod_prol,0,0,0,0,0,0,0,0,0,0,0,0,0,0,0,0,0,0,0,0,0,0,0,0,0,0,0,0,0,0,0,0,0,0,0,0,0,0,0,1,0,0,0,0,0,0,0,0,0,0,0,0,0,0,0,0,0,0,0,0,0,0,0,0,0,0,0,0,0,0,0,0,0,0,0,0,0,0,0,0,0,0,0,0,0,0,0,0,0,0,0,0,0,0,0,0,0,0,0,0,0,0,0,0,0,0,0,0,0,0,0,0,0,0,0,0,0,0,0,0,0,0,0,1,0,0,0,0,0,0,0,0,0,0,0,0,0,0,0,0,0,0,0,0,0,0,0,0,0,0,0,0,0,0,0,0,0,0,0,0,0,0,0,0,0,0,0,0,0,0,0,0,0,0,0,0,0,0,0,0,0,0,0,0,0,0,0,0,0,1,0,0,0,0,0,0,0,0,0,0,0,0,0,0,0,0,0,0,0,0,0,0,0,0,0,0
Rhod_rose,1,0,1,1,0,0,1,1,1,1,1,1,1,1,1,1,1,1,1,1,1,1,1,1,1,1,1,0,1,1,1,1,1,0,0,1,1,1,1,1,1,0,0,1,0,0,1,0,0,0,0,0,1,0,0,1,0,0,0,0,0,1,1,1,1,0,0,2,2,1,1,1,1,1,0,0,1,1,0,0,1,1,1,1,1,1,1,1,1,1,1,0,0,0,0,1,1,1,0,0,0,0,0,0,0,0,0,0,1,0,0,0,0,0,1,1,1,1,1,1,1,1,0,0,0,0,0,0,0,0,0,1,2,1,1,1,1,1,1,1,1,1,1,1,1,1,1,1,1,1,1,1,1,1,2,1,2,1,1,0,0,0,1,1,3,1,1,0,1,1,1,1,1,1,1,1,1,0,1,0,0,2,1,1,1,1,1,1,1,1,1,1,1,0,1,2,1,1,1,1,0,1,1,1,1,2,1,1,1,1,1,1,1,0,0,0
Rhyn_ferr,0,0,0,0,0,0,0,0,0,0,0,0,0,0,0,0,0,0,0,0,0,0,0,0,0,0,1,0,0,0,0,0,0,0,0,0,0,0,0,0,0,0,1,0,0,0,0,0,0,0,0,0,0,0,0,0,0,0,0,0,0,0,0,0,0,1,0,0,0,0,0,0,0,0,1,0,0,0,0,0,0,0,0,0,0,0,0,0,0,0,0,0,0,0,0,0,0,0,0,0,0,0,0,0,0,0,0,0,0,0,0,0,0,0,0,0,0,0,0,0,0,0,0,0,0,0,0,0,0,0,0,0,0,0,0,0,0,0,0,0,0,0,0,0,0,0,0,0,0,0,0,0,0,0,0,0,0,0,0,0,0,0,0,0,0,0,0,0,0,0,0,0,0,0,0,0,0,0,0,0,0,0,0,0,0,0,0,0,0,0,0,0,0,0,0,0,0,0,0,0,0,0,0,0,0,0,0,0,0,0,0,0,0,0,0,0
Rhyn_juba,0,0,0,1,1,1,1,1,1,1,1,1,1,1,1,1,0,1,1,1,1,1,1,1,1,0,0,0,1,1,1,1,1,1,0,1,1,1,1,0,1,0,2,0,0,1,0,1,1,0,0,0,0,0,0,0,0,0,0,0,0,1,1,1,1,0,0,1,2,0,1,1,1,1,0,0,1,1,0,0,1,1,2,1,1,1,1,1,1,1,1,1,1,1,1,1,1,1,1,1,1,1,1,0,2,0,1,0,1,1,0,0,0,0,1,1,1,1,1,1,1,1,0,0,0,0,0,0,0,0,0,1,1,1,1,1,1,1,1,1,1,0,1,1,1,1,1,1,1,1,0,0,0,0,1,0,0,0,0,0,1,0,0,1,0,0,1,0,1,1,1,1,1,1,1,0,0,0,0,1,1,2,1,1,1,1,1,1,1,1,1,1,1,0,1,2,3,1,1,1,0,1,1,0,1,0,0,0,0,0,1,1,1,1,1,1
Riss_trid,1,0,1,1,0,1,1,1,1,1,1,1,1,1,1,1,1,1,1,1,1,1,1,1,1,1,0,0,1,1,1,1,1,1,0,1,1,1,1,1,1,0,0,0,0,0,0,0,1,0,0,1,0,0,0,0,1,1,1,0,0,2,0,1,1,0,0,1,1,1,1,1,1,1,0,0,1,1,0,0,1,1,1,1,1,1,1,1,1,1,1,1,1,1,1,1,1,1,1,1,1,1,1,0,0,0,1,0,0,0,1,1,0,0,1,1,1,1,1,1,1,1,0,0,1,1,1,1,0,1,1,1,1,1,1,1,1,1,1,1,1,0,1,1,1,1,1,1,1,0,0,0,0,0,1,0,0,0,0,0,1,0,0,1,1,1,1,0,1,1,1,1,1,1,1,0,0,0,0,1,1,0,1,1,1,1,1,1,1,1,1,1,1,0,1,2,1,1,1,1,0,1,1,1,1,2,1,1,1,1,2,1,1,0,0,0
Rosa_chin,0,0,0,0,0,0,0,0,0,0,0,0,0,0,0,0,0,0,0,0,0,0,0,0,0,0,0,0,0,0,0,0,0,0,0,0,0,0,0,1,0,0,0,0,0,0,0,0,0,0,0,0,0,0,0,0,0,0,0,0,0,0,0,0,0,0,0,0,0,0,0,0,0,0,0,0,0,0,0,0,0,0,0,0,0,0,0,0,0,0,0,0,0,0,0,0,0,0,0,0,0,0,0,0,0,0,0,0,0,0,0,0,0,0,0,0,0,0,0,0,0,0,0,0,0,0,0,0,0,0,0,0,0,0,0,0,0,0,0,0,0,0,0,0,0,0,0,0,0,0,0,0,0,0,0,0,0,0,0,0,0,0,0,0,0,0,0,0,0,0,0,0,0,0,0,0,0,0,0,0,0,0,0,0,0,0,0,0,0,0,0,0,0,0,0,0,0,0,0,0,0,0,0,0,0,0,0,0,0,0,0,0,0,0,0,0
Rost_beng,0,0,0,1,0,1,1,1,1,1,1,1,1,1,1,1,1,1,1,1,1,1,1,1,1,0,0,0,1,1,1,1,1,1,0,0,0,0,1,1,1,0,2,0,0,0,0,1,1,0,0,1,0,0,0,0,1,1,0,0,0,1,0,1,1,0,0,1,4,1,1,1,1,1,0,0,1,1,0,0,1,1,1,1,1,1,1,1,1,1,1,1,1,1,1,1,1,1,1,1,1,1,1,0,0,0,1,1,1,1,1,0,0,0,1,1,1,1,1,1,1,1,0,0,1,1,1,1,0,1,1,1,1,0,0,1,0,2,1,1,1,1,1,1,1,1,1,1,1,0,0,1,0,0,1,0,0,0,0,1,0,0,0,0,1,2,1,1,1,1,1,1,1,1,1,0,0,0,0,2,1,0,1,1,1,1,1,1,1,1,1,1,1,0,1,2,1,1,1,1,0,1,1,0,0,0,0,0,0,0,2,1,1,1,1,1
Rota_magn,0,0,0,0,0,0,0,0,0,0,0,0,0,0,0,0,0,0,0,0,0,0,0,0,0,0,0,0,0,0,0,0,0,0,0,0,0,0,0,1,0,0,0,0,0,0,0,0,0,0,0,0,0,0,0,0,0,0,0,0,0,0,0,0,0,0,0,0,0,0,0,0,0,0,0,0,0,0,0,0,0,0,0,0,0,0,0,0,0,0,0,0,0,0,0,0,0,0,0,0,0,0,0,0,0,0,0,0,0,0,0,0,0,0,0,0,0,0,0,0,0,0,0,0,0,0,0,0,0,0,0,0,0,0,0,0,0,0,0,0,0,0,0,0,0,0,0,0,0,0,0,0,0,0,0,0,0,0,0,0,0,0,0,0,0,0,0,0,0,0,0,0,0,0,0,0,0,0,0,0,0,0,0,0,0,0,0,0,0,0,0,0,0,0,0,0,0,0,0,0,0,0,0,0,0,0,0,0,0,0,0,0,0,0,0,0
Rota_soci,0,0,0,0,0,0,0,0,0,0,0,0,0,0,0,0,0,0,0,0,0,0,0,0,0,0,0,0,0,0,0,0,0,0,0,0,0,0,0,1,0,0,0,0,0,0,0,0,0,0,0,0,0,0,0,0,0,0,0,0,0,0,0,0,0,0,0,0,0,0,0,0,0,0,0,0,0,0,0,0,0,0,0,0,0,0,0,0,0,0,0,0,0,0,0,0,0,0,0,0,0,0,0,0,0,0,0,0,0,0,0,0,0,0,0,0,0,0,0,0,0,0,0,0,0,0,0,0,0,0,0,0,0,0,0,0,0,0,0,0,0,0,0,0,0,0,0,0,0,0,0,0,0,0,0,0,0,0,0,0,0,0,0,0,0,0,0,0,0,0,0,0,0,0,0,0,0,0,0,0,0,0,0,0,0,0,0,0,0,0,0,0,0,0,0,0,0,0,0,0,0,0,0,0,0,0,0,0,0,0,0,0,0,0,0,0
Rota_sord,0,0,0,0,0,0,0,0,0,0,0,0,0,0,0,0,0,0,0,0,0,0,0,0,0,0,1,0,0,0,0,0,0,0,0,0,0,0,0,2,0,0,0,0,0,0,0,0,0,0,0,0,0,0,0,0,0,0,0,0,0,0,0,0,0,0,0,0,0,0,0,0,0,0,0,0,0,0,0,0,0,0,0,0,0,0,0,0,0,0,0,0,0,0,0,0,0,0,0,0,0,0,0,0,0,0,0,0,0,0,0,0,0,0,0,0,0,0,0,0,0,0,0,0,0,0,0,0,0,0,0,0,0,0,0,0,0,0,0,0,0,0,0,0,0,0,0,0,0,0,0,0,0,0,0,0,0,0,0,0,0,0,0,0,0,0,0,0,0,0,0,0,0,0,0,0,0,0,0,0,0,0,0,0,0,0,0,0,0,0,0,0,0,0,0,0,0,0,0,0,0,0,0,0,0,0,0,0,0,0,0,0,0,0,0,0
Rota_spXS,0,0,0,0,0,0,0,0,0,0,0,0,0,0,0,0,0,0,0,0,0,0,0,0,0,0,0,0,0,0,0,0,0,0,0,0,0,0,0,3,0,0,0,0,0,0,0,0,0,0,0,0,0,0,0,0,0,0,0,0,0,0,0,0,0,0,0,0,0,0,0,0,0,0,0,0,0,0,0,0,0,0,0,0,0,0,0,0,0,0,0,0,0,0,0,0,0,0,0,0,0,0,0,0,0,0,0,0,0,0,0,0,0,0,0,0,0,0,0,0,0,0,0,0,0,0,0,0,0,0,0,0,0,0,0,0,0,0,0,0,0,0,0,0,0,0,0,0,0,0,0,0,0,0,0,0,0,0,0,0,0,0,0,0,0,0,0,0,0,0,0,0,0,0,0,0,0,0,0,0,0,0,0,0,0,0,0,0,0,0,0,0,0,0,0,0,0,0,0,0,0,0,0,0,0,0,0,0,0,0,0,0,0,0,0,0
Rous_aegy,0,0,0,1,1,1,1,1,1,1,1,1,1,1,1,1,1,1,1,1,1,1,1,1,1,1,2,3,1,1,1,1,1,0,0,1,1,2,1,1,1,2,2,3,2,3,2,2,2,3,2,2,2,2,1,2,1,1,2,0,3,1,1,2,2,2,2,1,1,1,1,1,2,2,2,2,1,1,2,0,1,1,0,1,1,1,1,1,1,1,1,1,1,1,1,1,1,1,1,1,1,1,1,2,2,2,3,2,2,2,2,2,3,2,1,1,1,1,1,1,1,1,1,2,3,1,1,1,2,2,2,1,1,1,1,2,1,1,1,0,0,0,0,0,0,0,0,0,0,1,2,1,2,2,1,1,1,2,2,1,1,2,2,1,1,1,1,1,1,1,1,0,1,1,1,2,2,2,2,1,2,3,1,1,1,1,1,1,1,1,1,1,1,1,1,1,1,1,1,1,3,1,1,1,1,1,2,1,1,1,1,1,1,1,1,1
Rync_nige,0,0,0,0,0,0,0,0,0,0,1,1,1,1,1,1,1,1,1,1,1,1,1,1,1,0,0,0,1,1,1,1,1,1,0,1,1,1,1,1,1,0,0,0,0,0,0,0,1,0,0,0,0,0,0,0,1,1,1,0,0,2,0,0,0,0,0,1,1,0,1,1,0,0,0,0,1,1,0,0,1,1,1,1,1,1,1,1,1,1,1,1,1,1,1,0,0,0,1,1,1,1,1,0,0,0,1,0,0,0,1,0,0,0,1,1,1,1,1,1,1,1,0,0,1,1,1,1,0,1,1,1,1,1,1,1,1,1,1,1,1,1,1,1,1,1,1,1,1,0,0,1,0,0,1,0,0,0,0,0,2,0,0,1,0,2,1,0,1,1,1,1,1,1,1,0,0,0,0,2,1,0,1,1,1,1,1,1,1,1,1,1,1,0,1,1,1,1,1,1,0,1,1,0,1,0,0,0,0,0,2,1,1,1,1,1
Sagi_serp,1,0,1,0,0,0,0,0,0,0,1,1,1,0,1,1,0,1,0,1,0,1,0,1,1,0,0,0,1,1,0,1,1,1,0,1,1,1,1,0,1,0,2,1,0,0,1,1,1,0,1,0,0,0,0,0,0,0,0,0,0,0,0,0,0,0,1,1,1,1,1,1,0,0,0,1,1,1,0,0,1,1,1,1,1,1,1,1,1,1,1,0,0,0,0,0,0,0,0,0,0,0,0,0,2,0,0,1,0,1,0,1,0,0,1,1,1,1,1,1,1,1,0,0,1,0,0,0,0,0,0,1,1,1,1,1,1,1,1,1,1,0,1,1,1,1,1,1,1,1,0,0,0,0,0,0,0,0,0,0,1,0,0,1,0,0,1,0,1,1,1,1,1,1,1,0,0,0,0,1,1,2,1,1,1,1,1,1,1,1,1,1,1,0,1,2,1,0,0,0,0,0,0,0,1,1,0,0,0,0,0,1,1,1,1,1
Saim_boli,1,0,1,1,1,1,1,1,1,1,1,1,1,1,1,1,1,1,1,1,1,1,1,1,1,1,1,4,1,1,1,1,1,1,1,1,1,1,1,1,1,1,1,1,1,1,2,1,1,2,1,1,1,1,2,1,1,1,1,1,1,1,1,1,1,1,1,1,1,1,1,1,1,1,1,1,1,1,1,1,1,1,1,1,1,1,1,1,1,1,1,1,1,1,1,0,0,1,1,1,1,1,1,1,1,1,1,2,1,1,1,1,1,1,1,0,1,1,1,1,1,1,1,2,2,2,1,1,1,1,1,1,1,1,0,2,1,1,1,1,0,1,1,1,1,1,0,1,1,2,2,1,2,2,1,2,1,2,2,2,1,2,1,1,1,1,1,2,0,0,1,1,1,1,1,1,1,1,1,1,1,3,1,1,1,1,1,1,1,1,1,1,1,1,1,1,1,1,1,1,1,1,1,1,1,2,2,1,1,1,1,0,1,1,1,1
Sake_luct,1,0,1,1,1,1,1,1,1,1,1,1,1,0,0,0,0,0,0,0,0,0,0,0,0,1,0,0,1,1,1,1,1,1,0,1,1,1,1,1,1,0,0,0,0,0,0,0,0,0,0,0,1,0,1,1,1,1,1,0,0,1,1,1,1,0,0,1,1,1,1,1,1,1,0,0,1,1,0,0,1,1,1,1,1,1,1,1,1,0,1,1,1,1,1,1,1,1,1,1,1,1,1,0,0,0,0,0,0,0,0,0,0,0,1,1,1,1,1,1,1,1,0,0,0,1,1,1,0,1,1,1,1,1,1,1,1,1,1,1,1,1,1,1,1,1,1,1,1,1,1,0,1,1,1,1,1,1,1,0,1,0,1,1,2,1,1,1,1,1,1,1,1,1,1,1,1,1,1,1,1,2,1,1,1,1,1,1,1,1,1,0,0,0,1,2,1,1,1,1,0,1,1,1,1,1,1,1,1,1,0,1,1,1,1,1
Sala_fasc,1,0,1,1,1,1,1,1,1,1,0,1,1,2,0,1,3,2,1,1,1,1,1,2,1,2,3,3,1,0,1,1,0,1,0,0,2,1,1,1,1,3,4,1,4,3,2,2,1,1,3,2,0,0,1,0,1,2,1,0,1,1,1,0,0,2,1,1,2,0,1,0,0,0,2,1,1,0,4,0,0,0,0,0,1,0,1,0,0,2,1,1,1,1,1,1,1,1,1,1,0,1,1,3,4,5,1,1,2,1,1,1,3,2,0,0,0,0,0,0,0,1,0,1,0,1,1,1,2,1,1,0,0,1,0,0,1,0,0,1,0,1,0,1,0,0,1,0,0,0,0,1,1,0,0,2,1,0,0,1,0,1,1,1,2,0,0,1,0,0,2,1,1,1,1,0,0,1,0,1,0,0,1,1,1,1,1,0,0,1,0,1,1,0,0,2,0,0,1,0,2,1,1,2,0,0,1,1,1,2,0,0,0,1,1,1
Salm_sala,2,0,2,2,0,2,2,2,2,2,0,0,0,2,2,2,2,0,2,2,1,1,3,0,0,3,5,8,0,0,0,0,0,2,0,3,0,0,1,2,1,5,2,2,7,2,2,4,2,2,3,3,1,0,3,0,2,4,4,0,3,2,3,1,0,4,4,1,5,0,2,0,1,0,4,4,0,2,6,0,2,2,0,2,1,1,0,2,1,3,2,1,1,1,1,2,2,2,1,0,0,1,1,5,3,5,2,2,2,2,2,2,3,2,3,2,2,1,2,2,1,0,0,0,0,3,2,1,4,1,1,0,0,2,3,0,2,0,2,0,0,2,1,0,2,0,0,2,1,0,0,3,1,0,0,4,2,3,2,0,0,1,0,0,0,0,0,0,2,0,2,0,1,2,0,0,0,2,0,0,0,0,1,1,1,1,1,0,0,0,0,2,2,1,1,0,0,2,3,4,6,1,0,2,2,0,2,2,2,3,1,0,0,1,1,1
Salm_trut,2,0,1,2,0,2,2,2,2,2,0,0,0,2,2,2,3,0,1,2,1,1,3,0,1,3,5,9,1,0,2,1,0,1,0,2,0,0,1,2,1,5,2,2,7,2,2,4,2,2,2,2,1,0,3,1,2,3,4,0,4,2,2,1,0,4,5,1,6,0,2,0,0,0,4,4,0,2,6,0,2,1,0,2,1,1,0,2,1,3,2,1,1,1,1,2,2,2,1,0,0,0,1,5,2,6,2,2,2,2,2,2,2,2,4,2,2,2,2,2,1,0,0,0,0,2,2,2,4,2,2,0,0,2,2,0,1,0,2,0,0,4,1,0,2,0,1,2,2,0,0,4,2,0,0,3,2,1,1,2,1,3,2,2,4,0,0,0,2,0,4,1,1,2,0,0,0,5,1,0,0,0,1,1,1,1,1,0,0,0,0,2,2,1,2,0,0,2,4,4,6,1,0,3,2,0,2,2,2,3,1,0,0,1,1,1
Salv_meri,1,0,1,1,1,1,1,1,1,1,1,1,1,1,1,1,1,1,1,1,2,1,1,1,1,1,2,3,1,1,0,1,1,1,0,1,1,1,1,0,1,2,1,1,2,1,1,1,2,1,2,1,0,1,2,0,2,1,1,0,2,2,1,1,1,1,1,0,0,0,1,0,1,1,1,1,1,1,1,0,1,1,1,1,1,1,1,1,1,1,1,1,1,1,1,0,1,0,1,1,1,1,1,2,1,2,1,1,1,2,1,1,2,1,1,1,1,1,1,1,1,1,0,0,0,1,2,1,2,1,1,1,2,1,1,1,1,1,2,1,1,1,1,1,1,1,1,1,1,0,1,1,2,1,0,2,1,2,2,1,2,1,2,1,1,1,2,2,1,1,1,1,1,0,1,0,1,0,0,0,0,0,1,1,1,1,1,1,1,1,1,1,1,1,1,2,3,1,1,1,3,1,1,1,1,2,1,1,2,1,1,1,1,1,1,1
Sand_luci,1,0,1,1,1,1,0,1,1,1,0,0,0,1,0,0,2,1,1,0,1,1,1,0,1,2,2,2,0,0,1,0,0,1,0,1,2,1,1,1,1,3,3,1,3,0,1,1,0,1,1,2,1,0,2,0,1,2,2,0,2,1,1,0,0,2,2,1,3,1,1,0,0,0,2,2,1,1,3,0,1,1,1,1,1,1,1,0,0,2,1,1,1,1,1,1,1,0,1,1,0,1,1,3,3,4,0,1,1,0,1,1,1,2,0,0,0,0,0,0,0,1,0,0,0,1,1,1,2,1,1,1,0,1,1,0,1,1,0,0,1,1,0,1,0,0,0,0,0,0,0,1,2,1,0,2,1,0,0,2,1,1,1,1,2,0,0,1,1,0,0,1,0,1,0,1,0,2,0,1,0,0,1,1,1,1,1,0,1,1,0,1,1,1,0,2,0,0,1,1,2,0,1,2,0,0,1,1,1,2,1,0,0,1,1,1
Sapa_aeni,1,0,1,1,0,1,1,1,1,1,1,1,1,0,0,0,0,0,0,0,0,0,0,0,0,1,0,0,1,1,1,1,1,1,0,1,1,1,1,1,1,0,0,0,0,0,0,0,0,0,0,0,1,1,1,1,0,0,0,0,0,0,0,1,1,0,0,1,2,1,1,1,1,1,0,0,1,1,0,0,1,1,1,1,1,1,1,1,1,1,1,1,1,1,1,1,1,1,1,1,1,1,1,0,0,0,0,0,0,0,0,0,0,0,1,1,1,1,1,1,1,1,0,1,0,0,0,0,0,0,0,1,1,1,1,1,1,1,1,1,1,1,1,1,1,1,1,1,1,1,1,1,1,2,2,2,1,0,0,0,0,1,1,0,1,2,0,1,1,1,1,1,1,1,1,1,1,2,1,1,1,2,1,1,1,1,1,1,0,1,1,0,0,0,1,2,2,0,0,0,0,0,0,1,1,2,1,1,1,1,0,1,1,1,1,1
Sapa_apel,1,1,1,1,1,1,1,1,1,1,1,1,1,1,1,1,1,1,1,1,1,1,1,1,1,1,1,3,1,1,1,1,1,1,1,1,1,1,1,1,1,1,1,1,1,1,2,1,1,2,1,1,2,2,2,2,1,1,1,0,2,1,1,1,1,1,1,1,1,1,1,1,1,1,1,1,0,1,0,0,1,1,1,1,1,1,1,1,1,0,1,1,1,1,1,0,0,1,1,1,1,1,1,1,1,1,1,2,1,1,1,1,1,1,1,1,1,1,1,1,1,1,1,2,2,1,1,2,1,1,2,1,1,1,1,1,1,1,1,1,1,1,0,1,1,1,1,1,1,2,2,1,2,2,1,1,1,2,2,2,1,3,1,1,1,1,1,2,1,1,1,1,1,1,1,2,1,2,2,1,2,3,1,1,1,1,1,1,1,1,1,1,1,1,1,1,1,1,1,1,2,1,1,1,1,1,2,1,1,1,2,1,1,1,1,1
Sarc_harr,1,1,1,1,1,1,1,1,0,1,1,1,1,1,1,1,1,1,1,1,1,1,1,1,1,1,2,3,1,1,1,1,1,1,1,1,1,1,1,1,1,2,2,2,1,3,2,2,2,1,2,3,1,1,1,1,2,1,1,0,0,1,2,1,1,1,1,1,2,2,1,1,1,1,1,1,1,1,2,0,1,1,1,1,1,1,1,1,1,1,1,1,1,1,1,2,2,1,1,1,1,1,1,2,2,1,2,3,2,2,1,2,2,3,1,1,1,1,1,1,1,1,1,3,1,1,1,1,0,1,1,3,2,1,1,2,1,2,2,1,1,1,1,1,1,2,1,1,1,1,2,1,3,1,1,1,1,2,2,2,2,1,2,1,3,1,2,2,1,1,1,1,1,1,1,1,2,0,1,1,2,1,1,1,1,1,1,0,0,0,0,1,1,1,1,2,1,1,1,1,1,1,1,0,0,0,0,0,0,0,1,1,0,1,1,1
Schi_bovi,0,0,0,0,0,0,0,0,0,0,0,0,0,0,0,0,0,0,0,0,0,0,0,0,0,0,1,0,0,0,0,0,0,0,0,0,0,0,0,0,0,0,0,0,0,0,0,0,0,0,0,0,0,0,0,0,0,0,0,0,0,0,0,0,0,0,0,0,0,0,0,0,0,0,0,0,0,0,0,0,0,0,0,0,0,0,0,0,0,0,0,0,0,0,0,1,0,0,0,0,0,0,0,0,0,0,0,0,0,0,0,0,0,0,0,0,0,0,0,0,0,0,0,0,0,0,0,0,0,0,0,0,0,0,0,0,0,0,0,0,0,0,0,0,0,0,0,0,0,0,0,0,0,0,0,0,0,0,0,0,0,0,0,0,0,0,0,0,0,0,0,0,0,0,0,0,0,0,0,0,0,0,0,0,0,0,0,0,0,0,0,0,0,0,0,0,0,0,0,0,0,0,0,0,0,0,0,0,0,0,0,0,0,0,0,0
Schi_cura,0,0,0,0,0,0,0,0,0,0,0,0,0,0,0,0,0,0,0,0,0,0,0,0,0,0,0,0,0,0,0,0,0,0,0,0,0,0,0,0,0,0,0,0,0,0,0,0,0,0,0,0,0,0,0,0,0,0,0,0,0,0,0,0,0,0,0,0,0,0,0,0,0,0,0,0,0,0,0,0,0,0,0,0,0,0,0,0,0,0,0,0,0,0,0,1,0,0,0,0,0,0,0,0,0,0,0,0,0,0,0,0,0,0,0,0,0,0,0,0,0,0,0,0,0,0,0,0,0,0,0,0,0,0,0,0,0,0,0,0,0,0,0,0,0,0,0,0,0,0,0,0,0,0,0,0,0,0,0,0,0,0,0,0,0,0,0,0,0,0,0,0,0,0,0,0,0,0,0,0,0,0,0,0,0,0,0,0,0,0,0,0,0,0,0,0,0,0,0,0,0,0,0,0,0,0,0,0,0,0,0,0,0,0,0,0
Schi_haem,0,0,0,0,0,0,0,0,0,0,0,0,0,0,0,0,0,0,0,0,0,0,0,0,0,0,0,0,0,0,0,0,0,0,0,0,0,0,0,0,0,0,0,0,0,0,0,0,0,0,0,0,0,0,0,0,0,0,0,0,0,0,0,0,0,0,0,0,0,0,0,0,0,0,0,0,0,0,0,0,0,0,0,0,0,0,0,0,0,0,0,0,0,0,0,1,0,0,0,0,0,0,0,0,0,0,0,0,0,0,0,0,0,0,0,0,0,0,0,0,0,0,0,0,0,0,0,0,0,0,0,0,0,0,0,0,0,0,0,0,0,0,0,0,0,0,0,0,0,0,0,0,0,0,0,0,0,0,0,0,0,0,0,0,0,0,0,0,0,0,0,0,0,0,0,0,0,0,0,0,0,0,0,0,0,0,0,0,0,0,0,0,0,0,0,0,0,0,0,0,0,0,0,0,0,0,0,0,0,0,0,0,0,0,0,0
Schi_japo,0,0,0,0,0,0,0,0,0,0,0,0,0,0,0,0,0,0,0,0,0,0,0,0,0,0,1,0,0,0,0,0,0,0,0,0,0,0,0,1,0,0,0,0,0,0,0,0,0,0,0,0,0,0,0,0,0,0,0,0,0,0,0,0,0,0,0,0,0,0,0,0,0,0,0,0,0,0,0,0,0,0,0,0,0,0,0,0,0,0,0,0,0,0,0,1,0,1,0,0,1,0,0,0,0,0,0,0,0,0,0,0,0,0,0,0,0,0,0,0,0,0,0,0,0,0,0,0,0,0,0,0,0,0,0,0,0,0,0,0,0,0,0,0,0,0,0,0,0,0,0,0,0,0,0,0,0,0,0,0,0,0,0,0,0,0,0,0,0,0,0,0,0,0,0,0,0,0,0,0,0,0,0,0,0,0,0,0,0,0,0,0,0,0,0,0,0,0,0,0,0,0,0,0,0,0,0,0,0,0,0,0,0,0,0,0
Schi_mans,0,0,0,0,0,0,0,0,0,0,0,0,0,0,0,0,0,0,0,0,0,0,0,0,0,0,1,0,0,0,0,0,0,0,0,0,0,0,0,0,0,0,0,0,0,0,0,0,0,0,0,0,0,0,0,0,0,0,0,0,0,0,0,0,0,0,0,0,0,0,0,0,0,0,0,0,0,0,0,0,0,0,0,0,0,0,0,0,0,0,0,0,0,0,0,1,0,0,0,0,0,0,0,0,0,0,0,0,0,0,0,0,0,0,0,0,0,0,0,0,0,0,0,0,0,0,0,0,0,0,0,0,0,0,0,0,0,0,0,0,0,0,0,0,0,0,0,0,0,0,0,0,0,0,0,0,0,0,0,0,0,0,0,0,0,0,0,0,0,0,0,0,0,0,0,0,0,0,0,0,0,0,0,0,0,0,0,0,0,0,0,0,0,0,0,0,0,0,0,0,0,0,0,0,0,0,0,0,0,0,0,0,0,0,0,0
Schi_marg,0,0,0,0,0,0,0,0,0,0,0,0,0,0,0,0,0,0,0,0,0,0,0,0,0,0,0,0,0,0,0,0,0,0,0,0,0,0,0,0,0,0,0,0,0,0,0,0,0,0,0,0,0,0,0,0,0,0,0,0,0,0,0,0,0,0,0,0,0,0,0,0,0,0,0,0,0,0,0,0,0,0,0,0,0,0,0,0,0,0,0,0,0,0,0,1,0,0,0,0,0,0,0,0,0,0,0,0,0,0,0,0,0,0,0,0,0,0,0,0,0,0,0,0,0,0,0,0,0,0,0,0,0,0,0,0,0,0,0,0,0,0,0,0,0,0,0,0,0,0,0,0,0,0,0,0,0,0,0,0,0,0,0,0,0,0,0,0,0,0,0,0,0,0,0,0,0,0,0,0,0,0,0,0,0,0,0,0,0,0,0,0,0,0,0,0,0,0,0,0,0,0,0,0,0,0,0,0,0,0,0,0,0,0,0,0
Schi_matt,0,0,0,0,0,0,0,0,0,0,0,0,0,0,0,0,0,0,0,0,0,0,0,0,0,0,0,0,0,0,0,0,0,0,0,0,0,0,0,0,0,0,0,0,0,0,0,0,0,0,0,0,0,0,0,0,0,0,0,0,0,0,0,0,0,0,0,0,0,0,0,0,0,0,0,0,0,0,0,0,0,0,0,0,0,0,0,0,0,0,0,0,0,0,0,1,0,0,0,0,0,0,0,0,0,0,0,0,0,0,0,0,0,0,0,0,0,0,0,0,0,0,0,0,0,0,0,0,0,0,0,0,0,0,0,0,0,0,0,0,0,0,0,0,0,0,0,0,0,0,0,0,0,0,0,0,0,0,0,0,0,0,0,0,0,0,0,0,0,0,0,0,0,0,0,0,0,0,0,0,0,0,0,0,0,0,0,0,0,0,0,0,0,0,0,0,0,0,0,0,0,0,0,0,0,0,0,0,0,0,0,0,0,0,0,0
Sciu_vulg,1,0,1,1,1,1,1,1,1,1,1,1,1,1,1,1,1,1,1,1,2,1,1,1,1,1,2,3,1,1,1,1,1,1,1,0,0,0,1,1,1,2,2,2,2,2,2,2,2,3,2,3,2,2,3,2,1,2,2,1,3,1,2,2,2,3,2,1,1,1,1,1,2,2,2,2,1,1,2,1,1,1,1,1,1,1,1,1,1,1,1,1,1,1,1,0,0,1,1,1,1,1,1,2,2,2,2,2,2,2,2,2,2,3,1,1,1,1,1,1,1,1,1,2,1,1,1,1,3,1,1,1,1,1,1,1,1,1,1,1,1,2,1,1,1,1,1,1,1,2,2,2,1,2,1,1,1,2,2,2,1,3,2,1,1,1,1,2,1,1,1,1,1,1,1,2,2,3,2,1,1,3,1,1,1,1,1,1,1,1,1,1,1,1,1,1,1,1,1,1,3,1,1,1,1,1,2,1,1,1,2,1,1,1,3,2
Scle_form,1,0,1,1,1,1,1,1,1,1,1,1,1,1,1,1,1,1,0,0,1,1,1,0,0,2,2,3,1,0,1,1,0,1,0,2,4,1,1,1,1,4,4,2,3,1,2,3,1,2,2,3,1,0,0,2,2,3,2,0,1,4,3,1,0,1,2,1,3,0,1,0,1,0,1,2,1,0,3,0,1,1,0,0,1,0,0,2,1,1,0,1,1,0,0,1,1,1,1,1,0,1,1,4,4,3,1,2,2,1,2,2,2,3,1,0,1,0,0,1,1,1,0,0,0,3,4,1,2,2,2,2,2,1,1,1,0,0,2,0,0,2,1,0,0,2,1,1,1,0,0,2,1,0,0,2,3,1,1,0,0,3,0,0,0,1,0,0,1,0,0,0,0,1,0,1,0,1,2,1,0,0,1,1,1,1,1,0,1,0,0,1,1,1,0,1,0,2,1,1,1,2,2,3,2,0,2,2,1,0,2,1,1,1,1,1
Scle_mexi,1,0,1,1,1,1,1,1,1,1,1,1,1,1,1,1,1,1,1,1,1,1,1,1,1,0,0,0,1,1,0,1,1,1,0,1,1,1,1,0,1,0,0,1,0,1,1,1,0,0,0,0,0,0,0,0,0,0,0,0,0,1,1,1,1,0,0,0,0,0,0,0,1,1,0,0,1,1,0,0,1,1,1,1,1,1,1,1,1,0,1,1,1,1,1,1,1,1,1,1,1,1,1,0,0,0,1,1,1,1,1,1,0,0,1,1,1,1,1,1,1,1,0,0,1,0,0,0,0,0,0,1,1,1,1,1,1,1,1,1,1,0,1,1,1,1,1,1,1,0,1,0,0,0,0,0,0,0,0,0,2,0,0,1,0,1,0,0,1,1,1,1,1,1,1,0,0,0,0,1,1,0,1,1,1,1,1,1,1,1,1,0,0,0,1,2,1,1,1,1,0,1,1,1,1,1,1,1,1,1,0,1,1,1,1,1
Scop_maxi,1,0,1,1,1,1,1,0,0,0,0,0,0,0,0,0,0,0,0,0,0,0,0,0,0,2,2,3,1,0,1,1,0,1,0,1,2,0,1,1,1,0,0,0,0,0,0,0,0,0,0,0,0,0,1,0,0,0,0,0,0,0,0,0,0,2,2,1,2,0,1,0,0,0,2,2,0,0,0,0,0,0,0,0,0,0,0,0,0,0,0,1,1,1,1,1,1,0,1,1,0,1,1,0,0,0,0,0,0,0,0,0,0,0,0,1,1,0,0,0,0,1,0,0,0,0,0,0,0,0,0,1,0,1,1,0,1,0,0,0,0,2,0,0,0,0,1,0,0,0,0,2,0,1,0,2,1,0,0,1,0,2,1,1,2,0,0,1,1,0,0,1,1,1,1,0,0,1,0,1,0,0,1,1,1,1,1,0,1,0,1,1,1,0,0,1,0,0,0,0,0,0,0,2,1,0,1,1,1,1,1,0,0,1,1,1
Scop_umbr,1,0,1,1,0,1,1,1,1,1,1,1,1,1,1,1,1,1,1,1,1,1,1,1,1,0,0,0,1,1,1,1,1,0,0,1,1,1,1,0,1,0,0,0,0,0,0,0,1,0,0,0,0,0,0,0,0,0,0,0,0,0,1,0,0,0,1,0,2,0,0,0,0,0,0,1,0,0,0,0,1,1,0,1,1,1,0,0,1,0,1,0,0,0,0,1,1,1,0,0,0,0,0,0,0,0,1,0,1,1,1,0,0,0,0,0,0,0,0,0,0,0,0,1,0,1,1,1,0,1,1,1,1,1,1,1,1,1,1,0,1,0,0,0,1,0,0,0,0,0,0,0,0,0,1,0,0,0,0,0,1,0,0,0,0,0,0,0,0,1,1,1,1,1,1,0,0,0,0,1,2,0,1,1,1,1,1,1,0,1,1,1,1,0,1,2,1,0,0,0,0,0,0,0,1,1,0,0,0,0,0,1,1,0,0,0
Scyl_tora,0,0,0,0,0,0,0,0,0,0,0,0,0,0,0,0,0,0,0,0,0,0,0,0,0,0,0,0,0,0,0,0,0,0,0,0,0,0,0,0,0,0,0,0,0,0,0,0,0,0,0,0,0,0,1,0,0,0,0,0,0,0,0,0,0,0,0,0,0,0,0,0,0,0,0,0,0,0,0,0,0,0,0,0,0,0,0,0,0,0,0,0,0,0,0,0,0,0,0,0,0,0,0,0,0,0,0,0,0,0,0,0,0,0,1,1,0,1,1,1,1,1,0,0,0,0,0,0,0,0,0,1,0,0,0,1,1,0,0,0,0,1,0,0,0,0,0,0,0,1,1,0,1,1,0,2,1,1,1,0,0,0,0,0,2,0,0,1,0,0,0,0,0,0,0,0,1,1,0,0,0,0,1,1,1,1,1,0,0,0,0,0,0,0,0,0,0,0,0,0,0,0,0,1,1,1,1,1,1,1,0,0,0,0,0,0
Scyt_supe,1,0,1,1,1,1,1,1,1,1,1,1,1,1,1,1,1,1,1,1,1,1,1,1,1,1,0,0,1,1,0,1,1,1,0,1,1,1,1,1,1,0,0,1,0,1,1,0,1,0,0,0,1,1,0,1,1,1,1,0,0,1,1,1,1,0,0,1,1,1,2,1,1,1,0,0,1,1,0,0,1,1,1,1,1,1,1,1,1,1,1,1,1,1,1,1,1,1,1,1,1,1,1,0,0,0,1,1,1,1,1,1,0,0,1,1,1,1,1,1,1,1,0,0,1,1,1,1,0,1,1,1,2,1,1,1,1,1,1,1,1,1,1,1,1,1,1,1,1,1,1,1,1,1,2,1,1,1,1,0,2,1,1,1,0,2,1,1,1,1,1,1,1,1,1,1,1,0,1,1,1,2,1,1,1,1,1,1,1,1,1,1,1,0,1,2,1,1,1,1,0,1,1,1,1,1,1,1,1,1,0,1,1,1,1,1
Semn_fran,1,0,1,0,0,0,0,0,0,0,1,1,1,0,0,1,0,1,1,1,0,1,0,1,1,0,0,0,1,1,1,1,1,0,0,1,1,1,1,1,1,0,1,1,0,0,1,0,1,0,0,0,0,0,0,0,0,0,0,0,0,0,0,1,0,0,0,1,0,1,0,0,1,0,0,0,0,0,0,0,1,1,0,1,1,1,0,0,0,0,1,0,0,0,0,0,0,0,0,0,0,0,0,0,1,0,0,1,0,1,0,1,0,0,1,0,0,1,1,0,1,0,0,1,0,0,0,0,0,0,0,1,1,1,1,1,1,1,1,0,0,0,1,1,0,1,1,1,1,0,0,0,0,0,0,0,1,0,0,0,0,0,0,0,0,1,0,0,1,1,1,1,1,1,1,0,0,0,0,2,2,0,1,1,1,1,1,1,0,1,0,1,1,0,1,0,0,0,0,0,0,0,0,0,1,0,0,0,0,0,0,0,1,0,1,1
Sepi_phar,1,0,1,0,0,0,0,0,0,0,0,0,0,0,0,0,0,0,0,0,0,0,0,0,0,0,1,0,0,0,0,0,0,0,0,0,0,0,0,0,0,0,0,0,0,0,0,0,0,0,1,1,0,0,0,0,0,0,0,0,0,0,0,0,0,1,0,0,0,0,0,0,0,0,1,0,0,0,0,0,0,0,0,0,0,0,0,0,0,0,0,0,0,0,0,0,0,0,0,0,0,0,0,0,0,0,0,0,0,0,0,0,1,1,0,0,0,0,0,0,0,0,0,0,0,0,0,0,0,0,0,0,0,0,0,0,0,0,0,0,0,0,0,0,0,0,0,0,0,0,0,0,0,0,0,0,0,0,0,0,0,0,0,0,0,0,0,0,0,0,0,0,0,0,0,0,0,1,0,0,0,0,0,0,0,0,0,0,0,0,0,0,0,0,0,0,0,0,0,0,0,0,0,0,0,0,0,0,0,0,0,0,0,0,0,0
Seri_cana,1,0,1,1,1,1,1,1,1,1,1,1,1,1,1,1,0,1,1,1,1,1,0,1,1,0,0,2,1,1,1,1,1,1,1,1,1,1,0,0,0,0,0,1,0,1,1,1,1,0,1,0,1,0,0,1,1,0,1,0,0,0,1,1,1,1,1,1,3,0,1,1,1,1,1,1,1,1,1,0,1,1,1,1,1,1,1,1,1,1,1,1,1,1,1,1,1,1,1,1,1,1,1,0,0,0,1,0,1,1,0,1,1,0,1,1,1,1,1,1,1,1,0,0,2,1,1,1,0,1,1,1,1,1,1,1,1,1,1,1,1,0,1,1,1,1,0,1,1,1,1,0,1,3,1,4,2,2,2,1,0,1,2,2,3,1,2,2,1,1,1,1,1,1,1,1,1,0,1,1,1,3,1,1,1,1,1,1,1,1,1,0,0,0,1,2,1,1,1,1,0,1,1,1,1,1,1,1,2,1,1,1,1,1,1,1
Seri_luna,1,0,1,1,1,1,1,1,1,1,1,1,1,1,1,1,1,1,1,1,1,1,1,1,1,1,0,0,1,1,1,1,1,1,0,1,1,1,1,0,1,0,0,1,0,0,1,0,1,0,0,1,1,1,0,1,0,0,0,0,0,1,0,1,1,0,0,0,0,1,0,0,1,1,0,0,1,1,0,0,1,1,1,1,1,1,1,1,1,1,1,1,1,1,1,1,1,1,1,1,1,1,1,0,2,0,0,1,1,1,1,1,0,0,1,1,1,1,1,1,1,1,0,1,0,0,0,0,0,0,0,1,1,1,1,1,1,1,1,1,1,1,1,1,1,1,1,1,1,1,1,0,1,2,2,2,1,1,1,0,1,1,1,0,1,2,1,1,1,1,1,1,1,1,1,1,1,2,1,1,1,2,0,0,0,0,0,1,1,1,1,1,1,0,1,2,2,1,1,1,0,1,1,1,1,1,1,1,1,1,0,1,1,1,1,1
Seta_ital,0,0,0,0,0,0,0,0,0,0,0,0,0,0,0,0,0,0,0,0,0,0,0,0,0,0,0,0,0,0,0,0,0,0,0,0,0,0,0,0,0,0,0,0,0,0,0,0,0,0,0,0,0,0,0,0,0,0,0,0,0,0,0,0,0,0,0,0,0,0,0,0,0,0,0,0,0,0,0,0,0,0,0,0,0,0,0,0,0,0,0,0,0,0,0,1,1,1,0,0,1,0,0,0,0,0,0,0,0,0,0,0,0,0,0,0,0,0,0,0,0,0,0,0,0,0,0,0,0,0,0,0,0,0,0,0,0,0,0,0,0,0,0,0,0,0,0,0,0,0,0,0,0,0,0,0,0,0,0,0,0,0,0,0,0,0,0,0,0,0,0,0,0,0,0,0,0,0,0,0,0,0,0,0,0,0,0,0,0,0,0,0,0,0,0,0,0,0,0,0,0,0,0,0,0,0,0,0,0,0,0,0,0,0,0,0
Seta_viri,0,0,0,0,0,0,0,0,0,0,0,0,0,0,0,0,0,0,0,0,0,0,0,0,0,0,0,0,0,0,0,0,0,0,0,0,0,0,0,0,0,0,0,0,0,0,0,0,0,0,0,0,0,0,0,0,0,0,0,0,0,0,0,0,0,0,0,0,0,0,0,0,0,0,0,0,0,0,0,0,0,0,0,0,0,0,0,0,0,0,0,0,0,0,0,1,1,1,0,0,1,0,0,0,0,0,0,0,0,0,0,0,0,0,0,0,0,0,0,0,0,0,0,0,0,0,0,0,0,0,0,0,0,0,0,0,0,0,0,0,0,0,0,0,0,0,0,0,0,0,0,0,0,0,0,0,0,0,0,0,0,0,0,0,0,0,0,0,0,0,0,0,0,0,0,0,0,0,0,0,0,0,0,0,0,0,0,0,0,0,0,0,0,0,0,0,0,0,0,0,0,0,0,0,0,0,0,0,0,0,0,0,0,0,0,0
Seto_kirt,1,0,1,1,1,1,1,1,1,1,1,1,1,1,1,1,1,1,1,1,1,1,1,1,1,2,1,0,1,1,1,1,1,0,0,1,1,1,1,0,1,0,0,1,0,0,1,0,0,0,0,0,0,0,0,0,1,1,0,0,1,0,0,1,1,0,0,1,0,1,0,0,1,1,0,0,1,1,0,0,1,1,1,1,1,1,1,1,1,1,1,1,1,1,1,1,1,1,1,1,1,1,1,0,0,0,0,1,1,0,1,0,0,0,1,1,1,1,1,1,1,1,0,0,1,1,1,1,1,1,1,1,1,1,1,1,1,1,1,1,1,1,1,1,1,1,1,1,1,0,0,1,0,0,1,0,0,0,0,0,1,0,0,1,0,2,0,0,1,1,1,1,1,1,1,0,0,0,0,0,0,2,0,0,0,0,0,1,1,1,1,1,1,0,1,2,1,0,0,0,1,0,0,1,1,1,1,1,1,1,0,1,1,0,0,0
Sino_ansh,1,0,1,2,2,0,0,0,1,0,0,1,1,0,0,0,1,0,1,0,0,0,1,0,0,4,5,6,2,0,2,2,0,1,1,1,4,0,1,2,1,2,3,2,3,1,2,4,2,2,3,2,0,0,4,0,3,3,2,0,2,1,3,0,0,4,5,2,5,0,2,0,1,0,4,5,1,2,7,0,0,0,0,0,0,0,1,2,1,4,0,0,0,1,0,0,0,0,0,0,0,0,0,2,3,3,2,2,2,2,2,2,3,2,0,0,0,0,0,2,1,1,0,2,3,3,3,1,3,1,1,0,0,2,1,0,0,0,1,2,0,3,1,2,2,2,2,1,0,0,1,4,2,0,0,4,1,1,2,3,0,2,3,2,4,0,2,2,2,0,0,1,0,2,0,2,0,3,1,2,0,0,2,2,2,2,2,0,0,0,0,2,2,0,1,2,0,4,0,2,6,2,2,6,0,0,2,2,1,0,4,0,2,2,2,1
Sino_grah,1,0,1,2,1,0,1,0,2,0,1,1,1,0,0,2,2,0,1,0,0,0,1,1,0,4,4,6,1,0,1,1,0,1,0,1,4,1,1,1,1,2,4,2,3,2,2,4,2,2,3,2,1,0,5,1,4,4,2,0,4,2,2,0,0,4,3,2,5,0,2,0,0,0,4,5,1,1,6,0,0,0,0,0,0,0,2,2,2,3,0,0,0,0,0,0,0,0,0,0,0,0,0,2,3,2,2,2,2,2,2,3,3,3,0,0,0,0,0,1,2,0,0,1,0,4,4,1,4,2,1,0,0,1,1,0,0,0,0,1,0,3,1,1,2,4,2,1,1,0,0,4,3,0,0,4,2,2,2,2,0,2,4,2,4,0,1,2,2,0,0,2,0,2,0,2,0,3,2,2,0,0,1,0,1,1,0,0,1,0,0,0,0,0,2,4,0,4,0,2,6,2,2,6,2,0,2,3,2,0,4,0,2,1,1,1
Sino_rhin,1,0,1,2,1,0,1,0,1,0,2,1,1,0,0,2,3,0,2,0,0,1,1,2,0,2,4,5,2,0,2,2,0,1,1,1,4,0,2,2,1,2,4,2,3,1,2,3,2,2,4,2,0,2,4,0,3,4,2,0,3,2,2,0,0,4,3,2,5,0,2,0,0,0,4,5,0,1,6,0,0,0,0,0,0,0,1,2,2,4,0,0,0,1,1,0,0,0,0,0,0,0,0,2,4,3,2,2,2,2,2,4,4,2,0,0,0,0,0,1,1,0,0,1,2,4,3,2,3,1,2,0,0,1,2,1,0,0,0,2,1,4,1,2,2,0,2,1,0,0,0,3,2,0,0,4,1,1,3,3,0,2,4,2,4,0,0,2,2,1,0,2,0,2,0,2,2,3,1,2,0,0,2,2,0,2,2,0,0,0,0,2,1,0,2,2,0,4,0,3,5,2,2,4,1,0,1,2,2,0,4,0,1,1,1,1
Sino_webb,1,0,1,1,1,1,1,1,1,1,1,1,1,0,0,0,0,0,0,0,0,0,0,0,0,1,1,0,1,1,1,1,1,0,0,1,1,1,1,0,1,0,0,0,0,0,0,0,0,0,0,0,1,0,0,1,0,0,0,0,0,0,1,1,1,0,0,1,1,2,1,1,1,1,0,0,1,1,0,0,1,1,1,1,1,1,1,1,1,0,1,1,1,1,1,1,1,1,1,1,1,1,1,0,0,0,0,0,0,0,0,0,0,0,1,1,1,1,1,1,1,1,0,1,1,0,0,0,0,0,0,1,1,1,1,1,1,2,1,1,1,1,1,1,1,1,1,1,1,1,1,1,1,2,2,1,2,1,1,0,1,0,0,0,0,2,1,1,1,1,1,1,1,1,1,1,0,0,1,1,1,2,0,0,1,0,0,1,1,1,1,0,0,0,1,2,0,1,1,1,0,1,1,1,1,1,1,1,1,1,1,1,1,0,0,0
Siph_flav,0,0,0,0,0,0,0,0,0,0,0,0,0,0,0,0,0,0,0,0,0,0,0,0,0,0,0,0,0,0,0,0,0,0,0,0,0,0,0,1,0,0,0,0,0,0,0,0,0,0,0,0,0,0,0,0,0,0,0,0,0,0,0,0,0,1,0,0,0,0,0,0,0,0,1,0,0,0,0,0,0,0,0,0,0,0,0,0,0,0,0,0,0,0,0,0,0,0,0,0,0,0,0,0,0,0,0,0,0,0,0,0,0,0,0,0,0,0,0,0,0,0,0,1,0,0,0,0,0,0,0,0,0,0,0,0,0,0,0,0,0,0,0,0,0,0,0,0,0,0,0,0,0,0,0,0,0,0,0,0,0,0,0,0,0,0,0,0,0,0,0,0,0,0,0,0,0,0,0,0,0,0,0,0,0,0,0,0,0,0,0,0,0,0,0,0,0,0,0,0,0,0,0,0,0,0,0,0,0,0,0,0,0,0,0,0
Sito_oryz,0,0,0,0,0,0,0,0,0,0,0,0,0,0,0,0,0,0,0,0,0,0,0,0,0,0,1,0,0,0,0,0,0,0,0,0,0,0,0,1,0,0,1,0,0,0,0,0,0,1,0,0,0,0,0,0,0,0,1,0,0,0,0,0,0,1,0,0,0,0,0,0,0,0,1,0,0,0,0,0,0,0,0,0,0,0,0,0,0,0,0,0,0,0,0,0,0,0,0,0,0,0,0,0,0,0,0,0,0,0,1,0,0,0,0,0,0,0,0,0,0,0,0,0,0,0,0,0,0,0,0,0,0,0,0,0,0,0,0,0,0,0,0,0,0,0,0,0,0,0,0,0,0,0,0,0,0,0,0,0,0,0,0,0,0,0,0,0,0,0,0,0,0,0,0,0,0,0,0,0,0,0,0,0,0,0,0,0,0,0,0,0,0,0,0,0,0,0,0,0,0,0,0,0,0,0,0,0,0,0,0,0,0,0,0,0
Sitt_euro,1,0,1,1,1,1,1,1,1,1,1,1,1,1,1,1,0,1,1,1,1,1,1,1,1,1,0,0,1,1,1,1,1,0,0,1,1,1,1,0,1,0,0,1,0,1,1,0,1,0,0,0,0,0,0,0,1,1,1,0,0,1,1,1,1,0,0,0,0,1,0,0,1,1,0,0,0,0,0,0,0,0,0,0,0,0,0,0,0,0,0,1,1,1,1,1,1,1,1,1,1,1,1,0,0,0,1,1,1,1,0,1,0,1,1,1,1,1,1,1,1,1,0,1,1,1,1,1,0,1,1,0,0,0,0,0,0,1,0,1,1,0,1,1,1,1,0,1,1,0,0,0,0,0,0,0,0,0,0,0,1,0,0,1,0,0,1,1,0,1,1,1,1,1,1,0,0,0,0,1,1,0,1,1,1,1,1,1,1,1,1,1,1,0,1,2,3,1,1,1,0,1,1,1,1,1,1,1,1,1,0,1,0,0,0,0
Smit_cape,1,0,1,1,1,1,1,1,1,1,1,1,1,1,1,1,1,1,1,1,1,1,1,1,1,1,0,0,1,1,1,1,1,1,0,1,1,1,1,1,1,0,0,1,0,0,1,0,0,0,0,0,0,1,0,0,0,0,0,0,0,1,1,1,1,0,0,1,0,1,1,1,1,1,0,0,1,1,0,0,1,1,1,1,1,1,1,1,1,0,1,1,1,1,1,1,1,1,1,1,1,1,1,0,0,0,0,0,0,0,1,1,0,0,1,1,1,1,1,1,1,1,0,1,0,0,0,0,0,0,0,1,1,1,1,1,1,1,1,0,0,0,0,0,0,0,0,0,0,0,0,0,0,0,0,0,0,0,0,0,1,0,0,0,1,1,0,0,1,1,1,1,1,1,1,0,0,0,0,1,1,2,0,0,0,0,0,1,1,1,1,1,1,0,1,2,2,1,1,1,0,1,1,1,1,2,1,1,1,0,0,1,1,1,1,1
Smut_afri,0,0,0,1,1,1,1,1,1,1,1,1,1,1,1,1,0,1,1,1,1,1,1,1,1,1,0,0,1,1,1,1,1,1,0,0,0,0,0,0,0,0,0,0,0,1,0,0,1,0,0,0,1,1,0,1,1,1,0,0,0,2,0,1,1,0,0,1,1,1,1,1,1,1,0,0,1,1,0,0,1,1,2,1,1,1,1,1,1,1,1,1,1,1,1,1,1,1,1,1,1,1,1,0,0,0,1,0,1,1,0,0,0,0,1,1,1,1,1,1,1,1,0,0,1,1,1,1,0,1,1,1,1,1,1,1,2,1,1,1,2,0,1,1,1,1,1,1,1,1,1,0,0,0,0,1,1,0,0,0,2,0,0,1,0,0,1,0,1,1,1,1,1,1,1,1,1,0,0,1,1,2,1,1,1,1,1,1,1,1,1,1,1,0,1,2,1,1,1,1,0,1,1,1,2,1,1,1,1,1,0,1,1,0,0,0
Sous_chin,0,0,0,0,0,0,0,0,0,0,0,0,0,1,1,1,1,1,1,1,1,1,1,1,1,1,1,3,0,0,0,0,0,0,0,0,0,0,1,1,1,1,2,1,1,1,1,1,1,1,1,1,1,1,1,3,1,1,1,0,0,1,1,1,1,1,1,1,1,1,1,1,1,1,1,1,1,1,1,1,1,1,1,1,1,1,0,1,1,1,1,0,0,0,0,0,0,0,0,0,0,0,0,1,2,1,1,1,1,1,0,1,1,1,0,0,0,0,0,0,0,0,0,0,0,1,1,2,0,1,2,0,0,0,0,0,0,0,0,1,1,1,1,1,1,1,1,1,1,1,0,0,0,0,0,0,0,0,0,1,0,0,0,0,0,0,0,0,1,1,1,1,1,1,1,1,1,1,3,1,1,3,1,1,1,1,1,0,0,0,0,1,1,1,1,1,1,0,0,0,0,0,0,1,1,1,1,1,1,1,0,0,0,0,0,0
Spar_aura,1,0,1,1,1,1,1,1,1,1,0,1,1,1,1,1,1,0,1,1,0,0,1,0,1,2,3,4,1,0,1,1,1,1,0,0,2,1,1,1,1,3,3,1,3,1,2,2,1,1,2,2,1,0,1,0,1,2,1,0,2,1,1,0,0,2,2,1,2,0,0,0,1,0,2,2,1,0,3,0,0,1,0,1,1,1,1,0,0,2,0,1,1,0,1,1,1,0,1,1,0,0,1,3,3,4,1,1,1,1,1,1,2,2,0,0,0,0,0,0,0,1,0,0,0,1,1,1,2,1,1,0,0,1,1,0,1,0,0,0,0,1,0,0,0,0,1,0,0,0,0,2,2,0,0,2,1,0,0,1,0,1,1,1,2,0,0,1,1,1,0,1,1,1,1,1,0,1,0,0,0,0,1,1,1,1,1,0,1,1,0,0,0,1,1,0,0,0,1,0,2,0,1,2,0,0,1,1,1,2,1,0,0,1,1,1
Sper_daur,1,0,1,1,1,1,1,1,1,1,1,1,1,1,1,1,1,1,1,1,1,1,1,1,1,0,1,1,0,1,1,0,1,1,0,1,1,1,1,1,1,1,1,1,1,2,1,1,1,1,1,1,1,2,3,2,1,1,2,0,1,1,1,1,1,1,1,1,1,1,1,1,1,1,1,1,1,1,1,0,1,1,1,1,1,1,1,1,1,1,1,1,1,1,1,0,0,0,1,1,1,1,1,1,1,1,1,2,1,1,1,1,1,1,0,0,0,0,0,0,0,0,1,2,3,2,1,2,1,1,1,1,1,1,1,1,1,1,1,1,1,2,1,1,1,1,2,1,1,1,1,1,0,1,0,0,1,1,1,2,1,2,1,1,1,1,1,1,1,1,1,1,1,2,1,1,1,3,2,1,2,3,1,1,1,1,1,1,1,1,1,0,0,0,1,1,3,1,1,1,1,1,1,1,1,1,1,1,1,1,1,1,1,1,1,1
Spha_orbi,1,0,1,1,1,1,1,1,1,1,0,1,1,1,1,1,1,1,1,1,0,1,1,0,1,2,2,3,1,0,1,1,0,1,0,0,0,1,1,2,1,3,1,1,3,1,2,1,1,1,1,2,1,1,1,0,1,1,1,0,2,1,1,0,0,2,2,1,0,0,0,0,0,0,2,2,1,1,3,0,0,1,0,1,0,1,1,0,0,2,0,1,1,1,1,1,1,1,0,0,0,0,1,3,1,3,1,2,1,1,1,1,1,2,0,0,1,0,0,0,0,1,0,1,0,1,2,1,2,1,1,1,0,1,1,0,0,0,2,0,0,1,0,1,0,0,0,0,0,0,1,1,2,1,0,2,1,0,0,2,1,1,1,1,2,0,0,1,0,1,0,0,1,1,1,1,0,2,0,0,1,0,1,1,1,1,1,0,0,1,0,1,1,1,1,2,0,0,1,1,2,1,1,1,0,0,1,1,1,2,0,0,0,1,2,1
Sphe_punc,1,0,1,1,1,1,1,1,1,1,1,0,0,1,1,1,1,1,1,1,1,1,1,1,1,1,2,2,1,1,0,1,1,1,0,1,2,1,1,1,1,1,3,1,0,1,1,1,1,2,3,2,1,0,0,1,1,1,0,0,2,2,1,1,1,1,1,1,0,0,1,1,1,1,1,1,1,1,1,0,1,1,1,1,1,1,1,1,1,1,1,1,1,1,1,0,0,0,1,1,1,1,0,2,3,0,1,1,1,1,2,1,3,2,1,1,1,1,1,1,1,1,0,1,0,1,1,1,2,2,1,0,0,1,1,0,1,0,1,1,1,2,1,1,1,1,1,1,1,1,0,1,1,1,0,2,1,2,2,1,1,0,2,1,3,1,1,1,1,1,0,1,1,1,1,1,0,0,1,1,1,1,1,0,1,1,1,1,1,1,0,1,1,0,0,0,0,1,0,1,2,1,1,1,1,0,1,1,1,1,1,1,0,1,1,1
Spir_inte,0,0,0,0,0,0,0,0,0,0,0,0,0,0,0,0,0,0,0,0,0,0,0,0,0,0,0,0,0,0,0,0,0,0,0,0,0,0,0,1,0,0,0,0,0,0,0,0,0,0,0,0,0,0,0,0,0,0,0,0,0,0,0,0,0,0,0,0,0,0,0,0,0,0,0,0,0,0,0,0,0,0,0,0,0,0,0,0,0,0,0,0,0,0,0,1,1,1,0,0,1,0,0,0,0,0,0,0,0,0,0,0,0,0,0,0,0,0,0,0,0,0,0,0,0,0,0,0,0,0,0,0,0,0,0,0,0,0,0,0,0,0,0,0,0,0,0,0,0,0,0,0,0,0,0,0,0,0,0,0,0,0,0,0,0,0,0,0,0,0,0,0,0,0,0,0,0,0,0,0,0,0,0,0,0,0,0,0,0,0,0,0,0,0,0,0,0,0,0,0,0,0,0,0,0,0,0,0,0,0,0,0,0,0,0,0
Spiz_pass,1,0,1,0,0,0,0,0,0,0,1,1,1,0,1,0,0,1,0,0,0,0,0,0,0,0,0,0,1,1,1,1,1,1,0,1,1,1,0,1,0,0,0,0,0,0,0,0,0,0,0,0,0,0,0,0,0,0,0,0,0,0,0,0,0,0,0,0,0,1,0,0,0,0,0,0,0,0,0,0,0,0,0,0,0,0,0,0,0,0,0,0,0,0,0,0,0,0,0,0,0,0,0,0,0,0,0,0,0,0,0,0,0,0,1,1,1,1,1,1,1,1,0,1,1,0,0,0,0,0,0,0,0,0,0,0,0,0,0,0,0,1,1,0,0,1,1,0,0,1,0,1,0,0,1,0,1,0,0,0,0,0,0,0,0,1,0,0,0,0,0,0,1,1,1,0,0,0,0,1,1,0,1,1,0,1,0,1,0,1,0,1,1,0,1,2,0,0,0,0,0,0,0,0,1,1,1,0,1,1,0,0,1,0,0,0
Spiz_tyra,1,0,1,1,1,1,1,1,1,1,1,1,1,1,1,1,1,1,1,1,1,1,1,1,1,2,0,0,1,1,1,1,1,1,0,1,1,1,1,0,1,1,0,0,0,1,0,1,1,0,0,0,0,0,0,0,0,0,1,0,0,0,0,1,1,0,0,1,1,1,1,1,1,1,0,0,1,1,0,0,1,1,1,1,1,1,1,1,1,1,1,1,1,1,1,1,1,1,1,1,1,1,1,1,0,0,1,0,1,1,1,0,0,0,1,1,1,1,1,1,1,1,0,0,1,0,0,0,0,1,0,1,1,1,1,1,1,1,1,1,1,0,1,1,1,1,1,1,1,1,0,0,0,0,1,1,0,0,0,0,1,0,0,1,1,0,1,0,1,1,1,1,1,1,1,0,0,0,0,1,1,2,1,1,1,1,1,1,1,1,1,0,0,0,1,2,1,1,1,1,0,1,1,0,1,1,0,0,0,0,0,1,1,0,0,0
Stea_cari,0,0,0,1,0,1,1,1,1,1,1,1,1,1,1,1,1,1,1,1,1,1,1,1,1,0,0,0,1,1,1,1,1,1,0,1,1,1,0,0,0,0,0,0,0,0,0,2,1,0,1,0,0,0,0,0,0,0,0,0,0,1,0,1,1,0,0,1,2,0,1,1,1,1,0,0,1,1,0,0,1,1,1,1,1,1,1,1,1,1,1,1,1,1,1,1,1,1,1,1,1,1,1,0,0,0,1,0,1,0,1,0,1,0,1,1,1,1,1,1,1,1,0,0,1,0,0,0,0,0,0,1,1,1,1,1,1,1,1,1,1,0,1,1,1,1,1,1,1,0,0,0,0,0,1,0,0,0,0,0,1,0,0,1,1,2,1,1,1,1,1,1,1,1,1,0,0,0,0,1,1,2,1,1,1,1,1,1,1,1,1,0,0,0,1,2,1,1,1,1,0,1,1,0,1,1,0,0,0,0,0,1,1,1,1,1
Steg_mimo,0,0,0,0,0,0,0,0,0,0,0,0,0,0,0,0,0,0,0,0,0,0,0,0,0,0,1,0,0,0,0,0,0,0,0,0,0,0,0,0,0,0,0,0,0,0,1,0,0,1,0,0,0,0,0,0,0,0,0,0,0,0,0,0,0,0,0,0,0,0,0,0,0,0,0,0,0,0,0,0,0,0,0,0,0,0,0,0,0,0,0,0,0,0,0,0,0,0,0,0,0,0,0,0,0,0,0,0,0,0,1,0,0,0,0,0,0,0,0,0,0,0,0,0,0,0,0,0,0,0,0,0,0,0,0,0,0,0,0,0,0,0,0,0,0,0,0,0,0,0,0,0,0,0,0,0,0,0,0,0,0,0,0,0,0,0,0,0,0,0,0,0,0,0,0,0,0,0,0,0,0,0,0,0,0,0,0,0,0,0,0,1,0,0,0,0,0,0,0,0,0,0,0,0,0,0,0,0,0,0,0,0,0,0,0,0
Stei_carp,1,0,0,0,0,0,0,0,0,0,0,0,0,0,0,0,0,0,0,0,0,0,0,0,0,0,0,0,0,0,0,0,0,0,0,0,0,0,0,0,0,0,0,0,0,0,0,0,0,0,0,0,0,0,0,0,0,0,0,0,0,0,0,0,0,0,0,0,0,0,0,0,0,0,0,0,0,0,0,0,0,0,0,0,0,0,0,0,0,0,0,0,0,0,0,0,0,0,0,0,0,0,0,0,0,0,0,0,0,0,0,0,0,0,0,0,0,0,0,0,0,0,0,0,0,0,0,0,0,0,0,0,0,0,0,0,0,0,0,0,0,0,0,0,0,0,0,0,0,0,0,0,0,0,0,0,0,0,0,0,0,0,0,0,0,0,0,0,0,0,0,0,0,0,0,0,0,0,0,0,0,0,0,0,0,0,0,0,0,0,0,0,0,0,0,0,0,0,0,0,0,0,0,0,0,0,0,0,0,0,0,0,0,0,0,0
Ster_denn,1,0,1,1,0,1,1,1,1,1,1,1,1,1,1,1,0,1,1,1,1,1,1,1,1,1,0,0,1,1,0,1,1,0,0,1,1,1,1,0,1,0,0,1,0,1,1,0,1,0,0,0,0,0,0,0,0,0,0,0,0,0,1,1,1,0,0,1,2,1,1,0,1,1,0,0,1,1,0,0,1,1,1,1,1,1,1,1,1,1,1,1,1,1,1,1,1,1,1,1,1,1,1,0,0,0,1,0,0,1,0,1,0,0,1,1,1,1,1,1,1,1,0,1,1,0,0,0,0,0,0,1,1,1,1,1,1,2,1,1,1,0,1,1,1,1,1,1,1,0,0,0,0,1,1,2,0,1,1,1,1,0,1,1,1,1,2,2,1,1,1,1,1,1,1,0,0,0,0,1,1,0,0,0,0,0,0,1,1,1,1,0,0,0,1,2,1,1,1,1,0,1,1,1,1,1,1,1,1,1,0,1,1,1,1,1
Ster_para,1,0,1,1,0,1,1,1,1,1,1,1,1,1,1,1,1,1,1,1,1,1,1,1,1,1,0,0,1,1,1,1,1,1,0,1,1,1,1,1,1,0,0,0,0,0,0,0,1,0,0,0,0,0,0,0,0,0,1,0,0,1,0,1,1,0,0,1,1,1,1,1,1,1,0,0,1,1,0,0,1,1,1,1,1,1,1,1,1,1,1,1,1,1,1,1,1,1,1,1,1,1,1,0,0,0,1,0,0,0,1,0,0,0,1,1,1,1,1,1,1,1,0,0,1,0,0,0,0,0,0,1,1,1,1,1,1,1,1,1,1,0,1,1,1,1,1,1,1,0,0,0,0,0,1,0,0,0,0,0,1,0,0,1,1,2,1,0,1,1,1,1,1,1,1,0,0,0,0,1,1,0,1,1,1,1,1,1,1,1,1,1,1,0,1,2,1,1,1,1,0,1,1,0,1,1,0,0,0,0,0,1,1,0,0,0
Stic_japo,0,0,0,0,0,0,0,0,0,0,0,0,0,0,0,0,0,0,0,0,0,0,0,0,0,0,0,0,0,0,0,0,0,0,0,0,0,0,0,2,0,0,1,0,0,0,0,1,0,1,1,1,0,0,0,0,0,0,0,0,0,0,0,0,0,0,0,0,0,0,0,0,0,0,0,0,0,0,0,0,0,0,0,0,0,0,0,0,0,0,0,0,0,0,0,0,0,0,0,0,0,0,0,0,1,0,0,0,1,0,1,0,1,1,0,0,0,0,0,0,0,0,0,0,0,0,0,0,0,0,0,0,0,0,0,0,0,0,0,0,0,0,0,0,0,0,0,0,0,0,0,0,0,0,0,0,0,0,0,0,0,0,0,0,0,0,0,0,0,0,0,0,0,0,0,0,0,0,0,0,0,0,0,0,1,0,1,0,0,0,0,0,2,0,0,0,0,0,0,0,0,0,0,0,0,0,0,0,0,0,0,0,0,0,1,0
Stre_albu,0,0,0,0,0,0,0,0,0,0,0,0,0,0,0,0,0,0,0,0,0,0,0,0,0,0,0,0,0,0,0,0,0,0,0,0,0,0,0,0,0,0,0,0,0,0,0,0,0,0,0,0,0,0,0,0,0,0,0,0,0,0,0,0,0,0,0,0,0,0,0,0,0,0,0,0,0,0,0,1,0,0,0,0,0,0,0,0,0,0,0,0,0,0,0,0,0,0,0,0,0,0,0,0,0,0,0,0,0,0,0,0,0,0,0,0,0,0,0,0,0,0,0,0,0,0,0,0,0,0,0,0,0,0,0,0,0,0,0,0,0,0,0,0,0,0,0,0,0,0,0,0,0,0,0,0,0,0,0,0,0,0,0,0,0,0,0,0,0,0,0,0,0,0,0,0,0,0,0,0,0,0,0,0,0,0,0,0,0,0,0,0,0,0,0,0,0,0,0,0,0,0,0,0,0,0,0,0,0,0,0,0,0,0,0,0
Stre_spXS,0,1,0,0,0,0,0,0,0,0,0,0,0,0,0,0,0,0,0,0,0,0,0,0,0,0,0,0,0,0,0,0,0,0,0,0,0,0,0,0,0,0,0,0,0,0,0,0,0,0,0,0,0,0,0,0,0,0,0,0,0,0,0,0,0,0,0,0,0,0,0,0,0,0,0,0,0,0,0,0,0,0,0,0,0,0,0,0,0,0,0,0,0,0,0,0,0,0,0,0,0,0,0,0,0,0,0,0,0,0,0,0,0,0,0,0,0,0,0,0,0,0,0,0,0,0,0,0,0,0,0,0,0,0,0,0,0,0,0,0,0,0,0,0,0,0,0,0,0,0,0,0,0,0,0,0,0,0,0,0,0,0,0,0,0,0,0,0,0,0,0,0,0,0,0,0,0,0,0,0,0,0,0,0,0,0,0,0,0,0,0,0,0,0,0,0,0,0,0,0,0,0,0,0,0,0,0,0,0,0,0,0,0,0,0,0
Stri_habr,1,0,1,2,2,2,2,2,2,2,1,1,1,1,1,1,1,1,1,1,1,1,0,1,1,0,0,2,1,1,1,1,1,1,1,1,1,1,1,1,1,0,2,0,0,1,0,1,1,0,0,0,0,0,0,0,1,1,0,0,1,0,1,1,1,1,1,1,2,2,1,1,1,1,1,1,1,1,1,0,1,1,2,1,1,1,1,1,1,1,1,0,0,1,1,2,2,2,0,0,0,0,1,0,2,0,1,0,1,1,0,0,0,0,1,1,1,1,1,1,1,1,0,1,1,1,1,1,1,1,1,2,1,1,1,1,1,1,1,1,1,1,1,1,1,1,1,1,1,1,0,1,0,0,1,2,0,1,1,1,1,1,1,2,1,1,2,1,1,1,1,1,1,1,1,0,0,0,0,1,1,3,1,1,1,1,1,1,1,1,1,1,1,0,1,2,1,1,1,1,1,1,1,1,1,0,1,1,0,1,1,1,1,1,1,1
Stri_mari,0,0,0,0,1,0,0,0,0,0,0,0,0,0,0,0,0,0,0,0,0,0,0,0,0,0,0,0,0,0,0,0,0,0,0,0,0,0,0,1,0,0,0,0,1,0,0,1,0,1,0,1,0,0,0,0,0,0,1,0,0,0,0,0,0,0,0,0,0,0,0,0,0,0,0,0,0,0,0,0,0,0,0,0,0,0,0,0,0,0,0,0,0,0,0,0,0,0,0,0,0,0,0,0,0,0,0,0,0,0,1,0,0,1,0,0,0,0,0,0,0,0,0,0,0,0,0,0,0,0,0,0,0,0,0,0,0,0,0,0,0,0,0,0,0,0,0,0,0,0,0,0,0,0,0,0,0,0,0,0,0,0,0,0,0,0,0,0,0,0,0,0,0,0,0,0,0,0,0,0,0,0,0,0,0,0,0,0,0,0,0,1,1,0,0,0,0,0,0,0,0,0,0,0,0,0,0,0,0,0,0,0,0,0,0,0
Stri_occi,0,0,0,1,1,1,1,1,1,1,1,0,0,1,1,1,1,1,1,1,1,1,1,1,1,0,0,0,1,1,1,1,1,1,0,0,1,1,1,1,0,0,2,1,0,2,0,2,2,0,1,1,0,0,0,1,1,1,0,0,1,0,0,1,1,1,1,0,0,0,1,0,1,1,1,1,1,1,1,1,1,1,1,1,1,1,1,1,1,1,1,1,1,1,1,1,1,1,1,1,1,1,1,0,2,0,2,1,2,2,1,1,1,1,1,1,1,1,1,1,1,1,0,2,1,1,1,1,1,1,1,2,1,1,1,1,1,1,1,1,1,2,1,1,1,1,1,1,1,2,0,2,0,1,2,0,2,0,0,0,2,2,0,1,0,2,1,1,1,1,1,0,1,1,1,0,0,1,1,1,1,1,1,1,1,1,1,1,1,1,1,1,1,0,1,0,2,1,0,1,0,0,0,1,1,0,1,1,1,0,1,1,1,1,1,1
Stro_purp,0,0,0,0,0,0,0,0,0,0,0,0,0,0,0,0,0,0,0,0,0,0,0,0,0,0,0,0,0,0,0,0,0,1,0,0,0,0,0,1,0,0,0,0,0,0,0,1,0,1,1,1,0,0,0,0,0,0,0,0,0,0,0,0,0,0,0,0,0,0,0,0,0,0,0,0,0,0,0,0,0,0,0,0,0,0,0,0,0,0,0,0,0,0,0,0,0,0,0,0,0,0,0,0,0,0,0,1,1,0,1,0,1,1,0,0,0,0,0,0,0,0,0,0,0,0,0,0,0,0,0,0,0,0,0,0,0,0,0,0,0,0,0,0,0,0,0,0,0,0,0,0,0,0,0,0,0,0,0,0,0,0,0,0,0,0,0,0,0,0,0,0,0,0,0,0,0,0,0,0,0,0,1,1,1,1,1,0,0,0,0,0,0,0,0,0,0,0,0,0,0,0,0,0,0,0,0,0,0,0,0,0,0,1,1,0
Stro_ratt,1,0,0,0,0,0,0,0,0,0,0,0,0,0,0,0,0,0,0,0,0,0,0,0,0,0,0,0,0,0,0,0,0,0,0,0,0,0,0,0,0,0,0,0,0,0,0,0,0,0,0,0,0,0,0,0,0,0,0,0,0,0,0,0,0,0,0,0,0,0,0,0,0,0,0,0,0,0,0,0,0,0,0,0,0,0,0,0,0,0,0,0,0,0,0,0,0,0,0,0,0,0,0,0,0,0,0,0,0,0,0,0,0,0,0,0,0,0,0,0,0,0,0,0,0,0,0,0,0,0,0,0,0,0,0,0,0,0,0,0,0,0,0,0,0,0,0,0,0,0,0,0,0,0,0,0,0,0,0,0,0,0,0,0,0,0,0,0,0,0,0,0,0,0,0,0,0,0,0,0,0,0,0,0,0,0,0,0,0,0,0,0,0,0,0,0,0,0,0,0,0,0,0,0,0,0,0,0,0,0,0,0,0,0,0,0
Stro_vene,0,0,1,0,0,0,0,0,0,0,0,0,0,0,0,0,0,0,0,0,0,0,0,0,0,0,0,0,0,0,0,0,0,0,0,0,0,0,0,0,0,0,0,0,0,0,0,0,0,0,0,0,0,0,0,0,0,0,0,0,0,0,0,0,0,0,0,0,0,0,0,0,0,0,0,0,0,0,0,0,0,0,0,0,0,0,0,0,0,0,0,0,0,0,0,0,0,0,0,0,0,0,0,0,0,0,0,0,0,0,0,0,0,0,0,0,0,0,0,0,0,0,0,0,0,0,0,0,0,0,0,0,0,0,0,0,0,0,0,0,0,0,0,0,0,0,0,0,0,0,0,0,0,0,0,0,0,0,0,0,0,0,0,0,0,0,0,0,0,0,0,0,0,0,0,0,0,0,0,0,0,0,0,0,0,0,0,0,0,0,0,0,0,0,0,0,0,0,0,0,0,0,0,0,0,0,0,0,0,0,0,0,0,0,0,0
Stru_came,1,0,1,1,0,1,1,1,1,1,1,1,1,1,1,1,0,1,1,1,1,1,1,1,1,0,0,2,1,1,1,1,1,1,0,1,1,1,1,0,1,1,0,0,0,1,0,0,1,0,0,0,1,0,0,1,1,1,1,0,0,0,1,1,1,1,1,0,0,0,0,0,1,1,1,1,0,0,0,0,0,0,0,0,0,0,0,0,0,0,0,1,1,1,1,1,1,1,1,1,1,1,1,0,0,0,1,0,0,1,0,0,0,0,1,1,0,1,1,1,1,1,0,0,1,1,1,1,0,1,1,1,1,1,1,1,1,1,1,0,0,0,0,0,0,0,0,0,0,1,0,1,1,2,1,3,1,2,2,1,0,0,2,1,3,0,1,2,1,1,1,1,1,0,1,1,0,0,1,0,0,0,1,1,1,1,1,1,1,0,1,1,1,0,0,0,0,1,1,1,0,1,1,1,2,2,0,1,1,1,1,1,1,1,1,1
Stru_cine,1,0,1,1,1,1,1,1,1,1,1,1,1,1,1,1,1,1,1,1,1,1,1,1,1,1,0,0,1,1,1,1,1,1,0,1,1,1,0,0,0,0,0,1,0,0,0,0,0,0,0,0,0,0,0,0,1,1,0,0,1,1,1,1,1,0,0,1,2,1,1,1,1,1,0,0,1,1,0,0,1,1,1,1,1,1,1,1,1,1,1,1,1,1,1,1,1,1,1,1,1,1,1,0,0,0,0,1,1,0,1,1,0,0,1,1,1,1,1,1,1,1,1,1,1,1,1,1,1,1,1,1,1,1,1,1,1,1,1,1,1,0,1,1,1,1,1,1,1,0,1,0,0,1,2,2,0,1,1,1,2,0,1,2,1,1,2,1,1,1,1,1,1,1,1,0,0,0,0,1,1,2,0,0,0,0,0,1,1,1,1,1,1,0,1,2,3,1,1,1,1,1,1,1,1,1,1,1,1,1,0,1,1,0,0,0
Styl_pist,0,0,0,0,0,0,0,0,0,0,1,0,0,0,0,0,0,0,0,0,0,0,0,0,0,0,0,0,0,0,0,0,0,0,0,0,0,0,0,1,0,0,1,0,0,0,0,0,0,0,0,0,0,0,0,0,0,0,0,0,0,0,0,0,0,1,0,0,0,0,0,0,0,0,0,0,0,0,0,0,0,0,0,0,0,0,0,0,0,0,0,0,0,0,0,0,0,0,0,0,0,0,0,0,0,0,0,0,0,0,0,0,0,0,0,0,0,0,0,0,0,0,0,0,0,0,0,0,0,0,0,0,0,0,0,0,0,0,0,0,0,0,0,0,0,0,0,0,0,0,0,0,0,0,0,0,0,0,0,0,0,0,0,0,0,0,0,0,0,0,0,0,0,0,0,0,0,0,0,0,0,0,0,0,0,0,0,0,0,0,0,0,1,0,0,0,0,0,0,0,0,0,0,0,0,0,0,0,0,0,0,0,0,0,1,0
Sula_dact,1,0,1,0,1,1,1,1,1,1,1,1,1,0,1,1,0,1,0,1,0,1,0,1,1,0,0,0,1,1,1,1,1,1,0,1,1,1,1,0,1,1,3,2,0,1,1,2,2,0,2,1,0,0,0,0,0,0,0,0,0,0,0,0,0,0,1,0,1,1,0,0,0,0,0,1,1,1,0,0,1,1,1,1,1,1,1,1,1,1,1,0,0,0,0,1,1,1,0,0,0,0,0,1,3,0,1,2,1,1,0,2,1,1,1,1,1,1,1,1,1,1,0,0,0,0,0,0,0,0,0,1,1,1,1,1,1,1,1,1,1,0,1,1,1,1,1,1,1,1,0,0,0,0,1,0,0,0,0,0,1,0,0,1,0,0,1,1,1,1,1,1,1,0,1,0,0,0,0,1,1,2,1,1,1,1,1,1,1,1,1,0,0,0,1,1,1,0,0,0,0,0,0,1,2,2,0,1,1,1,1,1,1,0,0,0
Suri_suri,1,0,1,1,1,1,1,1,1,1,1,1,1,1,1,1,1,1,1,1,1,1,1,1,1,1,1,3,1,1,1,1,1,1,1,1,1,1,1,1,0,1,1,1,1,1,1,1,1,2,1,1,4,4,4,4,1,1,2,1,1,1,1,1,1,1,1,1,1,1,1,1,1,1,1,1,1,1,0,0,1,0,1,1,1,1,1,1,1,1,1,1,1,1,1,1,1,1,1,1,1,1,1,1,1,1,1,1,1,1,1,1,1,1,0,1,1,0,1,1,1,1,1,2,3,1,0,1,1,0,1,1,1,1,1,1,1,1,1,1,1,1,1,1,1,1,1,1,1,2,1,2,2,2,1,1,1,2,1,2,1,3,1,1,3,1,1,1,1,1,1,0,1,1,1,4,4,4,4,1,1,3,1,1,1,1,1,1,1,1,1,1,1,1,1,1,1,1,1,1,1,1,1,1,1,1,2,1,1,1,2,1,1,1,2,1
SusX_scro,1,1,1,1,1,1,1,1,1,1,1,1,1,1,1,1,1,1,1,1,1,1,1,1,1,1,1,1,1,1,1,1,1,0,0,1,1,1,1,1,1,1,3,3,3,4,3,3,3,3,3,3,5,5,3,3,1,1,2,1,3,1,1,1,1,2,1,1,1,1,1,1,1,1,2,1,1,1,1,1,1,1,0,1,1,1,1,1,1,1,1,1,1,1,1,1,1,1,1,1,1,1,1,1,3,3,4,4,3,2,2,3,3,3,1,1,1,1,1,1,1,1,1,2,2,1,1,1,2,2,2,1,1,1,1,1,1,1,1,1,1,1,1,1,1,1,1,1,1,2,3,0,1,2,1,3,0,2,2,1,1,1,2,1,3,1,1,1,1,1,1,1,1,1,1,5,4,1,4,1,2,1,1,1,1,1,1,1,1,1,1,1,1,1,1,1,1,1,1,1,3,1,1,1,1,1,2,1,1,1,1,1,1,1,1,1
Sylv_atri,1,0,1,1,0,1,1,1,1,1,1,1,1,1,1,1,1,1,1,1,1,1,1,1,1,1,0,0,1,1,1,1,1,0,0,1,1,1,1,0,1,0,0,1,0,0,1,0,0,0,0,0,0,0,0,0,0,1,0,0,0,1,1,1,1,0,0,1,0,1,0,0,1,1,0,0,1,1,0,0,1,1,1,1,1,1,1,1,1,0,1,1,1,1,1,1,1,1,1,1,1,1,1,0,0,0,0,0,1,0,0,1,0,0,1,1,1,1,1,1,1,1,0,1,1,1,1,1,0,1,1,1,1,1,1,1,1,2,1,1,1,1,1,1,1,1,1,1,1,0,0,0,0,0,1,0,0,0,0,0,0,0,0,1,1,1,0,1,1,1,1,1,1,1,1,0,0,0,0,1,1,2,0,0,0,0,0,1,1,1,1,1,1,0,1,2,1,1,1,1,0,1,1,1,1,2,1,1,1,1,0,1,1,0,0,0
Sylv_bori,1,0,1,1,1,1,1,1,1,1,1,1,1,1,1,1,0,1,1,1,1,1,1,1,1,1,0,0,1,1,0,1,1,0,0,1,1,1,1,0,1,0,0,1,0,1,1,0,1,0,0,0,0,0,0,0,0,0,0,0,0,1,1,1,1,0,0,1,1,1,1,1,1,1,0,0,1,1,0,0,1,1,1,1,1,1,1,1,1,1,1,1,1,1,1,1,1,1,1,1,1,1,1,0,0,0,1,1,1,1,0,1,0,0,1,1,1,1,1,1,1,1,0,1,1,0,0,0,0,0,0,1,1,1,1,1,1,2,1,1,1,1,1,1,1,1,1,1,1,0,0,1,0,1,1,0,0,0,0,0,1,0,0,0,0,2,0,1,1,1,1,1,1,0,1,0,0,0,0,1,1,2,0,0,0,0,0,1,1,1,1,0,0,0,1,0,0,1,1,1,0,1,1,1,1,1,1,1,1,1,0,1,1,1,1,1
Sylv_vire,1,0,1,1,0,1,1,1,1,1,1,1,1,1,1,1,1,1,1,1,1,1,1,1,1,0,0,0,1,1,1,1,1,0,0,0,0,0,0,0,0,0,0,1,0,0,1,1,0,0,0,0,0,0,0,0,0,0,1,0,0,1,1,1,1,1,1,1,3,2,1,1,1,1,1,1,1,1,0,0,1,1,1,1,1,1,1,1,1,0,1,1,1,1,1,1,1,1,0,1,0,1,1,0,0,0,0,0,1,1,1,1,0,0,1,1,1,1,1,1,1,1,0,0,1,0,0,0,0,0,0,1,2,1,1,1,1,1,1,1,1,1,1,1,1,1,1,1,1,0,0,0,0,1,2,2,0,1,1,1,1,0,1,2,1,1,1,1,1,1,1,1,1,1,1,0,0,0,0,0,0,2,1,1,1,1,1,1,1,1,1,1,1,0,1,2,1,1,1,1,0,1,1,1,1,2,1,1,1,1,0,1,1,0,0,0
Symb_pilo,0,1,0,0,0,0,0,0,0,0,0,0,0,0,0,0,0,0,0,0,0,0,0,0,0,0,0,0,0,0,0,0,0,0,0,0,0,0,0,0,0,0,0,0,0,0,0,0,0,0,0,0,0,0,0,0,0,0,0,0,0,0,0,0,0,0,0,0,0,0,0,0,0,0,0,0,0,0,0,0,0,0,0,0,0,0,0,0,0,0,0,0,0,0,0,0,0,0,0,0,0,0,0,0,0,0,0,0,0,0,0,0,0,0,0,0,0,0,0,0,0,0,0,0,0,0,0,0,0,0,0,0,0,0,0,0,0,0,0,0,0,0,0,0,0,0,0,0,0,0,0,0,0,0,0,0,0,0,0,0,0,0,0,0,0,0,0,0,0,0,0,0,0,0,0,0,0,0,0,0,0,0,0,0,0,0,0,0,0,0,0,0,0,0,0,0,0,0,0,0,0,0,0,0,0,0,0,0,0,0,0,0,0,0,0,0
Syrr_para,1,0,1,0,0,0,0,0,0,0,1,1,1,1,1,1,1,1,1,1,1,1,1,1,1,0,0,0,1,1,1,1,1,1,0,1,1,1,1,1,1,0,0,0,0,0,0,1,0,0,0,0,0,1,0,0,0,0,0,0,0,0,0,0,0,0,1,1,0,1,0,0,0,0,0,1,1,1,0,0,1,1,1,1,1,1,1,1,1,1,1,1,1,1,1,0,0,0,1,1,1,1,1,0,0,0,1,0,0,0,1,0,1,0,1,1,1,1,1,1,1,1,0,0,1,0,0,0,0,0,0,0,0,1,1,1,1,1,0,0,1,0,0,0,0,1,1,0,0,0,1,0,0,0,0,0,0,0,0,0,2,0,0,0,0,1,0,0,1,1,1,1,0,0,1,0,1,0,0,1,1,2,1,1,1,1,1,1,1,1,1,1,1,0,1,2,1,0,0,0,0,0,0,1,2,1,1,1,1,1,1,1,1,0,0,0
Tach_rubr,1,0,1,1,0,1,1,1,1,1,1,1,1,0,0,0,0,0,0,0,0,0,0,0,0,0,0,0,1,1,1,1,1,1,0,1,1,1,1,0,1,0,0,0,0,0,0,0,0,0,0,0,1,1,0,1,1,1,0,0,0,1,1,1,1,0,0,1,1,0,1,1,1,1,0,0,1,1,0,0,1,1,1,1,1,1,1,1,1,0,1,0,0,0,0,1,1,1,0,0,0,0,0,0,0,0,0,0,0,0,0,0,0,0,1,1,1,1,1,1,1,1,1,0,0,1,1,1,0,1,1,1,1,1,1,1,1,1,1,1,1,1,1,1,1,1,1,1,1,1,1,1,1,1,2,1,2,1,1,0,0,1,1,0,0,2,1,1,1,1,1,1,1,1,1,1,1,1,1,1,1,2,0,0,0,0,0,1,1,1,1,1,1,0,1,2,1,1,1,1,0,1,1,1,1,2,1,1,1,1,0,1,1,1,1,1
Taen_gutt,1,0,0,1,1,1,1,1,1,1,1,0,0,1,1,1,1,1,1,1,1,1,1,1,1,1,1,0,1,1,1,1,1,1,1,1,1,1,0,1,0,1,1,3,1,1,3,2,1,1,2,2,1,0,0,1,1,1,0,0,2,2,1,1,1,1,1,3,4,2,2,2,1,1,1,1,1,1,1,0,1,1,1,1,1,1,1,1,1,1,1,1,1,1,1,1,1,1,1,1,1,1,1,1,1,1,1,2,2,1,2,3,2,2,1,1,1,1,1,1,1,1,0,0,2,1,0,0,2,1,0,1,1,1,1,1,1,1,1,1,1,1,1,1,1,1,1,1,1,1,1,1,1,3,2,3,2,1,2,1,0,1,2,1,1,2,2,3,0,1,1,0,1,1,1,1,1,0,1,1,1,1,1,1,1,1,1,1,1,1,1,1,1,0,1,2,1,1,1,1,1,1,1,1,1,2,1,1,1,1,1,1,2,1,1,1
Taki_bima,1,0,1,1,1,0,1,1,0,1,0,1,1,1,0,1,3,0,0,0,1,0,1,0,0,2,1,3,0,0,0,0,0,1,0,1,0,1,0,1,0,3,1,1,3,0,1,1,1,1,1,1,1,0,2,0,1,1,1,0,1,1,1,0,0,1,1,1,0,1,0,0,0,0,1,1,0,1,3,0,2,1,0,1,0,0,0,0,0,2,0,1,0,0,1,1,1,1,1,0,0,1,1,3,3,3,0,1,1,1,1,1,1,1,0,0,0,0,0,0,0,1,0,0,0,1,0,1,1,1,1,1,0,0,2,0,1,0,0,0,0,1,0,0,0,0,0,0,0,0,0,1,0,0,0,2,2,0,0,1,1,1,0,0,2,1,0,0,0,0,0,0,0,1,0,1,0,1,0,0,0,0,1,1,1,1,1,0,0,0,0,1,1,1,0,2,0,0,1,1,2,0,1,0,2,0,1,1,1,1,0,0,0,0,0,0
Taki_flav,1,0,1,0,1,1,1,0,0,0,0,0,0,1,1,1,1,0,1,0,1,0,1,0,1,2,2,3,0,0,1,0,0,1,0,1,0,0,1,1,1,2,3,1,2,0,1,1,1,1,1,2,1,1,2,0,0,0,0,0,0,0,0,0,0,1,1,1,2,1,0,0,0,0,1,1,0,0,1,0,1,1,0,1,0,0,0,0,0,0,0,1,0,0,1,1,1,0,1,1,0,0,1,2,3,2,0,1,1,1,1,1,1,1,0,0,0,0,0,0,0,1,0,0,0,3,1,1,0,1,1,0,0,0,1,0,0,0,0,0,0,1,0,0,0,0,0,0,0,0,0,1,1,0,0,2,1,0,0,1,0,1,0,0,0,1,0,0,0,0,0,0,0,1,0,1,0,1,0,0,0,0,1,0,0,1,0,0,0,0,0,1,1,1,0,2,2,0,1,1,1,0,0,2,1,0,1,1,1,1,1,0,0,0,0,0
Taki_rubr,1,0,1,1,1,1,0,0,0,0,0,1,1,1,1,1,3,0,1,1,1,0,1,0,1,2,2,3,0,0,1,0,0,1,0,1,0,0,1,1,1,3,1,1,4,0,1,1,1,1,1,2,1,0,1,0,1,2,1,0,2,1,1,0,0,1,1,1,2,1,0,0,0,0,1,1,1,1,3,0,2,0,0,0,0,0,1,0,0,2,0,1,0,0,1,0,0,0,1,0,0,1,1,2,3,4,0,1,1,1,1,1,1,1,0,0,0,0,0,0,0,1,0,0,0,2,1,1,2,1,1,0,0,0,1,0,1,0,0,0,0,1,0,0,0,0,0,0,0,0,0,1,1,0,0,2,1,0,0,0,0,1,0,1,2,0,0,1,0,0,0,0,0,1,0,1,0,1,0,0,0,0,1,1,1,1,1,0,0,0,0,0,1,1,0,2,0,0,1,1,2,0,1,2,1,0,1,1,1,1,1,0,0,0,1,0
Taur_eryt,0,0,0,0,0,0,0,0,0,0,0,0,0,0,0,1,0,1,1,1,0,1,0,1,1,0,0,0,1,1,1,1,1,1,0,1,1,1,1,0,1,0,0,1,0,0,1,0,1,0,0,0,1,0,0,1,0,0,0,0,0,1,0,1,1,0,1,0,0,0,0,0,1,1,0,1,0,0,0,0,0,0,0,0,0,0,0,0,0,0,0,1,1,1,1,0,0,0,1,1,1,1,1,0,0,0,0,1,0,1,0,1,0,0,1,1,1,1,1,1,1,1,0,1,1,0,0,0,0,0,0,2,0,0,0,1,1,1,0,1,1,1,1,1,1,1,1,1,1,1,2,1,1,1,2,1,1,1,1,0,1,0,1,1,2,0,1,1,1,1,1,0,0,0,0,1,1,0,1,1,1,0,0,0,0,0,0,1,1,0,1,1,1,0,0,0,0,1,1,1,0,1,1,1,0,0,0,1,0,1,1,1,1,0,0,0
Temn_curv,0,0,0,0,0,0,0,0,0,0,0,0,0,0,0,0,0,0,0,0,0,0,0,0,0,0,1,0,0,0,0,0,0,1,0,0,0,0,0,0,0,1,1,0,0,0,0,0,0,0,1,0,0,0,0,0,0,0,0,0,0,0,0,0,0,0,0,0,0,0,0,0,0,0,0,0,0,0,0,0,0,0,0,0,0,0,0,0,0,0,0,0,0,0,0,0,0,0,0,0,0,0,0,1,1,0,0,0,0,0,0,0,0,1,0,0,0,0,0,0,0,0,0,1,0,0,0,0,0,0,0,0,0,0,0,0,0,0,0,0,0,0,0,0,0,0,0,0,0,0,0,0,0,0,0,0,0,0,0,0,0,0,0,0,0,0,0,0,0,0,0,0,0,0,0,0,0,0,0,0,0,0,0,0,0,0,0,0,0,0,0,0,0,0,0,0,0,0,0,0,0,0,0,0,0,0,0,0,0,0,0,0,0,0,0,0
Temn_long,0,0,0,0,0,0,0,0,0,0,0,0,0,0,0,0,0,0,0,0,0,0,0,0,0,0,1,0,0,0,0,0,0,1,0,0,0,0,0,0,0,1,1,0,0,0,0,0,0,0,1,0,0,0,0,0,0,0,0,0,0,0,0,0,0,0,0,0,0,0,0,0,0,0,0,0,0,0,0,0,0,0,0,0,0,0,0,0,0,0,0,0,0,0,0,0,0,0,0,0,0,0,0,1,1,0,0,0,0,0,0,0,0,0,0,0,0,0,0,0,0,0,0,0,0,0,0,0,0,0,0,0,0,0,0,0,0,0,0,0,0,0,0,0,0,0,0,0,0,0,0,0,0,0,0,0,0,0,0,0,0,0,0,0,0,0,0,0,0,0,0,0,0,0,0,0,0,0,0,0,0,0,0,0,0,0,0,0,0,0,0,0,0,0,0,0,0,0,0,0,0,0,0,0,0,0,0,0,0,0,0,0,0,0,0,0
Tene_moli,0,0,0,0,0,0,0,0,0,0,0,0,0,0,0,0,0,0,0,0,0,0,0,0,0,0,1,0,0,0,0,0,0,0,0,0,0,0,0,0,0,0,0,0,0,0,0,0,0,1,0,0,0,0,0,0,0,0,0,0,0,0,0,0,0,0,0,0,0,0,0,0,0,0,0,0,0,0,0,0,0,0,0,0,0,0,0,0,0,0,0,0,0,0,0,0,0,0,0,0,0,0,0,0,0,0,0,0,0,0,1,0,0,0,0,0,0,0,0,0,0,0,0,1,0,0,0,0,0,0,0,0,0,0,0,0,0,0,0,0,0,0,0,0,0,0,0,0,0,0,0,0,0,0,0,0,0,0,0,0,0,0,0,0,0,0,0,0,0,0,0,0,0,0,0,0,0,0,0,0,0,0,0,0,0,0,0,0,0,0,0,0,0,0,0,0,0,0,0,0,0,0,0,0,0,0,0,0,0,0,0,0,0,0,0,0
Terr_caro,0,1,0,1,1,1,1,1,1,1,1,1,1,1,1,1,1,1,1,1,2,1,1,1,1,0,1,0,1,1,1,1,1,1,0,1,1,1,1,1,1,2,2,0,0,1,0,1,2,2,2,0,1,1,0,1,1,1,0,0,1,1,0,2,2,2,2,0,0,0,1,0,2,2,2,2,1,1,1,0,1,1,1,1,1,1,0,1,1,1,1,1,1,1,1,0,0,0,1,1,1,1,1,2,2,0,1,0,1,2,1,0,2,0,1,1,1,1,1,1,1,1,1,2,3,1,1,1,1,1,1,1,1,1,1,1,1,1,1,1,1,1,1,1,1,1,2,1,1,1,2,1,3,3,2,5,2,3,3,3,0,2,3,2,4,3,4,4,1,1,1,0,1,0,1,1,1,0,1,2,1,3,1,1,1,1,1,1,1,1,1,1,1,1,0,0,1,1,1,1,1,1,1,1,1,1,1,1,2,1,2,1,1,1,1,1
Tetr_nigr,0,0,1,1,1,1,0,1,0,1,0,1,1,1,1,1,2,0,1,0,1,1,1,0,1,2,2,2,0,0,1,0,0,1,0,1,0,0,1,1,1,2,1,1,3,0,1,1,1,1,1,2,1,0,1,0,1,1,1,0,2,1,1,0,0,1,1,1,0,1,0,0,0,0,1,1,0,0,2,0,3,2,0,1,0,1,1,0,0,1,0,0,1,0,1,2,2,1,1,1,1,1,1,2,1,3,0,1,1,1,1,1,1,2,0,0,0,0,0,1,0,0,0,0,0,1,1,1,2,2,1,2,0,0,0,0,1,0,0,1,0,1,1,1,0,1,0,0,0,0,0,1,2,0,0,2,1,0,0,1,1,1,1,1,2,0,0,1,1,0,0,0,0,1,0,1,0,1,0,1,0,0,1,0,1,1,1,0,0,0,0,1,1,1,0,0,0,0,1,0,1,1,1,2,1,0,0,0,1,1,2,0,0,0,0,0
Tetr_sine,0,0,0,0,0,0,0,0,0,0,0,0,0,0,0,0,0,0,0,0,0,0,0,0,0,0,0,0,0,0,0,0,0,0,0,0,0,0,0,0,0,0,0,0,0,0,0,0,0,0,0,0,0,0,0,0,0,0,0,0,0,0,0,0,0,0,0,0,0,0,0,0,0,0,0,0,0,0,0,0,0,0,0,0,0,0,0,0,0,0,0,0,0,0,0,0,0,0,0,0,1,0,0,0,0,0,0,0,0,0,0,0,0,0,0,0,0,0,0,0,0,0,0,0,0,0,0,0,0,0,0,0,0,0,0,0,0,0,0,0,0,0,0,0,0,0,0,0,0,0,0,0,0,0,0,0,0,0,0,0,0,0,0,0,0,0,0,0,0,0,0,0,0,0,0,0,0,0,0,0,0,0,0,0,0,0,0,0,0,0,0,0,0,0,0,0,0,0,0,0,0,0,0,0,0,0,0,0,0,0,0,0,0,0,0,0
Tetr_urti,0,0,0,0,0,0,0,0,0,0,0,0,0,0,0,0,0,0,0,0,0,0,0,0,0,0,1,0,0,0,0,0,0,0,0,0,0,0,0,0,0,0,0,0,0,0,0,0,0,0,0,0,0,0,0,0,0,0,0,0,0,0,0,0,0,1,0,0,0,0,0,0,0,0,1,0,0,0,0,0,0,0,0,0,0,0,0,0,0,0,0,0,0,0,0,0,0,0,0,0,0,0,0,0,0,0,0,0,0,0,0,0,0,0,0,0,0,0,0,0,0,0,0,0,0,0,0,0,0,0,0,0,0,0,0,0,0,0,0,0,0,0,0,0,0,0,0,0,0,0,0,0,0,0,0,0,0,0,0,0,0,0,0,0,0,0,0,0,0,0,0,0,0,0,0,0,0,0,0,0,0,0,0,0,0,0,0,0,0,0,0,0,1,0,0,0,0,0,0,0,0,0,0,0,0,0,0,0,0,0,0,0,0,0,0,0
Thal_chlo,0,0,0,0,0,0,0,0,0,0,0,1,0,0,0,0,0,1,0,1,0,0,0,1,1,0,0,0,1,1,1,1,1,0,0,0,0,0,1,0,1,0,2,0,0,0,1,0,0,0,1,0,0,0,0,0,0,0,0,0,0,0,0,0,0,0,1,1,2,1,1,0,0,0,0,1,0,0,0,0,1,1,0,1,1,1,0,0,1,0,1,0,0,0,0,0,0,0,0,0,0,0,0,0,2,0,0,1,0,0,0,0,1,0,1,1,1,1,1,1,1,1,0,2,0,0,0,0,0,0,0,1,1,1,1,1,1,1,1,0,0,0,0,0,0,1,1,0,0,1,0,0,0,0,1,0,1,0,0,0,0,0,0,0,0,1,0,0,0,1,0,1,1,0,1,0,0,0,0,1,2,0,1,1,1,1,1,1,0,1,1,0,0,0,1,1,1,0,0,0,0,0,0,0,1,1,0,0,0,0,0,0,1,1,1,1
Tham_sirt,1,0,1,1,1,1,1,1,1,1,1,1,1,0,1,1,1,1,1,1,2,1,1,1,1,1,1,1,1,1,1,1,1,1,1,1,0,1,1,1,1,1,3,1,3,1,1,1,2,2,1,1,1,1,1,1,1,1,1,0,2,3,1,1,1,1,1,1,3,1,1,1,1,1,1,1,1,1,1,0,1,1,1,1,1,1,1,1,1,1,1,1,1,1,1,0,1,0,1,1,1,1,1,1,3,1,1,1,1,1,2,1,1,1,0,1,1,1,1,1,1,1,0,0,2,1,1,1,2,2,1,1,1,0,0,1,1,1,1,1,1,1,1,1,1,1,1,1,1,1,2,0,1,1,0,3,2,1,1,2,2,1,1,1,1,1,1,1,1,1,2,0,0,0,0,1,2,2,1,0,0,0,1,1,1,1,1,1,1,1,1,1,1,0,1,2,2,1,1,1,2,1,1,0,1,1,1,1,0,1,1,1,1,1,0,0
Thel_call,0,0,0,0,0,0,0,0,0,0,0,0,0,0,0,0,0,0,0,0,0,0,0,0,0,0,0,0,0,0,0,0,0,0,0,0,0,0,0,1,0,0,0,0,0,0,0,0,0,0,0,0,0,0,0,0,0,0,0,0,0,0,0,0,0,0,0,0,0,0,0,0,0,0,0,0,0,0,0,0,0,0,0,0,0,0,0,0,0,0,0,0,0,0,0,0,0,0,0,0,0,0,0,0,0,0,0,0,0,0,0,0,0,0,0,0,0,0,0,0,0,0,0,0,0,0,0,0,0,0,0,0,0,0,0,0,0,0,0,0,0,0,0,0,0,0,0,0,0,0,0,0,0,0,0,0,0,0,0,0,0,0,0,0,0,0,0,0,0,0,0,0,0,0,0,0,0,0,0,0,0,0,0,0,0,0,0,0,0,0,0,0,0,0,0,0,0,0,0,0,0,0,0,0,0,0,0,0,0,0,0,0,0,0,0,0
Ther_gela,1,1,1,1,1,1,1,1,1,1,1,1,1,1,1,1,1,1,1,1,1,1,1,1,1,1,1,3,1,1,1,1,1,1,1,1,1,1,1,1,1,1,1,1,1,2,2,1,1,2,1,1,4,4,4,4,1,1,1,1,2,1,1,1,1,1,1,1,1,1,1,1,1,1,1,1,1,1,2,1,1,1,1,1,1,1,1,1,1,1,1,1,1,1,1,1,1,1,1,1,1,1,1,1,1,1,1,2,1,1,1,1,1,1,1,1,1,1,1,1,1,1,1,2,1,1,1,1,2,1,2,1,1,1,1,1,1,1,1,1,1,3,1,1,1,1,1,1,1,2,2,3,2,2,1,1,1,2,2,2,1,2,1,1,3,1,1,2,1,1,1,1,1,1,1,4,4,4,4,1,1,3,1,1,1,1,1,1,1,1,1,1,1,1,1,1,1,1,1,1,2,1,1,1,1,1,2,1,1,1,1,1,1,1,1,1
Thin_orbi,1,0,0,1,0,1,1,1,1,1,1,1,1,1,1,1,1,1,1,1,1,1,1,1,1,1,0,0,1,1,1,1,1,1,0,1,1,1,1,1,1,0,0,0,0,1,0,0,1,1,0,0,0,1,0,0,0,0,1,0,0,1,0,1,1,0,0,0,0,1,0,0,1,1,0,0,1,1,0,0,1,1,1,1,1,1,1,1,1,0,1,1,1,1,1,1,1,1,1,1,1,1,1,0,0,0,1,1,1,1,1,0,0,1,1,1,1,1,1,1,1,1,0,1,1,1,1,1,0,1,1,1,1,1,1,1,1,1,1,1,2,0,1,1,1,1,1,1,1,0,1,0,0,0,0,0,0,0,0,1,2,0,0,1,0,1,1,1,1,1,1,1,1,1,1,0,1,0,0,1,1,0,1,1,1,1,1,1,1,1,1,1,1,0,1,2,1,1,1,1,0,1,1,0,1,1,0,0,0,0,0,1,1,1,1,1
Thri_palm,0,0,0,0,0,0,0,0,0,0,0,0,0,0,0,0,0,0,0,0,0,0,0,0,0,0,0,0,0,0,0,0,0,1,0,0,0,0,0,0,0,0,1,0,0,0,0,0,0,1,0,1,0,0,0,0,0,0,0,0,0,0,0,0,0,2,0,0,0,0,0,0,0,0,2,0,0,0,0,0,0,0,0,0,0,0,0,0,0,0,0,0,0,0,0,0,0,0,0,0,0,0,0,0,1,0,0,0,0,0,1,0,0,1,0,0,0,0,0,0,0,0,0,1,0,0,0,0,0,0,0,0,0,0,0,0,0,0,0,0,0,0,0,0,0,0,0,0,0,0,0,0,0,0,0,0,0,0,0,0,0,0,0,0,0,0,0,0,0,0,0,0,0,0,0,0,0,0,0,0,0,0,0,0,0,0,0,0,0,0,0,0,2,0,0,0,0,0,0,0,0,0,0,0,0,0,0,0,0,0,0,0,0,0,0,0
Thry_ludo,1,0,1,1,1,1,1,1,1,1,1,1,1,1,1,1,1,1,1,1,1,1,1,1,1,1,0,0,1,1,1,1,1,1,0,1,1,1,1,0,1,0,0,1,0,0,1,0,1,0,0,0,1,1,0,1,0,0,1,0,0,1,1,1,1,0,0,0,0,1,0,0,1,1,0,0,1,1,0,0,0,0,1,0,0,0,1,1,1,0,1,0,1,0,1,1,1,1,1,1,1,1,1,0,0,0,1,1,0,0,1,2,0,0,1,1,1,1,1,1,1,1,0,1,0,0,0,0,0,0,0,1,1,1,1,1,1,1,1,1,1,0,1,1,1,1,1,1,1,1,1,0,1,1,1,2,1,1,1,1,1,0,0,1,0,0,1,1,1,1,1,1,1,1,1,1,1,0,1,1,1,0,1,1,0,1,0,1,1,1,1,1,1,0,1,2,3,1,1,1,0,1,1,1,1,1,1,1,1,1,0,1,1,0,0,0
Tich_mura,1,0,1,0,0,0,0,0,0,0,0,0,0,0,1,1,0,1,1,1,0,1,0,1,1,0,0,0,1,1,1,1,1,1,0,1,1,1,1,0,1,0,0,1,0,0,1,0,0,0,0,0,0,0,0,0,0,0,0,0,0,0,0,0,1,0,0,1,2,1,1,1,0,1,0,0,0,1,0,0,1,1,0,1,1,1,0,1,1,0,1,0,0,0,0,0,0,0,0,0,0,0,0,0,0,0,0,1,0,1,0,1,0,0,1,1,1,1,1,1,1,1,0,0,1,0,0,0,0,0,0,2,1,1,1,1,1,1,1,0,0,0,1,1,0,0,1,1,1,0,0,0,0,0,0,0,1,0,0,0,0,0,0,0,0,1,1,0,0,0,1,0,0,1,0,0,0,0,0,0,0,0,1,1,0,1,0,1,0,1,0,1,1,0,1,2,0,0,0,0,0,0,0,1,0,0,0,1,0,1,0,1,1,0,0,0
Tigr_cali,0,0,1,0,0,0,0,0,0,0,0,0,0,0,0,0,0,0,0,0,0,0,0,0,0,0,0,0,0,0,0,0,0,0,0,0,0,0,0,0,0,0,0,0,0,0,0,0,0,0,0,0,0,0,0,0,0,0,0,0,0,0,0,0,0,0,0,0,0,0,0,0,0,0,0,0,0,0,0,0,0,0,0,0,0,0,0,0,0,0,0,0,0,0,0,0,0,0,0,0,0,0,0,0,0,0,0,0,0,0,0,0,0,0,0,0,0,0,0,0,0,0,0,0,0,0,0,0,0,0,0,0,0,0,0,0,0,0,0,0,0,0,0,0,0,0,0,0,0,0,0,0,0,0,0,0,0,0,0,0,0,0,0,0,0,0,0,0,0,0,0,0,0,0,0,0,0,0,0,0,0,0,0,0,0,0,0,0,0,0,0,0,0,0,0,0,0,0,0,0,0,0,0,0,0,0,0,0,0,0,0,0,0,0,0,0
Tina_gutt,1,0,1,1,0,1,1,1,1,1,1,0,1,0,0,0,0,0,0,0,0,0,0,0,0,0,0,0,1,1,0,1,1,0,0,1,1,1,1,0,1,0,0,0,0,0,0,0,0,0,0,0,0,0,0,0,1,1,0,0,0,0,0,1,1,1,1,0,2,0,0,0,1,1,1,1,0,0,0,0,0,0,0,0,0,0,0,0,0,0,0,1,1,1,1,1,1,1,1,1,1,1,1,0,0,0,0,0,0,0,0,0,0,0,1,1,1,1,1,1,1,1,0,0,1,1,1,1,0,1,1,0,0,0,0,0,0,0,1,1,1,0,1,1,1,1,1,1,1,2,0,0,1,1,2,1,0,1,1,0,1,0,1,1,2,1,0,0,0,0,0,1,1,0,1,0,0,0,0,0,0,0,1,1,1,1,1,1,1,0,1,1,1,0,0,1,0,0,0,0,0,0,0,1,1,1,0,1,1,1,1,1,0,0,0,0
Todu_mexi,1,0,1,0,0,0,0,0,0,0,0,0,0,0,0,0,0,0,0,0,0,0,0,0,0,0,0,0,1,1,1,1,1,0,0,0,0,0,1,0,1,0,0,0,0,0,0,0,0,0,0,0,1,1,0,0,0,0,0,0,0,0,1,0,0,0,0,1,1,1,1,1,0,0,0,0,0,0,0,0,0,0,0,0,0,0,0,0,0,0,0,1,0,1,0,0,0,0,1,1,1,1,0,0,0,0,0,0,0,0,0,0,0,0,0,0,0,0,0,0,0,0,0,0,0,1,1,1,0,1,1,1,1,1,1,1,1,1,1,0,1,0,1,0,0,1,0,0,0,1,1,0,0,0,1,1,1,0,0,0,1,0,0,0,0,0,0,0,0,0,0,0,0,0,0,1,1,0,0,0,0,0,0,0,1,0,1,1,0,1,0,1,1,0,1,2,0,0,0,0,0,0,0,0,0,0,0,0,0,0,0,0,0,0,1,1
Toxo_redi,1,0,1,1,1,1,1,1,1,1,1,1,1,0,0,0,0,0,0,0,0,0,0,0,0,1,0,0,1,1,1,1,1,0,0,1,1,1,1,1,1,0,0,0,0,0,0,0,0,0,0,0,1,0,0,1,1,1,0,0,1,1,1,1,1,0,0,1,2,2,1,1,1,1,0,0,1,1,0,0,1,1,1,1,1,1,1,1,1,1,1,1,1,1,1,1,1,1,1,1,1,1,1,0,0,0,0,0,0,0,0,0,0,0,1,0,1,1,1,0,1,0,0,1,1,2,1,1,1,1,1,1,1,1,1,1,1,1,1,0,0,0,0,0,0,0,0,0,0,1,1,0,1,1,1,2,1,1,1,0,1,0,0,0,0,1,0,0,1,1,1,1,1,1,1,1,1,0,1,1,1,2,0,0,0,0,0,1,1,1,1,1,1,0,1,2,2,1,1,1,0,1,1,1,1,1,1,1,2,1,0,1,1,1,1,1
Trac_zete,0,0,0,0,0,0,0,0,0,0,0,0,0,0,0,0,0,0,0,0,0,0,0,0,0,0,0,0,0,0,0,0,0,1,0,0,0,0,0,0,0,1,1,0,0,0,0,0,0,0,0,1,0,0,0,0,0,0,0,0,0,0,0,0,0,0,0,0,0,0,0,0,0,0,0,0,0,0,0,0,0,0,0,0,0,0,0,0,0,0,0,0,0,0,0,0,0,0,0,0,0,0,0,1,1,0,0,0,0,0,0,0,0,1,0,0,0,0,0,0,0,0,0,0,0,0,0,0,0,0,0,0,0,0,0,0,0,0,0,0,0,0,0,0,0,0,0,0,0,0,0,0,0,0,0,0,0,0,0,0,0,0,0,0,0,0,0,0,0,0,0,0,0,0,0,0,0,0,0,0,0,0,0,0,0,0,0,0,0,0,0,0,0,0,0,0,0,0,0,0,0,0,0,0,0,0,0,0,0,0,0,0,0,0,0,0
Trib_cast,0,0,0,0,0,0,0,0,0,0,0,0,0,0,0,0,0,0,0,0,0,0,0,0,0,0,1,0,0,0,0,0,0,0,0,0,0,0,0,0,0,0,0,0,0,0,0,0,0,1,0,0,0,0,0,0,0,0,1,0,0,0,0,0,0,1,0,0,0,0,0,0,0,0,1,0,0,0,0,0,0,0,0,0,0,0,0,0,0,0,0,0,0,0,0,0,0,0,0,0,0,0,0,0,0,0,0,0,0,0,1,0,0,1,0,0,0,0,0,0,0,0,0,1,0,0,0,0,0,0,0,0,0,0,0,0,0,0,0,0,0,0,0,0,0,0,0,0,0,0,0,0,0,0,0,0,0,0,0,0,0,0,0,0,0,0,0,0,0,0,0,0,0,0,0,0,0,0,0,0,0,0,0,0,0,0,0,0,0,0,0,0,0,0,0,0,0,0,0,0,0,0,0,0,0,0,0,0,0,0,0,0,0,0,0,0
Tric_adha,0,0,0,0,0,0,0,0,0,0,0,0,0,0,0,0,0,0,0,0,0,0,0,0,0,0,0,0,0,0,0,0,0,0,0,0,0,0,0,1,0,0,0,0,0,0,0,0,0,0,0,0,0,0,0,0,0,0,0,0,0,0,0,0,0,0,0,0,0,0,0,0,0,0,0,0,0,0,0,0,0,0,0,0,0,0,0,0,0,0,0,0,0,0,0,0,0,0,0,0,0,0,0,0,0,0,0,0,0,0,0,0,0,0,0,0,0,0,0,0,0,0,0,0,0,0,0,0,0,0,0,0,0,0,0,0,0,0,0,0,0,0,0,0,0,0,0,0,0,0,0,0,0,0,0,0,0,0,0,0,0,0,0,0,0,0,0,0,0,0,0,0,0,0,0,0,0,0,0,0,0,0,0,0,0,0,0,0,0,0,0,1,0,0,0,0,0,0,0,0,0,0,0,0,0,0,0,0,0,0,0,0,0,0,0,0
Tric_bras,0,0,0,0,0,0,0,0,0,0,0,0,0,0,0,0,0,0,0,0,0,0,0,0,0,0,0,0,0,0,0,0,0,0,0,0,0,0,0,0,0,0,1,0,0,0,0,0,0,0,0,1,0,0,0,0,0,0,0,0,0,0,0,0,0,0,0,0,0,0,0,0,0,0,0,0,0,0,0,0,0,0,0,0,0,0,0,0,0,0,0,0,0,0,0,0,0,0,0,0,0,0,0,0,0,0,0,0,0,0,0,0,0,1,0,0,0,0,0,0,0,0,0,0,0,0,0,0,0,0,0,0,0,0,0,0,0,0,0,0,0,0,0,0,0,0,0,0,0,0,0,0,0,0,0,0,0,0,0,0,0,0,0,0,0,0,0,0,0,0,0,0,0,0,0,0,0,0,0,0,0,0,0,0,0,0,0,0,0,0,0,0,0,0,0,0,0,0,0,0,0,0,0,0,0,0,0,0,0,0,0,0,0,0,0,0
Tric_brit,0,0,0,0,0,0,0,0,0,0,0,0,0,0,0,0,0,0,0,0,0,0,0,0,0,0,0,0,0,0,0,0,0,0,0,0,0,0,0,1,0,0,0,0,0,0,0,0,0,0,0,0,0,0,0,0,0,0,0,0,0,0,0,0,0,0,0,0,0,0,0,0,0,0,0,0,0,0,0,0,0,0,0,0,0,0,0,0,0,0,0,0,0,0,0,0,0,0,0,0,1,0,0,0,0,0,0,0,0,0,0,0,0,0,0,0,0,0,0,0,0,0,0,0,0,0,0,0,0,0,0,0,0,0,0,0,0,0,0,0,0,0,0,0,0,0,0,0,0,0,0,0,0,0,0,0,0,0,0,0,0,0,0,0,0,0,0,0,0,0,0,0,0,0,0,0,0,0,0,0,0,0,0,0,0,0,0,0,0,0,0,0,0,0,0,0,0,0,0,0,0,0,0,0,0,0,0,0,0,0,0,0,0,0,0,0
Tric_leuc,1,0,1,0,0,0,0,0,0,0,1,1,1,1,1,1,1,1,1,1,1,1,1,1,1,1,0,2,1,1,1,1,1,1,0,1,1,1,1,1,1,0,2,0,0,1,0,1,1,1,1,1,0,1,0,1,1,1,1,0,0,1,0,1,1,1,1,1,0,0,1,1,1,1,1,1,1,1,0,0,1,1,2,1,1,1,1,1,1,1,1,1,1,1,1,0,0,1,1,1,1,1,1,0,2,0,1,0,0,1,1,1,1,0,1,1,1,1,1,1,1,1,0,0,0,1,1,1,0,0,0,1,1,1,1,1,1,1,1,1,2,1,1,1,1,1,1,1,1,1,1,1,0,0,1,0,1,0,0,0,1,0,0,1,0,1,1,0,1,1,1,1,1,1,1,0,1,1,1,1,1,0,1,1,1,1,1,1,1,1,1,1,1,1,0,0,0,1,1,1,0,1,1,0,0,1,0,0,0,0,1,1,1,0,1,1
Tric_mana,0,1,1,0,1,1,1,1,1,1,1,1,1,1,1,1,1,1,1,1,1,1,1,1,1,1,1,3,1,1,1,1,1,1,1,1,1,1,1,1,1,1,1,1,1,1,1,1,1,1,1,1,3,2,2,2,1,1,2,0,1,1,1,1,1,1,1,1,1,1,1,1,1,1,1,1,1,1,1,1,1,1,1,1,1,1,1,1,1,1,1,0,1,1,1,1,1,1,1,1,1,1,1,1,1,1,1,2,1,1,1,1,1,1,1,1,1,1,1,1,1,1,1,2,1,3,1,2,1,1,1,2,1,1,1,2,1,1,1,1,1,1,1,1,1,1,1,1,1,2,2,1,2,2,1,3,2,2,2,2,1,2,1,1,3,1,2,2,1,1,1,1,1,1,1,2,2,2,2,1,2,3,1,1,1,1,1,1,1,1,1,1,1,1,1,1,1,1,1,1,1,1,1,1,1,1,2,1,0,0,2,1,1,1,1,1
Tric_murr,0,0,0,0,0,0,0,0,0,0,0,0,0,0,0,0,0,0,0,0,0,0,0,0,0,0,0,0,0,0,0,0,0,0,0,0,0,0,0,1,0,0,0,0,0,0,0,0,0,0,0,0,0,0,0,0,0,0,0,0,0,0,0,0,0,0,0,0,0,0,0,0,0,0,0,0,0,0,0,0,0,0,0,0,0,0,0,0,0,0,0,0,0,0,0,0,0,0,0,0,1,0,0,0,0,0,0,0,0,0,0,0,0,0,0,0,0,0,0,0,0,0,0,0,0,0,0,0,0,0,0,0,0,0,0,0,0,0,0,0,0,0,0,0,0,0,0,0,0,0,0,0,0,0,0,0,0,0,0,0,0,0,0,0,0,0,0,0,0,0,0,0,0,0,0,0,0,0,0,0,0,0,0,0,0,0,0,0,0,0,0,0,0,0,0,0,0,0,0,0,0,0,0,0,0,0,0,0,0,0,0,0,0,0,0,0
Tric_nati,0,0,0,0,0,0,0,0,0,0,0,0,0,0,0,0,0,0,0,0,0,0,0,0,0,0,0,0,0,0,0,0,0,0,0,0,0,0,0,1,0,0,0,0,0,0,0,0,0,0,0,0,0,0,0,0,0,0,0,0,0,0,0,0,0,0,0,0,0,0,0,0,0,0,0,0,0,0,0,0,0,0,0,0,0,0,0,0,0,0,0,0,0,0,0,0,0,0,0,0,1,0,0,0,0,0,0,0,0,0,0,0,0,0,0,0,0,0,0,0,0,0,0,0,0,0,0,0,0,0,0,0,0,0,0,0,0,0,0,0,0,0,0,0,0,0,0,0,0,0,0,0,0,0,0,0,0,0,0,0,0,0,0,0,0,0,0,0,0,0,0,0,0,0,0,0,0,0,0,0,0,0,0,0,0,0,0,0,0,0,0,0,0,0,0,0,0,0,0,0,0,0,0,0,0,0,0,0,0,0,0,0,0,0,0,0
Tric_nels,0,0,0,0,0,0,0,0,0,0,0,0,0,0,0,0,0,0,0,0,0,0,0,0,0,0,0,0,0,0,0,0,0,0,0,0,0,0,0,1,0,0,0,0,0,0,0,0,0,0,0,0,0,0,0,0,0,0,0,0,0,0,0,0,0,0,0,0,0,0,0,0,0,0,0,0,0,0,0,0,0,0,0,0,0,0,0,0,0,0,0,0,0,0,0,0,0,0,0,0,1,0,0,0,0,0,0,0,0,0,0,0,0,0,0,0,0,0,0,0,0,0,0,0,0,0,0,0,0,0,0,0,0,0,0,0,0,0,0,0,0,0,0,0,0,0,0,0,0,0,0,0,0,0,0,0,0,0,0,0,0,0,0,0,0,0,0,0,0,0,0,0,0,0,0,0,0,0,0,0,0,0,0,0,0,0,0,0,0,0,0,0,0,0,0,0,0,0,0,0,0,0,0,0,0,0,0,0,0,0,0,0,0,0,0,0
Tric_niXC,0,0,0,0,0,0,0,0,0,0,0,0,0,0,0,0,0,0,0,0,0,0,0,0,0,0,0,0,0,0,0,0,0,0,0,0,0,0,0,0,0,0,0,0,0,0,0,0,0,0,0,0,0,0,0,0,0,0,0,0,0,0,0,0,0,0,0,0,0,0,0,0,0,0,0,0,0,0,0,0,0,0,0,0,0,0,0,0,0,0,0,0,0,0,0,0,0,0,0,0,0,0,0,0,0,0,0,0,0,0,0,0,0,0,0,0,0,0,0,0,0,0,0,2,0,0,0,0,0,0,0,0,0,0,0,0,0,0,0,0,0,0,0,0,0,0,0,0,0,0,0,0,0,0,0,0,0,0,0,0,0,0,0,0,0,0,0,0,0,0,0,0,0,0,0,0,0,0,0,0,0,0,0,0,0,0,0,0,0,0,0,0,0,0,0,0,0,0,0,0,0,0,0,0,0,0,0,0,0,0,0,0,0,0,0,0
Tric_pata,0,0,0,0,0,0,0,0,0,0,0,0,0,0,0,0,0,0,0,0,0,0,0,0,0,0,0,0,0,0,0,0,0,0,0,0,0,0,0,1,0,0,0,0,0,0,0,0,0,0,0,0,0,0,0,0,0,0,0,0,0,0,0,0,0,0,0,0,0,0,0,0,0,0,0,0,0,0,0,0,0,0,0,0,0,0,0,0,0,0,0,0,0,0,0,0,0,0,0,0,1,0,0,0,0,0,0,0,0,0,0,0,0,0,0,0,0,0,0,0,0,0,0,0,0,0,0,0,0,0,0,0,0,0,0,0,0,0,0,0,0,0,0,0,0,0,0,0,0,0,0,0,0,0,0,0,0,0,0,0,0,0,0,0,0,0,0,0,0,0,0,0,0,0,0,0,0,0,0,0,0,0,0,0,0,0,0,0,0,0,0,0,0,0,0,0,0,0,0,0,0,0,0,0,0,0,0,0,0,0,0,0,0,0,0,0
Tric_pseu,0,0,0,0,0,0,0,0,0,0,0,0,0,0,0,0,0,0,0,0,0,0,0,0,0,0,0,0,0,0,0,0,0,0,0,0,0,0,0,1,0,0,0,0,0,0,0,0,0,0,0,0,0,0,0,0,0,0,0,0,0,0,0,0,0,0,0,0,0,0,0,0,0,0,0,0,0,0,0,0,0,0,0,0,0,0,0,0,0,0,0,0,0,0,0,0,0,0,0,0,1,0,0,0,0,0,0,0,0,0,0,0,0,0,0,0,0,0,0,0,0,0,0,0,0,0,0,0,0,0,0,0,0,0,0,0,0,0,0,0,0,0,0,0,0,0,0,0,0,0,0,0,0,0,0,0,0,0,0,0,0,0,0,0,0,0,0,0,0,0,0,0,0,0,0,0,0,0,0,0,0,0,0,0,0,0,0,0,0,0,0,0,0,0,0,0,0,0,0,0,0,0,0,0,0,0,0,0,0,0,0,0,0,0,0,0
Tric_sarc,0,0,0,0,0,0,0,0,0,0,0,0,0,0,0,0,0,0,0,0,0,0,0,0,0,0,1,0,0,0,0,0,0,0,0,0,0,0,0,0,0,1,1,0,1,0,0,0,0,0,0,1,0,0,0,0,0,0,0,0,0,0,0,0,0,0,0,0,0,0,0,0,0,0,0,0,0,0,0,0,0,0,0,0,0,0,0,0,0,0,0,0,0,0,0,0,0,0,0,0,0,0,0,1,1,1,0,0,0,0,0,0,0,1,0,0,0,0,0,0,0,0,0,0,0,0,0,0,0,0,0,0,0,0,0,0,0,0,0,0,0,0,0,0,0,0,0,0,0,0,0,0,0,0,0,0,0,0,0,0,0,0,0,0,0,0,0,0,0,0,0,0,0,0,0,0,0,0,0,0,0,0,0,0,0,0,0,0,0,0,0,0,0,0,0,0,0,0,0,0,0,0,0,0,0,0,0,0,0,0,0,0,0,0,0,0
Tric_spXH,0,0,0,0,0,0,0,0,0,0,0,0,0,0,0,0,0,0,0,0,0,0,0,0,0,0,0,0,0,0,0,0,0,0,0,0,0,0,0,1,0,0,0,0,0,0,0,0,0,0,0,0,0,0,0,0,0,0,0,0,0,0,0,0,0,0,0,0,0,0,0,0,0,0,0,0,0,0,0,0,0,0,0,0,0,0,0,0,0,0,0,0,0,0,0,0,0,0,0,0,0,0,0,0,0,0,0,0,0,0,0,0,0,0,0,0,0,0,0,0,0,0,0,0,0,0,0,0,0,0,0,0,0,0,0,0,0,0,0,0,0,0,0,0,0,0,0,0,0,0,0,0,0,0,0,0,0,0,0,0,0,0,0,0,0,0,0,0,0,0,0,0,0,0,0,0,0,0,0,0,0,0,0,0,0,0,0,0,0,0,0,0,0,0,0,0,0,0,0,0,0,0,0,0,0,0,0,0,0,0,0,0,0,0,0,0
Tric_spXT,0,0,0,0,0,0,0,0,0,0,0,0,0,0,0,0,0,0,0,0,0,0,0,0,0,0,0,0,0,0,0,0,0,0,0,0,0,0,0,2,0,0,0,0,0,0,0,0,0,0,0,0,0,0,0,0,0,0,0,0,0,0,0,0,0,0,0,0,0,0,0,0,0,0,0,0,0,0,0,0,0,0,0,0,0,0,0,0,0,0,0,0,0,0,0,0,0,0,0,0,2,0,0,0,0,0,0,0,0,0,0,0,0,0,0,0,0,0,0,0,0,0,0,0,0,0,0,0,0,0,0,0,0,0,0,0,0,0,0,0,0,0,0,0,0,0,0,0,0,0,0,0,0,0,0,0,0,0,0,0,0,0,0,0,0,0,0,0,0,0,0,0,0,0,0,0,0,0,0,0,0,0,0,0,0,0,0,0,0,0,0,0,0,0,0,0,0,0,0,0,0,0,0,0,0,0,0,0,0,0,0,0,0,0,0,0
Tric_spir,0,0,0,0,0,0,0,0,0,0,0,0,0,0,0,0,0,0,0,0,0,0,0,0,0,0,0,0,0,0,0,0,0,0,0,0,0,0,0,1,0,0,0,0,0,0,0,0,0,0,0,0,0,0,0,0,0,0,0,0,0,0,0,0,0,0,0,0,0,0,0,0,0,0,0,0,0,0,0,0,0,0,0,0,0,0,0,0,0,0,0,0,0,0,0,0,0,0,0,0,1,0,0,0,0,0,0,0,0,0,0,0,0,0,0,0,0,0,0,0,0,0,0,0,0,0,0,0,0,0,0,0,0,0,0,0,0,0,0,0,0,0,0,0,0,0,0,0,0,0,0,0,0,0,0,0,0,0,0,0,0,0,0,0,0,0,0,0,0,0,0,0,0,0,0,0,0,0,0,0,0,0,0,0,0,0,0,0,0,0,0,0,0,0,0,0,0,0,0,0,0,0,0,0,0,0,0,0,0,0,0,0,0,0,0,0
Tric_zimb,0,0,0,0,0,0,0,0,0,0,0,0,0,0,0,0,0,0,0,0,0,0,0,0,0,0,0,0,0,0,0,0,0,0,0,0,0,0,0,1,0,0,0,0,0,0,0,0,0,0,0,0,0,0,0,0,0,0,0,0,0,0,0,0,0,0,0,0,0,0,0,0,0,0,0,0,0,0,0,0,0,0,0,0,0,0,0,0,0,0,0,0,0,0,0,0,0,0,0,0,0,0,0,0,0,0,0,0,0,0,0,0,0,0,0,0,0,0,0,0,0,0,0,0,0,0,0,0,0,0,0,0,0,0,0,0,0,0,0,0,0,0,0,0,0,0,0,0,0,0,0,0,0,0,0,0,0,0,0,0,0,0,0,0,0,0,0,0,0,0,0,0,0,0,0,0,0,0,0,0,0,0,0,0,0,0,0,0,0,0,0,0,0,0,0,0,0,0,0,0,0,0,0,0,0,0,0,0,0,0,0,0,0,0,0,0
Trif_medi,0,0,0,0,0,0,0,0,0,0,0,0,0,0,0,0,0,0,0,0,0,0,0,0,0,0,0,0,0,0,0,0,0,0,0,0,0,0,0,0,0,0,0,0,0,0,0,0,0,0,0,0,0,0,0,0,0,0,0,0,0,0,0,0,0,0,0,0,0,0,0,0,0,0,0,0,0,0,0,0,0,0,0,0,0,0,0,0,0,0,0,0,0,0,0,0,0,1,0,0,1,0,0,0,0,0,0,0,0,0,0,0,0,0,0,0,0,0,0,0,0,0,0,0,0,0,0,0,0,0,0,0,0,0,0,0,0,0,0,0,0,0,0,0,0,0,0,0,0,0,0,0,0,0,0,0,0,0,0,0,0,0,0,0,0,0,0,0,0,0,0,0,0,0,0,0,0,0,0,0,0,0,0,0,0,0,0,0,0,0,0,0,0,0,0,0,0,0,0,0,0,0,0,0,0,0,0,0,0,0,0,0,0,0,0,0
Trif_prat,0,0,0,0,0,0,0,0,0,0,0,0,0,0,0,0,0,0,0,0,0,0,0,0,0,0,0,0,0,0,0,0,0,0,0,0,0,0,0,0,0,0,0,0,0,0,0,0,0,0,0,0,0,0,0,0,0,0,0,0,0,0,0,0,0,0,0,0,0,0,0,0,0,0,0,0,0,0,0,0,0,0,0,0,0,0,0,0,0,0,0,0,0,0,0,0,0,1,0,0,0,0,0,0,0,0,0,0,0,0,0,0,0,0,0,0,0,0,0,0,0,0,0,0,0,0,0,0,0,0,0,0,0,0,0,0,0,0,0,0,0,0,0,0,0,0,0,0,0,0,0,0,0,0,0,0,0,0,0,0,0,0,0,0,0,0,0,0,0,0,0,0,0,0,0,0,0,0,0,0,0,0,0,0,0,0,0,0,0,0,0,0,0,0,0,0,0,0,0,0,0,0,0,0,0,0,0,0,0,0,0,0,0,0,0,0
Trip_tibe,1,0,1,1,1,0,1,1,1,1,1,1,1,0,0,1,1,0,0,1,0,0,0,0,0,2,3,3,1,0,1,1,0,1,1,1,0,1,1,1,1,1,1,1,2,1,1,1,1,1,2,2,0,0,2,0,1,2,2,0,1,1,1,0,0,2,3,1,2,0,0,0,0,0,2,2,0,0,4,0,0,0,0,0,0,0,0,1,1,2,0,1,0,1,0,1,1,1,0,0,0,0,0,1,1,2,1,1,1,1,1,1,2,2,0,0,0,0,0,0,1,0,0,0,2,1,1,1,2,1,1,0,0,1,2,0,0,0,1,0,0,1,1,1,1,0,0,1,0,0,1,2,1,0,0,2,1,1,0,1,1,2,1,1,2,0,0,1,1,0,0,1,0,1,0,1,1,3,0,0,0,0,1,1,1,1,1,0,0,0,0,1,1,0,0,0,0,2,0,2,2,1,1,2,1,0,0,1,1,1,2,0,0,1,1,1
Trit_aest,0,0,0,0,0,0,0,0,0,0,0,0,0,0,0,0,0,0,0,0,0,0,0,0,0,0,0,0,0,0,0,0,0,0,0,0,0,0,0,0,0,0,0,0,0,0,0,0,0,0,0,0,0,0,0,0,0,0,0,0,0,0,0,0,0,0,0,0,0,0,0,0,0,0,0,0,0,0,0,0,0,0,0,0,0,0,0,0,0,0,0,0,0,0,0,0,0,3,0,0,0,0,0,0,0,0,0,0,0,0,0,0,0,0,0,0,0,0,0,0,0,0,0,0,0,0,0,0,0,0,0,0,0,0,0,0,0,0,0,0,0,0,0,0,0,0,0,0,0,0,0,0,0,0,0,0,0,0,0,0,0,0,0,0,0,0,0,0,0,0,0,0,0,0,0,0,0,0,0,0,0,0,0,0,0,0,0,0,0,0,0,0,0,0,0,0,0,0,0,0,0,0,0,0,0,0,0,0,0,0,0,0,0,0,0,0
Trit_urar,0,0,0,0,0,0,0,0,0,0,0,0,0,0,0,0,0,0,0,0,0,0,0,0,0,0,0,0,0,0,0,0,0,0,0,0,0,0,0,0,0,0,0,0,0,0,0,0,0,0,0,0,0,0,0,0,0,0,0,0,0,0,0,0,0,0,0,0,0,0,0,0,0,0,0,0,0,0,0,0,0,0,0,0,0,0,0,0,0,0,0,0,0,0,0,0,0,1,0,0,1,0,0,0,0,0,0,0,0,0,0,0,0,0,0,0,0,0,0,0,0,0,0,0,0,0,0,0,0,0,0,0,0,0,0,0,0,0,0,0,0,0,0,0,0,0,0,0,0,0,0,0,0,0,0,0,0,0,0,0,0,0,0,0,0,0,0,0,0,0,0,0,0,0,0,0,0,0,0,0,0,0,0,0,0,0,0,0,0,0,0,0,0,0,0,0,0,0,0,0,0,0,0,0,0,0,0,0,0,0,0,0,0,0,0,0
Trog_mela,1,0,1,0,0,0,0,0,0,0,1,1,1,1,1,1,1,1,1,1,1,1,1,1,1,0,0,0,1,1,0,1,1,1,0,1,1,1,1,1,1,0,0,0,0,1,0,1,1,0,1,0,0,0,0,0,1,1,1,0,0,1,2,1,1,0,0,1,1,1,1,1,1,1,0,0,1,1,0,0,1,1,1,1,1,1,1,1,1,1,1,1,1,1,1,0,0,0,1,1,1,1,1,0,2,0,1,0,0,1,1,0,0,0,1,1,1,1,1,1,1,1,0,0,0,1,1,1,0,1,1,0,1,1,1,1,1,1,1,1,1,0,1,1,1,1,1,1,1,0,0,0,0,0,1,0,0,0,0,1,2,0,0,1,0,1,1,0,1,1,1,1,1,1,1,0,0,0,0,1,1,2,1,1,1,1,1,1,1,1,1,0,0,0,1,2,3,1,1,1,0,1,1,0,1,1,0,0,0,0,1,1,1,1,1,1
Trop_merc,0,0,0,0,0,0,0,0,0,0,0,0,0,0,0,0,0,0,0,0,0,0,0,0,0,0,0,0,0,0,0,0,0,0,0,0,0,0,0,0,0,0,0,0,0,0,0,0,0,1,0,0,0,0,0,0,0,0,0,0,0,0,0,0,0,0,0,0,0,0,0,0,0,0,0,0,0,0,0,0,0,0,0,0,0,0,0,0,0,0,0,0,0,0,0,0,0,0,0,0,0,0,0,0,0,0,0,0,0,0,0,0,0,0,0,0,0,0,0,0,0,0,0,0,0,0,0,0,0,0,0,0,0,0,0,0,0,0,0,0,0,0,0,0,0,0,0,0,0,0,0,0,0,0,0,0,0,0,0,0,0,0,0,0,0,0,0,0,0,0,0,0,0,0,0,0,0,0,0,0,0,0,0,0,0,0,0,0,0,0,0,0,0,0,0,0,0,0,0,0,0,0,0,0,0,0,0,0,0,0,0,0,0,0,0,0
Tupa_chin,1,0,1,1,1,1,1,1,1,1,1,0,0,0,0,1,1,1,0,1,0,0,0,0,0,1,1,3,1,1,1,1,1,1,1,1,1,1,1,1,1,2,3,2,2,0,2,2,2,2,2,2,2,2,2,2,1,1,1,0,1,1,1,1,0,1,3,1,2,1,1,1,1,0,1,3,1,1,2,0,1,1,0,1,1,1,1,1,1,1,1,1,0,0,1,0,0,0,1,1,0,0,1,2,3,2,0,2,2,2,2,2,2,2,1,1,0,1,2,0,1,0,1,1,1,1,0,0,1,0,0,0,1,1,0,1,1,1,1,1,1,2,1,1,0,2,2,1,1,1,0,0,0,1,0,0,2,1,1,2,0,1,1,1,1,1,1,1,0,0,1,1,1,1,1,2,2,2,2,1,0,3,1,1,1,1,1,1,1,1,1,1,1,0,1,2,1,1,1,0,1,1,0,1,1,1,1,1,1,1,1,1,2,1,1,1
Turn_velo,0,0,0,1,1,1,1,1,1,1,1,1,1,1,1,1,1,1,1,1,1,1,1,1,1,1,0,0,1,1,1,1,1,1,0,0,0,0,1,1,1,0,2,0,0,1,0,0,0,0,0,0,0,0,0,0,1,1,0,0,0,0,0,1,1,0,0,1,1,1,1,1,1,1,0,0,1,1,0,0,0,0,0,0,0,0,1,1,1,0,1,1,1,1,1,1,1,1,1,1,1,1,1,0,2,0,1,1,0,0,1,1,0,0,1,1,1,1,1,1,1,1,0,0,0,1,1,1,0,0,0,0,1,1,1,1,1,1,1,1,1,0,1,1,1,1,1,1,1,1,0,0,0,0,1,0,0,0,0,1,0,0,0,1,0,1,1,0,1,1,1,1,1,1,1,0,0,0,0,1,1,2,1,1,1,1,1,1,1,1,1,1,1,0,1,2,1,0,0,0,0,0,0,0,1,1,0,0,0,0,0,0,1,1,1,1
Turs_trun,1,1,1,1,1,1,1,1,1,1,1,1,1,1,1,1,1,1,1,1,1,1,1,1,1,1,1,1,1,1,1,1,1,1,1,1,1,1,1,1,1,2,2,3,2,2,2,2,2,2,2,2,4,4,2,5,1,1,2,0,3,1,1,2,2,2,2,1,1,1,1,1,2,2,2,2,1,1,1,1,1,1,1,1,1,1,1,1,1,1,1,1,1,1,1,1,1,1,1,1,1,1,1,2,2,2,2,2,2,1,2,2,2,2,1,0,1,1,1,1,1,1,1,3,2,1,1,2,3,2,2,1,1,1,1,1,1,1,1,1,1,1,1,1,1,1,1,1,1,2,2,3,1,1,1,1,1,2,1,2,1,2,2,1,3,1,1,2,1,1,1,1,1,1,1,4,3,4,5,1,1,3,1,1,1,1,1,1,1,1,1,1,1,1,1,1,1,1,1,1,3,1,1,1,1,1,2,1,1,1,1,1,1,1,1,1
Tyra_sava,1,0,1,0,0,0,0,0,0,0,1,1,1,1,1,1,0,1,1,1,1,1,1,1,1,1,0,0,1,1,1,1,1,1,0,1,1,1,1,0,1,0,0,1,0,1,1,0,1,0,0,0,1,1,0,1,0,0,0,0,0,0,1,1,1,0,0,0,0,1,0,0,1,1,0,0,1,1,0,0,1,1,2,1,1,1,1,1,1,1,1,1,1,1,1,0,0,0,1,1,1,1,1,0,0,0,1,0,0,1,0,1,0,0,1,1,1,1,1,1,1,1,0,0,0,0,0,0,0,0,0,1,1,1,1,1,1,1,1,1,1,0,1,1,1,1,1,1,1,1,2,0,1,1,2,1,1,1,1,0,1,1,1,0,0,1,1,0,1,1,1,1,1,1,1,1,1,0,1,0,0,0,1,1,1,1,1,1,1,1,1,1,1,0,1,2,1,1,1,1,0,1,1,1,1,1,1,1,1,1,0,1,1,1,1,1
Tyto_alba,0,0,0,1,0,1,1,1,1,1,0,0,0,0,1,1,0,1,1,1,0,1,0,1,1,0,0,0,1,1,1,1,1,0,0,1,1,1,1,0,1,0,0,1,0,0,0,0,1,0,0,0,0,1,0,1,0,0,1,0,0,1,0,1,1,1,1,0,0,0,0,0,1,1,1,1,0,0,0,0,0,0,0,0,0,0,0,0,0,0,0,1,1,1,1,1,1,1,1,1,1,1,1,0,0,0,0,1,0,1,0,1,0,0,0,0,0,0,0,0,0,0,0,1,1,0,0,0,0,0,0,1,0,0,0,0,0,0,0,0,1,0,0,0,0,0,0,0,0,0,1,1,0,0,0,0,1,0,0,0,1,0,0,0,0,1,0,0,1,1,1,1,1,0,1,0,1,0,1,1,1,0,1,1,1,1,1,1,1,0,1,0,0,0,0,1,0,1,1,1,0,1,1,1,0,0,0,1,0,1,0,1,1,0,0,0
Upup_epop,1,0,1,0,0,0,0,0,0,0,1,1,1,0,1,0,0,1,0,1,0,0,0,1,1,0,0,2,1,1,1,1,1,1,0,1,1,1,1,1,1,0,2,0,0,0,0,0,0,0,0,0,0,0,0,0,0,0,0,0,0,1,0,1,1,1,1,0,0,1,0,0,1,1,1,1,1,1,0,0,1,1,1,1,1,1,1,1,1,1,1,0,1,1,1,0,0,0,1,1,1,1,1,1,2,0,0,1,0,0,0,0,1,0,1,1,1,1,1,1,1,1,0,0,0,0,0,0,0,0,0,1,1,1,1,1,1,1,1,1,1,1,1,1,1,1,1,1,1,0,0,0,0,1,0,0,0,0,0,0,1,0,0,1,1,1,1,0,1,1,1,1,1,1,1,0,0,0,0,1,1,2,1,1,1,1,1,1,1,1,1,1,1,0,1,2,3,1,1,1,0,1,1,1,1,1,1,1,1,1,1,1,1,1,1,0
Uroc_indi,1,0,0,1,0,1,1,1,1,1,1,1,1,0,1,0,0,1,0,1,0,0,0,0,0,1,0,2,1,1,0,1,0,1,0,1,1,1,1,1,1,0,3,1,0,1,1,2,1,0,2,1,0,0,0,0,0,0,1,0,0,0,0,1,1,1,1,1,2,1,1,1,1,1,1,1,1,1,0,0,1,1,1,1,1,1,1,1,1,1,1,1,1,1,1,1,1,1,1,1,1,1,1,0,3,0,1,1,1,1,0,1,2,1,1,0,0,1,1,0,0,0,1,0,0,0,0,0,0,0,0,1,1,1,1,1,1,1,1,1,1,0,1,1,1,1,1,1,1,1,0,0,0,0,2,2,0,1,1,2,1,0,1,2,1,0,2,1,1,1,1,1,1,1,1,0,0,0,0,1,1,0,1,1,1,1,1,1,1,1,1,1,1,0,1,2,1,1,1,1,0,1,1,0,1,0,0,0,0,0,0,1,1,1,1,1
Uroc_parr,1,0,1,1,1,1,1,1,1,1,1,1,1,1,1,1,1,1,1,1,1,1,1,1,1,1,1,3,1,1,1,1,1,1,1,1,1,1,1,1,1,2,2,2,2,2,2,2,2,2,2,2,1,1,2,2,2,1,1,0,2,1,1,1,1,2,4,1,1,1,1,1,1,1,2,4,1,1,2,1,1,1,1,1,1,1,1,1,1,1,1,1,1,1,1,0,0,0,1,1,1,1,1,2,2,2,2,3,2,2,2,2,2,2,1,1,1,1,1,1,1,1,1,2,3,1,1,2,2,1,1,1,1,1,1,1,1,1,1,1,0,1,1,1,1,1,1,1,1,2,2,1,1,2,1,1,1,2,2,2,1,2,2,1,1,1,2,2,0,1,1,1,1,2,1,1,1,2,2,1,1,3,1,1,1,1,1,1,1,1,1,0,1,1,1,1,3,1,1,0,2,1,0,1,1,1,2,1,1,1,1,1,1,1,2,1
Uroc_pylz,0,0,0,1,1,1,1,1,1,1,1,1,1,1,1,1,1,1,1,1,1,1,1,1,1,1,1,0,0,0,0,0,0,0,0,1,1,1,0,0,0,0,0,1,0,0,0,0,0,0,0,0,0,0,0,0,1,1,0,0,0,1,1,1,1,0,0,2,2,1,1,1,1,1,0,0,1,1,0,0,1,1,1,1,1,1,1,1,1,1,1,1,1,1,1,1,1,1,1,1,1,1,1,0,0,0,0,1,1,0,1,1,0,1,1,1,1,1,1,1,1,1,0,1,1,2,1,1,0,1,1,1,2,0,0,1,1,1,1,1,1,0,1,1,1,1,1,1,1,0,0,0,0,0,0,0,0,0,0,0,1,0,0,1,0,1,0,0,1,1,1,1,1,1,1,0,0,0,0,1,1,0,0,0,0,0,0,1,1,1,1,0,0,0,1,2,1,1,1,1,0,1,1,1,1,1,1,1,1,1,0,1,1,1,1,1
Ursu_amer,0,0,0,1,1,0,1,1,1,1,1,1,1,1,0,1,1,1,1,1,1,1,1,1,1,1,1,5,1,1,1,1,1,1,1,1,1,1,1,1,1,1,2,2,2,2,2,1,1,3,2,2,3,3,3,3,1,1,2,0,1,1,1,2,2,2,2,1,1,1,1,1,2,2,2,2,1,0,2,1,1,1,1,1,1,1,1,1,1,1,1,1,1,1,1,1,1,1,1,1,1,1,0,1,2,2,2,3,1,1,2,2,2,2,1,1,1,1,1,1,1,1,1,2,3,1,1,2,1,1,2,1,1,1,0,2,1,1,1,1,0,2,1,1,1,1,1,1,1,2,0,2,1,1,1,1,1,1,1,1,0,2,0,0,1,0,0,0,1,1,1,1,1,1,1,3,3,3,3,1,2,3,1,1,1,1,1,0,0,0,0,1,1,1,0,1,0,1,1,1,1,1,1,1,1,1,0,0,1,1,2,1,1,1,2,0
Ursu_mari,1,1,1,1,1,1,1,1,1,1,1,1,1,1,1,1,1,1,1,1,1,1,1,1,1,1,0,3,1,1,1,1,1,1,1,1,1,1,1,1,1,2,3,1,2,3,3,2,1,2,2,2,3,3,2,3,1,1,2,0,2,1,1,2,2,2,3,1,1,1,1,1,2,2,2,3,1,1,1,1,1,1,1,1,1,1,1,1,1,1,1,1,1,1,1,1,1,1,1,1,1,1,1,2,3,2,2,4,2,1,2,1,2,2,1,1,1,1,1,1,1,1,1,2,3,1,1,2,2,0,2,1,1,1,1,1,1,1,1,1,1,1,1,1,1,1,1,1,1,2,2,1,1,2,1,1,1,2,2,2,1,2,1,1,3,1,1,2,1,1,1,1,1,1,1,3,3,2,3,1,2,3,1,1,1,1,1,1,1,1,1,1,1,1,1,1,1,1,1,1,2,1,1,1,1,1,2,1,1,1,2,1,1,1,1,1
Vara_komo,1,0,1,1,1,1,1,1,1,1,1,0,0,1,1,1,1,1,1,1,1,1,1,1,1,0,2,3,1,1,1,1,1,1,0,1,2,1,1,1,1,2,1,1,2,1,1,1,1,1,3,2,1,1,0,0,2,2,2,0,2,2,2,1,1,1,1,0,0,0,1,0,1,1,1,1,1,1,2,0,1,1,1,1,1,1,1,1,1,1,1,1,1,1,1,0,0,0,1,1,1,1,1,2,1,2,1,1,1,2,1,2,2,2,1,1,1,1,1,1,1,1,0,0,0,1,2,1,2,1,1,1,1,1,1,1,1,2,1,1,1,2,1,1,1,1,1,1,1,1,3,1,3,1,0,4,1,2,2,1,2,1,1,1,3,1,1,1,1,1,1,1,1,0,1,1,2,1,0,0,0,2,1,1,1,1,1,1,1,1,1,1,1,1,1,0,1,1,1,1,2,1,1,1,0,1,1,1,1,1,1,1,1,1,1,1
Varr_dest,0,0,0,0,0,0,0,0,0,0,0,0,0,0,0,0,0,0,0,0,0,0,0,0,0,0,0,0,0,0,0,0,0,0,0,0,0,0,0,0,0,0,0,0,0,0,0,0,0,1,0,0,0,0,0,0,0,0,0,0,0,0,0,0,0,0,0,0,0,0,0,0,0,0,0,0,0,0,0,0,0,0,0,0,0,0,0,0,0,0,0,0,0,0,0,0,0,0,0,0,0,0,0,0,0,0,0,0,0,0,0,0,0,0,0,0,0,0,0,0,0,0,0,0,0,0,0,0,0,0,0,0,0,0,0,0,0,0,0,0,0,0,0,0,0,0,0,0,0,0,0,0,0,0,0,0,0,0,0,0,0,0,0,0,0,0,0,0,0,0,0,0,0,0,0,0,0,0,0,0,0,0,0,0,0,0,0,0,0,0,0,0,1,0,0,0,0,0,0,0,0,0,0,0,0,0,0,0,0,0,0,0,0,0,0,0
Vesp_germ,0,0,0,0,0,0,0,0,0,0,0,0,0,0,0,0,0,0,0,0,0,0,0,0,0,0,1,0,0,0,0,0,0,1,0,0,0,0,0,0,0,1,0,0,1,0,0,0,0,0,0,0,0,0,0,0,0,0,0,0,0,0,0,0,0,0,0,0,0,0,0,0,0,0,0,0,0,0,0,0,0,0,0,0,0,0,0,0,0,0,0,0,0,0,0,0,0,0,0,0,0,0,0,1,0,1,0,0,0,0,0,0,0,0,0,0,0,0,0,0,0,0,0,0,0,0,0,0,0,0,0,0,0,0,0,0,0,0,0,0,0,0,0,0,0,0,0,0,0,0,0,0,0,0,0,0,0,0,0,0,0,0,0,0,0,0,0,0,0,0,0,0,0,0,0,0,0,0,0,0,0,0,0,0,0,0,0,0,0,0,0,0,0,0,0,0,0,0,0,0,0,0,0,0,0,0,0,0,0,0,0,0,0,0,0,0
Vesp_pens,0,0,0,0,0,0,0,0,0,0,0,0,0,0,0,0,0,0,0,0,0,0,0,0,0,0,1,0,0,0,0,0,0,1,0,0,0,0,0,0,0,1,1,0,1,0,0,0,0,0,0,0,0,0,0,0,0,0,0,0,0,0,0,0,0,0,0,0,0,0,0,0,0,0,0,0,0,0,0,0,0,0,0,0,0,0,0,0,0,0,0,0,0,0,0,0,0,0,0,0,0,0,0,1,1,1,0,0,0,0,0,0,0,0,0,0,0,0,0,0,0,0,0,0,0,0,0,0,0,0,0,0,0,0,0,0,0,0,0,0,0,0,0,0,0,0,0,0,0,0,0,0,0,0,0,0,0,0,0,0,0,0,0,0,0,0,0,0,0,0,0,0,0,0,0,0,0,0,0,0,0,0,0,0,0,0,0,0,0,0,0,0,0,0,0,0,0,0,0,0,0,0,0,0,0,0,0,0,0,0,0,0,0,0,0,0
Vesp_vulg,0,0,0,0,0,0,0,0,0,0,0,0,0,0,0,0,0,0,0,0,0,0,0,0,0,0,1,0,0,0,0,0,0,1,0,0,0,0,0,0,0,1,1,0,1,0,0,0,0,0,0,0,0,0,0,0,0,0,0,0,0,0,0,0,0,0,0,0,0,0,0,0,0,0,0,0,0,0,0,0,0,0,0,0,0,0,0,0,0,0,0,0,0,0,0,0,0,0,0,0,0,0,0,1,1,1,0,0,0,0,0,0,0,0,0,0,0,0,0,0,0,0,0,0,0,0,0,0,0,0,0,0,0,0,0,0,0,0,0,0,0,0,0,0,0,0,0,0,0,0,0,0,0,0,0,0,0,0,0,0,0,0,0,0,0,0,0,0,0,0,0,0,0,0,0,0,0,0,0,0,0,0,0,0,0,0,0,0,0,0,0,0,0,0,0,0,0,0,0,0,0,0,0,0,0,0,0,0,0,0,0,0,0,0,0,0
Vicu_paco,1,1,1,1,0,1,1,1,1,1,1,1,1,1,1,1,1,1,1,1,1,1,1,1,1,1,1,3,1,1,1,1,1,1,1,1,1,2,1,1,1,1,1,1,1,2,1,1,1,2,1,2,2,2,1,1,1,1,2,1,1,1,1,1,1,0,1,1,1,1,1,1,1,1,0,1,1,1,2,1,1,1,0,1,1,1,1,1,1,1,1,1,1,1,1,1,1,1,1,1,1,1,1,1,1,1,2,1,1,1,1,1,1,2,1,1,1,1,1,1,1,1,1,2,1,1,1,1,1,2,2,1,1,1,1,1,1,1,1,1,1,1,1,1,1,1,1,1,1,2,2,1,2,1,1,1,1,2,2,2,1,2,2,1,1,1,1,2,0,0,1,1,1,1,1,2,2,2,1,1,1,1,0,0,1,0,0,1,1,1,1,1,1,1,1,1,1,1,1,1,1,1,1,1,1,1,2,1,1,1,1,1,1,1,1,1
Vidu_chal,1,0,1,1,0,1,1,1,1,1,1,1,1,1,1,1,1,1,1,1,1,1,1,1,1,2,1,0,1,1,1,1,1,0,0,1,1,1,1,1,1,0,0,1,0,0,1,0,0,0,0,0,0,0,0,0,1,1,0,0,1,0,0,1,1,0,0,1,2,2,1,1,1,1,0,0,0,0,0,0,0,0,0,0,0,0,0,0,0,0,0,1,1,1,1,1,1,1,1,1,1,1,1,0,0,0,0,0,0,0,0,1,0,0,1,1,1,1,1,1,1,1,0,0,1,1,1,1,1,1,1,2,1,1,1,1,1,2,1,0,0,0,0,0,0,0,0,0,0,0,0,0,0,0,0,0,0,0,0,0,1,0,0,0,1,1,0,0,1,1,1,1,1,1,1,0,0,0,0,0,0,2,0,0,1,0,0,1,1,1,1,1,1,0,1,2,1,1,1,0,1,0,0,1,0,1,0,1,0,1,1,1,1,0,0,0
Vidu_macr,1,0,1,1,1,1,1,1,1,1,1,1,1,0,1,1,0,1,1,1,0,1,0,1,1,0,0,2,1,1,0,1,1,0,0,1,1,1,1,0,1,0,0,1,0,0,1,0,0,0,0,0,0,0,0,0,1,1,0,0,0,0,0,0,0,0,1,1,1,2,1,0,0,0,1,1,1,1,0,0,0,1,1,1,1,1,1,1,1,1,1,0,0,0,0,1,1,1,0,0,0,0,0,0,0,0,0,1,0,0,0,0,0,0,1,1,1,1,1,1,1,1,0,1,1,1,1,1,0,1,1,1,2,1,1,1,1,2,1,1,1,0,1,0,1,1,1,1,1,0,0,0,0,1,1,0,0,0,0,0,1,0,0,1,0,0,1,0,1,1,1,1,1,1,1,0,0,0,0,1,1,0,1,1,1,1,1,1,0,1,1,1,1,0,1,2,1,0,0,0,0,0,0,1,1,1,1,1,1,1,0,1,1,0,0,0
Vire_alti,1,0,1,1,1,1,1,1,1,1,1,1,1,1,1,1,1,1,1,1,1,1,1,1,1,1,0,0,1,1,1,1,1,0,0,1,1,1,1,1,1,0,0,1,0,0,1,0,0,0,0,0,1,1,0,1,1,1,1,0,1,1,1,1,1,0,0,0,0,1,0,0,1,1,0,0,1,1,0,0,1,1,1,1,1,1,1,1,1,0,1,1,1,1,1,1,1,1,1,1,1,1,1,0,0,0,1,0,1,1,1,1,0,0,1,1,1,1,1,1,1,1,0,0,0,1,1,1,1,1,1,1,1,1,1,1,1,1,1,1,1,1,1,1,1,1,1,1,1,1,1,0,1,1,2,1,2,1,1,0,1,1,1,0,0,2,1,1,1,1,1,1,1,1,1,1,1,0,1,1,1,0,0,0,0,0,0,1,1,1,1,1,1,0,1,2,1,1,1,1,1,1,1,0,0,1,0,0,0,0,1,1,1,0,0,0
Vomb_ursi,1,1,1,1,1,1,1,1,1,1,1,1,1,1,1,1,1,1,1,1,1,1,1,1,1,1,2,4,1,1,1,1,1,1,1,1,1,1,1,1,1,2,1,3,2,3,2,2,2,2,3,3,1,1,1,1,2,2,1,0,2,1,1,1,1,1,1,1,1,2,1,1,1,1,1,1,1,1,1,1,1,1,1,1,1,1,1,1,1,1,1,0,1,1,1,1,1,1,1,1,1,1,1,2,2,2,3,2,2,2,2,3,3,3,0,0,0,0,0,0,0,0,1,2,1,1,1,1,2,1,1,3,2,1,1,2,1,2,2,1,1,1,1,1,1,2,1,1,1,1,2,1,3,1,1,1,1,2,2,2,1,1,2,1,3,1,2,2,1,1,1,1,1,1,1,1,2,0,1,1,1,3,1,1,1,1,1,1,1,1,1,1,1,1,1,2,1,1,1,1,2,1,1,1,0,0,0,1,1,0,1,1,1,1,1,1
Vulp_vulp,1,0,1,1,1,1,1,1,1,1,1,1,1,1,1,1,1,1,1,1,1,1,1,1,1,1,1,5,1,1,1,1,1,1,0,1,1,1,1,1,1,2,2,2,2,3,2,2,2,3,2,3,3,3,3,3,1,1,2,0,1,1,1,2,2,2,2,1,1,1,1,1,2,2,2,2,1,1,2,1,1,1,1,1,1,1,1,1,1,1,1,1,1,1,1,1,1,1,1,1,1,1,1,2,2,2,2,3,2,2,2,2,2,3,1,1,1,1,1,1,1,1,1,2,3,2,1,2,1,1,2,1,1,1,1,1,1,1,1,1,1,1,1,1,1,1,1,1,1,2,2,2,1,2,1,1,2,2,2,2,1,2,1,1,3,1,1,2,1,1,1,1,1,1,1,3,2,2,3,1,2,3,1,1,1,1,1,1,1,1,1,1,1,1,1,1,1,1,1,1,1,1,1,1,1,1,2,1,1,1,1,1,1,1,1,1
Wino_sedi,0,0,0,0,0,0,0,0,0,0,0,0,0,0,0,0,0,0,0,0,0,0,0,0,0,0,0,0,0,0,0,0,0,0,0,0,0,0,0,0,0,0,0,0,0,0,0,0,0,0,0,0,0,0,0,0,0,0,0,0,0,0,0,0,0,0,0,0,0,0,0,0,0,0,0,0,0,0,0,0,0,0,0,0,0,0,0,0,0,0,0,0,0,0,0,0,0,0,0,0,0,0,0,0,0,0,0,0,0,0,0,0,0,0,0,0,0,0,0,0,0,0,0,0,0,0,0,0,0,0,0,0,0,0,0,0,0,0,0,0,0,0,0,0,0,0,0,0,0,0,0,0,0,0,0,0,0,0,0,0,0,0,0,0,0,0,0,0,0,0,0,0,0,0,0,0,0,0,0,0,0,0,0,0,0,0,0,0,0,0,0,0,0,0,0,0,0,0,0,0,0,0,0,0,0,0,0,0,0,0,0,0,0,1,0,0
Wuch_banc,0,0,0,0,0,0,0,0,0,0,0,0,0,0,0,0,0,0,0,0,0,0,0,0,0,0,0,0,0,0,0,0,0,0,0,0,0,0,0,1,0,0,0,0,0,0,0,0,0,0,0,0,0,0,0,0,0,0,0,0,0,0,0,0,0,0,0,0,0,0,0,0,0,0,0,0,0,0,0,0,0,0,0,0,0,0,0,0,0,0,0,0,0,0,0,0,0,0,0,0,0,0,0,0,0,0,0,0,0,0,0,0,0,0,0,0,0,0,0,0,0,0,0,0,0,0,0,0,0,0,0,0,0,0,0,0,0,0,0,0,0,0,0,0,0,0,0,0,0,0,0,0,0,0,0,0,0,0,0,0,0,0,0,0,0,0,0,0,0,0,0,0,0,0,0,0,0,0,0,0,0,0,0,0,0,0,0,0,0,0,0,0,0,0,0,0,0,0,0,0,0,0,0,0,0,0,0,0,0,0,0,0,0,0,0,0
XPyt_bras,0,0,0,0,0,0,0,0,0,0,0,0,0,0,0,0,0,0,0,0,0,0,0,0,0,0,0,0,0,0,0,0,0,0,0,0,0,0,0,0,0,0,0,0,0,0,0,0,0,0,0,0,0,0,0,0,0,0,0,0,0,0,0,0,0,0,0,0,0,0,0,0,0,0,0,0,0,0,0,0,0,0,0,0,0,0,0,0,0,0,0,0,0,0,0,0,0,0,0,0,0,0,0,0,0,0,0,0,0,0,0,0,0,0,0,0,0,0,0,0,0,0,0,0,0,0,0,0,0,0,0,0,0,0,0,0,0,0,0,0,0,0,0,0,0,0,0,0,0,0,0,0,0,0,0,0,0,0,0,0,0,0,0,0,0,0,0,0,0,0,0,0,0,0,0,0,0,0,0,0,0,0,0,0,0,0,0,0,0,0,0,0,0,0,0,0,0,0,0,0,0,0,0,0,0,0,0,0,0,0,0,0,0,0,1,0
Xeno_laev,1,1,1,2,2,1,2,2,2,2,1,1,1,2,2,2,2,2,1,2,2,0,2,2,2,2,3,6,0,2,2,0,2,1,0,2,4,2,1,1,1,2,2,3,5,0,2,2,2,3,4,2,0,1,2,0,4,2,2,0,6,2,3,0,0,2,2,4,4,0,4,4,0,0,2,2,2,2,4,0,1,0,0,2,2,2,2,2,2,2,2,1,1,1,1,2,2,2,1,1,2,1,1,2,2,5,0,2,2,2,3,2,4,2,2,2,2,2,2,2,2,2,0,0,2,4,2,2,4,2,2,2,0,2,2,3,4,2,0,2,1,2,2,2,2,4,2,2,2,1,2,1,1,1,1,2,1,1,2,2,1,2,2,2,5,3,2,2,0,2,2,2,2,2,1,0,1,0,0,3,3,5,1,1,1,1,1,0,1,1,0,1,1,1,0,0,0,9,2,2,2,2,2,3,2,4,2,3,3,3,2,2,2,1,1,1
Xeno_trop,1,1,1,1,1,0,1,1,1,1,1,1,1,5,1,1,3,1,0,1,1,1,7,1,1,1,1,3,0,1,1,0,1,1,0,1,2,1,1,1,1,1,1,1,2,0,1,1,1,1,2,1,0,1,2,0,2,1,1,0,3,1,1,0,0,1,1,2,2,2,2,2,0,0,1,1,1,1,1,0,0,0,0,1,1,1,1,1,1,0,1,1,1,1,1,1,1,1,1,1,1,1,1,1,1,2,0,1,1,1,1,1,2,1,1,1,1,1,1,1,1,1,0,1,0,3,1,1,2,1,1,1,0,1,1,1,2,1,0,2,3,2,0,2,2,4,2,2,2,1,1,2,2,1,1,2,1,1,2,1,1,1,1,1,5,3,1,1,0,2,2,1,1,1,1,0,1,0,0,1,1,2,0,0,0,0,0,1,0,1,0,1,1,1,0,0,0,1,1,1,1,1,1,1,1,0,1,1,1,1,1,1,1,1,1,1
Xiph_eleg,1,0,1,1,0,1,1,1,1,1,0,0,0,1,1,1,1,1,1,1,1,1,1,1,1,1,0,0,1,1,1,1,1,0,0,1,1,1,0,0,0,0,0,1,0,0,1,0,0,0,0,1,1,0,0,1,1,0,1,0,0,1,0,1,1,0,0,1,0,0,2,1,1,1,0,0,1,1,0,0,1,1,1,1,1,1,1,1,1,0,1,1,1,1,1,1,1,1,1,1,1,1,1,0,0,0,1,1,1,1,1,1,0,0,1,1,1,1,1,1,1,1,0,0,0,1,0,0,0,0,0,0,0,0,0,0,0,0,0,0,1,1,1,0,0,1,1,1,1,1,1,1,1,1,1,1,1,1,1,0,1,0,1,0,0,2,1,0,1,1,1,0,0,1,0,1,1,0,1,1,1,0,1,1,0,1,1,1,1,1,1,1,1,0,1,1,1,1,1,1,0,1,1,1,1,1,0,1,1,1,0,1,1,0,0,0
Xiph_macu,1,0,1,1,1,1,1,1,1,1,1,0,1,1,1,0,2,1,0,1,0,1,1,1,1,2,3,3,0,0,1,0,0,1,0,0,0,0,1,1,1,3,2,1,3,0,1,1,1,1,2,2,0,0,1,1,2,2,1,0,2,1,1,0,1,2,2,1,2,0,1,0,0,1,2,2,2,1,3,0,1,1,0,0,1,1,1,0,0,2,0,1,0,0,1,1,1,1,1,1,0,1,1,3,2,3,0,1,1,0,0,1,2,1,0,0,1,1,0,0,0,1,0,1,1,1,2,1,2,1,1,0,0,1,1,0,0,0,1,0,0,1,0,1,0,0,0,0,0,0,0,1,2,0,0,2,1,0,0,2,0,1,1,1,2,0,0,1,0,1,0,0,0,1,0,0,0,0,0,0,0,0,1,1,1,1,1,0,1,0,1,1,1,1,0,2,0,1,0,0,0,1,1,1,1,0,1,1,1,2,1,1,0,0,0,0
Zapo_atra,1,0,1,0,1,1,1,1,1,1,1,1,1,1,1,1,0,1,1,1,1,1,1,1,1,1,0,0,0,0,0,0,0,1,0,0,0,0,1,0,1,0,0,0,0,1,0,1,1,0,1,0,1,1,0,1,0,0,0,0,0,0,0,1,1,0,0,0,2,1,0,0,1,1,0,0,1,1,0,0,1,1,2,1,1,1,1,1,1,1,1,1,1,1,1,1,1,1,1,1,1,1,1,0,0,0,1,0,1,1,0,1,1,0,1,1,1,1,1,1,1,1,0,1,1,0,0,0,0,0,0,1,2,1,0,1,1,1,1,1,1,1,1,1,1,1,1,1,1,1,1,1,1,1,1,1,1,1,1,1,1,0,1,0,0,0,1,0,1,1,1,1,1,1,1,1,1,0,1,1,1,2,1,1,1,1,1,1,1,1,1,1,1,0,1,2,1,1,0,0,0,0,0,1,1,1,1,1,1,1,0,1,1,1,1,1
Zing_offi,0,0,0,0,0,0,0,0,0,0,0,0,0,0,0,0,0,0,0,0,0,0,0,0,0,0,0,0,0,0,0,0,0,0,0,0,0,0,0,0,0,0,0,0,0,0,0,0,0,0,0,0,0,0,0,0,0,0,0,0,0,0,0,0,0,0,0,0,0,0,0,0,0,0,0,0,0,0,0,0,0,0,0,0,0,0,0,0,0,0,0,0,0,0,0,0,2,0,0,0,4,0,0,0,0,0,0,0,0,0,0,0,0,0,0,0,0,0,0,0,0,0,0,0,0,0,0,0,0,0,0,0,0,0,0,0,0,0,0,0,0,0,0,0,0,0,0,0,0,0,0,0,0,0,0,0,0,0,0,0,0,0,0,0,0,0,0,0,0,0,0,0,0,0,0,0,0,0,0,0,0,0,0,0,0,0,0,0,0,0,0,0,0,0,0,0,0,0,0,0,0,0,0,0,0,0,0,0,0,0,0,0,0,0,0,0
Ziza_palu,0,0,0,0,0,0,0,0,0,0,0,0,0,0,0,0,0,0,0,0,0,0,0,0,0,0,0,0,0,0,0,0,0,0,0,0,0,0,0,0,0,0,0,0,0,0,0,0,0,0,0,0,0,0,0,0,0,0,0,0,0,0,0,0,0,0,0,0,0,0,0,0,0,0,0,0,0,0,0,0,0,0,0,0,0,0,0,0,0,0,0,0,0,0,0,1,1,1,0,0,1,0,0,0,0,0,0,0,0,0,0,0,0,0,0,0,0,0,0,0,0,0,0,0,0,0,0,0,0,0,0,0,0,0,0,0,0,0,0,0,0,0,0,0,0,0,0,0,0,0,0,0,0,0,0,0,0,0,0,0,0,0,0,0,0,0,0,0,0,0,0,0,0,0,0,0,0,0,0,0,0,0,0,0,0,0,0,0,0,0,0,0,0,0,0,0,0,0,0,0,0,0,0,0,0,0,0,0,0,0,0,0,0,0,0,0
Zono_albi,1,0,1,1,0,1,1,1,1,1,1,1,1,1,1,1,1,1,1,1,1,1,1,1,1,0,0,0,1,1,1,1,1,1,0,1,1,1,1,1,1,0,0,1,0,0,1,0,0,0,0,1,1,2,0,1,0,1,1,0,1,0,1,1,1,1,1,1,0,1,1,0,1,1,1,1,1,1,1,0,1,1,1,1,1,1,1,1,1,1,1,1,1,1,1,1,1,1,1,1,1,1,1,0,0,0,0,0,1,0,0,1,0,0,1,1,1,1,1,1,1,1,0,0,1,1,1,1,1,1,1,1,1,1,1,1,1,1,1,1,1,1,1,1,1,1,1,1,1,1,2,1,2,3,2,3,2,2,2,1,1,1,2,2,3,2,1,2,1,1,1,0,1,1,0,1,2,0,1,0,1,3,0,0,1,0,1,1,1,1,1,1,1,0,1,2,2,1,1,1,1,1,1,1,1,1,0,1,2,0,2,1,2,1,1,1
Zoot_neva,0,0,0,0,0,0,0,0,0,0,0,0,0,0,0,0,0,0,0,0,0,0,0,0,0,0,0,0,0,0,0,0,0,0,0,0,0,0,0,1,0,0,0,0,1,0,0,1,0,1,0,1,0,0,0,0,0,0,0,0,0,0,0,0,0,0,0,0,0,0,0,0,0,0,0,0,0,0,0,0,0,0,0,0,0,0,0,0,0,0,0,0,0,0,0,0,0,0,0,0,0,0,0,0,0,0,0,0,1,0,1,0,0,1,0,0,0,0,0,0,0,0,0,0,0,0,0,0,0,0,0,0,0,0,0,0,0,0,0,0,0,0,0,0,0,0,0,0,0,0,0,0,0,0,0,0,0,0,0,0,0,0,0,0,0,0,0,0,0,0,0,0,0,0,0,0,0,0,0,0,0,0,0,1,0,0,1,0,0,0,0,1,1,0,0,0,0,0,0,0,0,0,0,0,0,0,0,0,0,0,0,0,0,0,0,0
Zost_hypo,1,0,1,1,1,1,1,1,1,1,1,1,1,1,1,1,0,1,1,1,1,1,1,1,1,2,1,0,1,1,1,1,1,0,0,1,1,1,1,0,1,0,0,1,0,0,1,0,1,1,0,0,1,0,0,1,0,0,0,0,0,1,0,1,1,0,0,2,1,2,2,1,1,1,0,0,1,1,0,0,1,1,1,1,1,1,1,1,1,0,1,1,1,1,1,1,1,1,1,1,1,1,1,0,0,0,1,0,0,1,1,1,0,0,1,1,1,1,1,1,1,1,0,1,1,0,0,0,0,0,0,1,2,1,1,1,1,2,1,1,1,1,1,1,1,1,1,1,1,1,1,0,1,1,2,1,1,1,1,0,0,0,0,1,0,0,0,1,1,1,1,1,1,1,1,1,1,0,1,1,1,0,0,0,0,0,0,1,1,1,1,1,1,0,1,2,1,1,1,1,0,1,1,1,1,1,0,1,1,1,0,1,1,1,1,1
Zost_late,0,0,0,1,1,1,1,1,1,1,1,1,1,1,1,1,0,1,1,1,1,1,1,1,1,0,0,0,1,1,0,1,1,1,0,1,1,1,0,0,0,0,0,1,0,0,1,0,1,0,0,0,1,0,0,1,0,1,1,0,0,0,1,1,1,1,1,1,0,1,1,0,1,1,1,1,1,1,0,0,1,1,1,1,1,1,1,1,1,1,1,1,1,1,1,1,1,1,1,1,1,1,1,0,0,0,1,1,0,1,0,1,0,0,1,1,1,1,1,1,1,1,0,0,2,1,1,1,0,1,1,1,1,1,1,1,1,1,1,1,1,0,1,1,1,1,0,0,0,1,0,0,2,2,1,4,1,2,2,1,1,1,1,1,1,1,1,1,1,1,1,1,0,0,0,1,0,0,1,1,1,1,0,1,0,0,0,1,1,1,1,1,1,0,1,2,1,1,1,1,0,1,1,1,1,2,0,1,1,1,1,1,1,1,1,1
